#
# There is insufficient memory for the Java Runtime Environment to continue.
# Native memory allocation (malloc) failed to allocate 1903696 bytes. Error detail: Chunk::new
# Possible reasons:
#   The system is out of physical RAM or swap space
#   This process is running with CompressedOops enabled, and the Java Heap may be blocking the growth of the native heap
# Possible solutions:
#   Reduce memory load on the system
#   Increase physical memory or swap space
#   Check if swap backing store is full
#   Decrease Java heap size (-Xmx/-Xms)
#   Decrease number of Java threads
#   Decrease Java thread stack sizes (-Xss)
#   Set larger code cache with -XX:ReservedCodeCacheSize=
#   JVM is running with Zero Based Compressed Oops mode in which the Java heap is
#     placed in the first 32GB address space. The Java Heap base address is the
#     maximum limit for the native heap growth. Please use -XX:HeapBaseMinAddress
#     to set the Java Heap base and to place the Java Heap above 32GB virtual address.
# This output file may be truncated or incomplete.
#
#  Out of Memory Error (arena.cpp:168), pid=43128, tid=55072
#
# JRE version: OpenJDK Runtime Environment (21.0.9) (build 21.0.9+-14787801-b1163.94)
# Java VM: OpenJDK 64-Bit Server VM (21.0.9+-14787801-b1163.94, mixed mode, tiered, compressed oops, compressed class ptrs, g1 gc, windows-amd64)
# No core dump will be written. Minidumps are not enabled by default on client versions of Windows
#

---------------  S U M M A R Y ------------

Command Line: --add-opens=java.base/java.lang=ALL-UNNAMED --add-opens=java.base/java.lang.invoke=ALL-UNNAMED --add-opens=java.base/java.util=ALL-UNNAMED --add-opens=java.prefs/java.util.prefs=ALL-UNNAMED --add-exports=jdk.compiler/com.sun.tools.javac.api=ALL-UNNAMED --add-exports=jdk.compiler/com.sun.tools.javac.util=ALL-UNNAMED --add-opens=java.base/java.util=ALL-UNNAMED --add-opens=java.prefs/java.util.prefs=ALL-UNNAMED --add-opens=java.base/java.nio.charset=ALL-UNNAMED --add-opens=java.base/java.net=ALL-UNNAMED --add-opens=java.base/java.util.concurrent=ALL-UNNAMED --add-opens=java.base/java.util.concurrent.atomic=ALL-UNNAMED --add-opens=java.xml/javax.xml.namespace=ALL-UNNAMED --add-opens=java.base/java.time=ALL-UNNAMED -Xmx4g -Dfile.encoding=UTF-8 -Duser.country=CN -Duser.language=zh -Duser.variant -javaagent:C:\Users\xpfasd\.gradle\wrapper\dists\gradle-9.4.0-bin\lcvyxq3t37f6mx9miaydrrgs\gradle-9.4.0\lib\agents\gradle-instrumentation-agent-9.4.0.jar org.gradle.launcher.daemon.bootstrap.GradleDaemon 9.4.0

Host: AMD Ryzen 7 7840H with Radeon 780M Graphics    , 16 cores, 27G,  Windows 11 , 64 bit Build 26100 (10.0.26100.7920)
Time: Sun Mar 22 21:32:59 2026 elapsed time: 12662.729819 seconds (0d 3h 31m 2s)

---------------  T H R E A D  ---------------

Current thread (0x000001ae2b124b00):  JavaThread "C2 CompilerThread3" daemon [_thread_in_native, id=55072, stack(0x00000064b1e00000,0x00000064b1f00000) (1024K)]


Current CompileTask:
C2:12662730 1236749       4       jdk.nio.zipfs.ZipFileSystem::initializeReleaseVersion (187 bytes)

Stack: [0x00000064b1e00000,0x00000064b1f00000]
Native frames: (J=compiled Java code, j=interpreted, Vv=VM code, C=native code)
V  [jvm.dll+0x6d6c99]
V  [jvm.dll+0x866b83]
V  [jvm.dll+0x8691ae]
V  [jvm.dll+0x869893]
V  [jvm.dll+0x280776]
V  [jvm.dll+0xc07cd]
V  [jvm.dll+0xc0d03]
V  [jvm.dll+0x3b9831]
V  [jvm.dll+0x3856a7]
V  [jvm.dll+0x384b1a]
V  [jvm.dll+0x249462]
V  [jvm.dll+0x248a31]
V  [jvm.dll+0x1c7344]
V  [jvm.dll+0x2581ae]
V  [jvm.dll+0x2566f6]
V  [jvm.dll+0x3f48a6]
V  [jvm.dll+0x80f118]
V  [jvm.dll+0x6d54ed]
C  [ucrtbase.dll+0x37b0]
C  [KERNEL32.DLL+0x2e8d7]
C  [ntdll.dll+0x8c48c]


---------------  P R O C E S S  ---------------

Threads class SMR info:
_java_thread_list=0x000001ae1672a130, length=117, elements={
0x000001ae6196a200, 0x000001ae7ea515d0, 0x000001ae7ea55c60, 0x000001ae7ea574b0,
0x000001ae7ea829a0, 0x000001ae7ea94710, 0x000001ae7ea99cf0, 0x000001ae7ea9b2c0,
0x000001ae7ea9e410, 0x000001ae7eaacbe0, 0x000001ae7ee21ae0, 0x000001ae06683cc0,
0x000001ae06748d40, 0x000001ae067a30c0, 0x000001ae067a1030, 0x000001ae0679ef60,
0x000001ae0679fc80, 0x000001ae08c2a3e0, 0x000001ae08c2b100, 0x000001ae08c2b790,
0x000001ae08c2d860, 0x000001ae08c2d1d0, 0x000001ae08c2def0, 0x000001ae08872b80,
0x000001ae088738a0, 0x000001ae088752e0, 0x000001ae08876690, 0x000001ae08873210,
0x000001ae070194d0, 0x000001ae08cf64a0, 0x000001ae08cf36b0, 0x000001ae09b55450,
0x000001ae115bbe40, 0x000001ae115bc4d0, 0x000001ae1431cbb0, 0x000001ae1431aae0,
0x000001ae060500b0, 0x000001ae16131d70, 0x000001ae11ffd890, 0x000001ae2c0d27d0,
0x000001ae0aae1850, 0x000001ae07b9a1e0, 0x000001ae07b98110, 0x000001ae07b9bc20,
0x000001ae2c2150e0, 0x000001ae2c211c60, 0x000001ae2c2122f0, 0x000001ae14bd9bf0,
0x000001ae14bdb630, 0x000001ae14bdbcc0, 0x000001ae14bdc350, 0x000001ae29d9dd30,
0x000001ae2c213010, 0x000001ae2890bb00, 0x000001ae2890dbd0, 0x000001ae2890ceb0,
0x000001ae2890d540, 0x000001ae2890c190, 0x000001ae1e64c550, 0x000001ae1e64bec0,
0x000001ae1e64b830, 0x000001ae1e64ecb0, 0x000001ae1e64cbe0, 0x000001ae126d23d0,
0x000001ae126d4b30, 0x000001ae126d6570, 0x000001ae126d5ee0, 0x000001ae126d51c0,
0x000001ae126d3e10, 0x000001ae126d9360, 0x000001ae126d8640, 0x000001ae126d6c00,
0x000001ae126da710, 0x000001ae0ba62db0, 0x000001ae29d9f0e0, 0x000001ae1403f3e0,
0x000001ae1403d310, 0x000001ae1403e6c0, 0x000001ae1403fa70, 0x000001ae1403ed50,
0x000001ae14040100, 0x000001ae1403cc80, 0x000001ae05d3ed40, 0x000001ae05d3e6b0,
0x000001ae05d3fa60, 0x000001ae05d3cc70, 0x000001ae05d40780, 0x000001ae05d3d300,
0x000001ae05d3e020, 0x000001ae05d40e10, 0x000001ae05d3d990, 0x000001ae3125ca80,
0x000001ae27b03350, 0x000001ae0c09f380, 0x000001ae0c09c590, 0x000001ae0c09fa10,
0x000001ae0c09cc20, 0x000001ae0c0a0dc0, 0x000001ae0c09e660, 0x000001ae0c0a0730,
0x000001ae0c0a00a0, 0x000001ae07b9af00, 0x000001ae339d4430, 0x000001ae339d5150,
0x000001ae339d78b0, 0x000001ae0c0a1450, 0x000001ae0c09dfd0, 0x000001ae07b99b50,
0x000001ae07b987a0, 0x000001ae07b9d660, 0x000001ae339d6b90, 0x000001ae0604b270,
0x000001ae06047df0, 0x000001ae33982c10, 0x000001ae321f7700, 0x000001ae2b125f70,
0x000001ae2b124b00
}

Java Threads: ( => current thread )
  0x000001ae6196a200 JavaThread "main"                              [_thread_blocked, id=10440, stack(0x00000064af400000,0x00000064af500000) (1024K)]
  0x000001ae7ea515d0 JavaThread "Common-Cleaner"             daemon [_thread_blocked, id=40728, stack(0x00000064afc00000,0x00000064afd00000) (1024K)]
  0x000001ae7ea55c60 JavaThread "Reference Handler"          daemon [_thread_blocked, id=36960, stack(0x00000064afd00000,0x00000064afe00000) (1024K)]
  0x000001ae7ea574b0 JavaThread "Finalizer"                  daemon [_thread_blocked, id=30680, stack(0x00000064afe00000,0x00000064aff00000) (1024K)]
  0x000001ae7ea829a0 JavaThread "Signal Dispatcher"          daemon [_thread_blocked, id=20320, stack(0x00000064aff00000,0x00000064b0000000) (1024K)]
  0x000001ae7ea94710 JavaThread "Attach Listener"            daemon [_thread_blocked, id=6836, stack(0x00000064b0000000,0x00000064b0100000) (1024K)]
  0x000001ae7ea99cf0 JavaThread "Service Thread"             daemon [_thread_blocked, id=36556, stack(0x00000064b0100000,0x00000064b0200000) (1024K)]
  0x000001ae7ea9b2c0 JavaThread "Monitor Deflation Thread"   daemon [_thread_blocked, id=22672, stack(0x00000064b0200000,0x00000064b0300000) (1024K)]
  0x000001ae7ea9e410 JavaThread "C2 CompilerThread0"         daemon [_thread_blocked, id=36536, stack(0x00000064b0300000,0x00000064b0400000) (1024K)]
  0x000001ae7eaacbe0 JavaThread "C1 CompilerThread0"         daemon [_thread_blocked, id=42452, stack(0x00000064b0400000,0x00000064b0500000) (1024K)]
  0x000001ae7ee21ae0 JavaThread "Notification Thread"        daemon [_thread_blocked, id=48124, stack(0x00000064b0600000,0x00000064b0700000) (1024K)]
  0x000001ae06683cc0 JavaThread "Daemon health stats"               [_thread_blocked, id=35468, stack(0x00000064b0900000,0x00000064b0a00000) (1024K)]
  0x000001ae06748d40 JavaThread "Incoming local TCP Connector on port 3217"        [_thread_in_native, id=49572, stack(0x00000064b0a00000,0x00000064b0b00000) (1024K)]
  0x000001ae067a30c0 JavaThread "Daemon periodic checks"            [_thread_blocked, id=23524, stack(0x00000064b1600000,0x00000064b1700000) (1024K)]
  0x000001ae067a1030 JavaThread "Cache worker for journal cache (C:\Users\xpfasd\.gradle\caches\journal-1)"        [_thread_blocked, id=1644, stack(0x00000064b2300000,0x00000064b2400000) (1024K)]
  0x000001ae0679ef60 JavaThread "File lock request listener"        [_thread_in_native, id=40180, stack(0x00000064b2400000,0x00000064b2500000) (1024K)]
  0x000001ae0679fc80 JavaThread "Cache worker for file hash cache (C:\Users\xpfasd\.gradle\caches\9.4.0\fileHashes)"        [_thread_blocked, id=50080, stack(0x00000064b2500000,0x00000064b2600000) (1024K)]
  0x000001ae08c2a3e0 JavaThread "File watcher server"        daemon [_thread_in_native, id=31868, stack(0x00000064b2a00000,0x00000064b2b00000) (1024K)]
  0x000001ae08c2b100 JavaThread "File watcher consumer"      daemon [_thread_blocked, id=35392, stack(0x00000064b2b00000,0x00000064b2c00000) (1024K)]
  0x000001ae08c2b790 JavaThread "Cache worker for file content cache (C:\Users\xpfasd\.gradle\caches\9.4.0\fileContent)"        [_thread_blocked, id=43012, stack(0x00000064b2c00000,0x00000064b2d00000) (1024K)]
  0x000001ae08c2d860 JavaThread "jar transforms"                    [_thread_blocked, id=42544, stack(0x00000064b3000000,0x00000064b3100000) (1024K)]
  0x000001ae08c2d1d0 JavaThread "jar transforms Thread 2"           [_thread_blocked, id=25300, stack(0x00000064b3100000,0x00000064b3200000) (1024K)]
  0x000001ae08c2def0 JavaThread "jar transforms Thread 3"           [_thread_blocked, id=4528, stack(0x00000064b3200000,0x00000064b3300000) (1024K)]
  0x000001ae08872b80 JavaThread "jar transforms Thread 4"           [_thread_blocked, id=42628, stack(0x00000064b4300000,0x00000064b4400000) (1024K)]
  0x000001ae088738a0 JavaThread "jar transforms Thread 5"           [_thread_blocked, id=48992, stack(0x00000064b4400000,0x00000064b4500000) (1024K)]
  0x000001ae088752e0 JavaThread "jar transforms Thread 6"           [_thread_blocked, id=47188, stack(0x00000064b4500000,0x00000064b4600000) (1024K)]
  0x000001ae08876690 JavaThread "jar transforms Thread 7"           [_thread_blocked, id=47820, stack(0x00000064b4600000,0x00000064b4700000) (1024K)]
  0x000001ae08873210 JavaThread "jar transforms Thread 8"           [_thread_blocked, id=33740, stack(0x00000064b4700000,0x00000064b4800000) (1024K)]
  0x000001ae070194d0 JavaThread "Memory manager"                    [_thread_blocked, id=11648, stack(0x00000064b4900000,0x00000064b4a00000) (1024K)]
  0x000001ae08cf64a0 JavaThread "jar transforms Thread 9"           [_thread_blocked, id=36540, stack(0x00000064b4e00000,0x00000064b4f00000) (1024K)]
  0x000001ae08cf36b0 JavaThread "jar transforms Thread 10"          [_thread_blocked, id=7688, stack(0x00000064b4f00000,0x00000064b5000000) (1024K)]
  0x000001ae09b55450 JavaThread "Cache worker for Java compile cache (C:\Users\xpfasd\.gradle\caches\9.4.0\javaCompile)"        [_thread_blocked, id=18512, stack(0x00000064b7100000,0x00000064b7200000) (1024K)]
  0x000001ae115bbe40 JavaThread "Periodic tasks thread"      daemon [_thread_blocked, id=26700, stack(0x00000064b5300000,0x00000064b5400000) (1024K)]
  0x000001ae115bc4d0 JavaThread "ApplicationImpl pooled thread 1" daemon [_thread_blocked, id=34880, stack(0x00000064b5400000,0x00000064b5500000) (1024K)]
  0x000001ae1431cbb0 JavaThread "Java2D Disposer"            daemon [_thread_blocked, id=38668, stack(0x00000064b7200000,0x00000064b7300000) (1024K)]
  0x000001ae1431aae0 JavaThread "AWT-Windows"                daemon [_thread_in_native, id=10652, stack(0x00000064b7800000,0x00000064b7900000) (1024K)]
  0x000001ae060500b0 JavaThread "RMI Scheduler(0)"           daemon [_thread_blocked, id=49632, stack(0x00000064b7b00000,0x00000064b7c00000) (1024K)]
  0x000001ae16131d70 JavaThread "RMI TCP Accept-0"           daemon [_thread_in_native, id=47352, stack(0x00000064b5100000,0x00000064b5200000) (1024K)]
  0x000001ae11ffd890 JavaThread "jar transforms Thread 11"          [_thread_blocked, id=30488, stack(0x00000064b3f00000,0x00000064b4000000) (1024K)]
  0x000001ae2c0d27d0 JavaThread "jar transforms Thread 12"          [_thread_blocked, id=39188, stack(0x00000064b4d00000,0x00000064b4e00000) (1024K)]
  0x000001ae0aae1850 JavaThread "Daemon Thread 11"                  [_thread_blocked, id=32752, stack(0x00000064af100000,0x00000064af200000) (1024K)]
  0x000001ae07b9a1e0 JavaThread "Handler for socket connection from /127.0.0.1:3217 to /127.0.0.1:12854"        [_thread_in_native, id=55196, stack(0x00000064af200000,0x00000064af300000) (1024K)]
  0x000001ae07b98110 JavaThread "Cancel handler"                    [_thread_blocked, id=48232, stack(0x00000064af300000,0x00000064af400000) (1024K)]
  0x000001ae07b9bc20 JavaThread "Daemon worker Thread 11"           [_thread_blocked, id=35876, stack(0x00000064b0500000,0x00000064b0600000) (1024K)]
  0x000001ae2c2150e0 JavaThread "Asynchronous log dispatcher for DefaultDaemonConnection: socket connection from /127.0.0.1:3217 to /127.0.0.1:12854"        [_thread_blocked, id=17848, stack(0x00000064b0700000,0x00000064b0800000) (1024K)]
  0x000001ae2c211c60 JavaThread "Stdin handler"                     [_thread_blocked, id=55136, stack(0x00000064b0800000,0x00000064b0900000) (1024K)]
  0x000001ae2c2122f0 JavaThread "Daemon client event forwarder"        [_thread_blocked, id=50384, stack(0x00000064b0b00000,0x00000064b0c00000) (1024K)]
  0x000001ae14bd9bf0 JavaThread "Cache worker for file hash cache (D:\Users\xpfasd\Documents\GitHub\downloader-laucher\downloader-laucher\Neo-Launcher-main\Neo-Launcher-main\.gradle\9.4.0\fileHashes)"        [_thread_blocked, id=55120, stack(0x00000064b2800000,0x00000064b2900000) (1024K)]
  0x000001ae14bdb630 JavaThread "Cache worker for Build Output Cleanup Cache (D:\Users\xpfasd\Documents\GitHub\downloader-laucher\downloader-laucher\Neo-Launcher-main\Neo-Launcher-main\.gradle\buildOutputCleanup)"        [_thread_blocked, id=38528, stack(0x00000064b2900000,0x00000064b2a00000) (1024K)]
  0x000001ae14bdbcc0 JavaThread "Cache worker for checksums cache (D:\Users\xpfasd\Documents\GitHub\downloader-laucher\downloader-laucher\Neo-Launcher-main\Neo-Launcher-main\.gradle\9.4.0\checksums)"        [_thread_blocked, id=54756, stack(0x00000064b2d00000,0x00000064b2e00000) (1024K)]
  0x000001ae14bdc350 JavaThread "Cache worker for cache directory md-supplier (C:\Users\xpfasd\.gradle\caches\9.4.0\md-supplier)"        [_thread_blocked, id=46432, stack(0x00000064b2e00000,0x00000064b2f00000) (1024K)]
  0x000001ae29d9dd30 JavaThread "Cache worker for cache directory md-rule (C:\Users\xpfasd\.gradle\caches\9.4.0\md-rule)"        [_thread_blocked, id=55028, stack(0x00000064b2f00000,0x00000064b3000000) (1024K)]
  0x000001ae2c213010 JavaThread "Build operations"                  [_thread_blocked, id=27752, stack(0x00000064b3300000,0x00000064b3400000) (1024K)]
  0x000001ae2890bb00 JavaThread "Build operations Thread 2"         [_thread_blocked, id=54632, stack(0x00000064b3400000,0x00000064b3500000) (1024K)]
  0x000001ae2890dbd0 JavaThread "Build operations Thread 3"         [_thread_blocked, id=5388, stack(0x00000064b3500000,0x00000064b3600000) (1024K)]
  0x000001ae2890ceb0 JavaThread "Build operations Thread 4"         [_thread_blocked, id=8532, stack(0x00000064b3600000,0x00000064b3700000) (1024K)]
  0x000001ae2890d540 JavaThread "Build operations Thread 5"         [_thread_blocked, id=43552, stack(0x00000064b3700000,0x00000064b3800000) (1024K)]
  0x000001ae2890c190 JavaThread "Build operations Thread 6"         [_thread_blocked, id=52800, stack(0x00000064b3800000,0x00000064b3900000) (1024K)]
  0x000001ae1e64c550 JavaThread "Build operations Thread 7"         [_thread_blocked, id=54768, stack(0x00000064b3900000,0x00000064b3a00000) (1024K)]
  0x000001ae1e64bec0 JavaThread "Build operations Thread 8"         [_thread_blocked, id=55052, stack(0x00000064b3a00000,0x00000064b3b00000) (1024K)]
  0x000001ae1e64b830 JavaThread "Build operations Thread 9"         [_thread_blocked, id=54288, stack(0x00000064b3b00000,0x00000064b3c00000) (1024K)]
  0x000001ae1e64ecb0 JavaThread "Build operations Thread 10"        [_thread_blocked, id=55176, stack(0x00000064b3c00000,0x00000064b3d00000) (1024K)]
  0x000001ae1e64cbe0 JavaThread "jar transforms Thread 13"          [_thread_blocked, id=54556, stack(0x00000064b3d00000,0x00000064b3e00000) (1024K)]
  0x000001ae126d23d0 JavaThread "Build operations Thread 11"        [_thread_blocked, id=50552, stack(0x00000064b3e00000,0x00000064b3f00000) (1024K)]
  0x000001ae126d4b30 JavaThread "Build operations Thread 12"        [_thread_blocked, id=53996, stack(0x00000064b4000000,0x00000064b4100000) (1024K)]
  0x000001ae126d6570 JavaThread "Build operations Thread 13"        [_thread_blocked, id=48720, stack(0x00000064b4100000,0x00000064b4200000) (1024K)]
  0x000001ae126d5ee0 JavaThread "Build operations Thread 14"        [_thread_blocked, id=54540, stack(0x00000064b4200000,0x00000064b4300000) (1024K)]
  0x000001ae126d51c0 JavaThread "Build operations Thread 15"        [_thread_blocked, id=13212, stack(0x00000064b4800000,0x00000064b4900000) (1024K)]
  0x000001ae126d3e10 JavaThread "Build operations Thread 16"        [_thread_blocked, id=50456, stack(0x00000064b4a00000,0x00000064b4b00000) (1024K)]
  0x000001ae126d9360 JavaThread "jar transforms Thread 14"          [_thread_blocked, id=54532, stack(0x00000064b4b00000,0x00000064b4c00000) (1024K)]
  0x000001ae126d8640 JavaThread "build event listener"              [_thread_blocked, id=40704, stack(0x00000064b4c00000,0x00000064b4d00000) (1024K)]
  0x000001ae126d6c00 JavaThread "build event listener"              [_thread_blocked, id=44252, stack(0x00000064b5000000,0x00000064b5100000) (1024K)]
  0x000001ae126da710 JavaThread "build event listener"              [_thread_blocked, id=54648, stack(0x00000064b5200000,0x00000064b5300000) (1024K)]
  0x000001ae0ba62db0 JavaThread "Problems report writer"            [_thread_blocked, id=49580, stack(0x00000064b5700000,0x00000064b5800000) (1024K)]
  0x000001ae29d9f0e0 JavaThread "included builds"                   [_thread_blocked, id=53292, stack(0x00000064b6400000,0x00000064b6500000) (1024K)]
  0x000001ae1403f3e0 JavaThread "Execution worker"                  [_thread_blocked, id=37184, stack(0x00000064b6500000,0x00000064b6600000) (1024K)]
  0x000001ae1403d310 JavaThread "Execution worker Thread 2"         [_thread_blocked, id=54700, stack(0x00000064b6600000,0x00000064b6700000) (1024K)]
  0x000001ae1403e6c0 JavaThread "Execution worker Thread 3"         [_thread_blocked, id=49252, stack(0x00000064b6700000,0x00000064b6800000) (1024K)]
  0x000001ae1403fa70 JavaThread "Execution worker Thread 4"         [_thread_blocked, id=45552, stack(0x00000064b6800000,0x00000064b6900000) (1024K)]
  0x000001ae1403ed50 JavaThread "Execution worker Thread 5"         [_thread_blocked, id=11444, stack(0x00000064b6900000,0x00000064b6a00000) (1024K)]
  0x000001ae14040100 JavaThread "Execution worker Thread 6"         [_thread_blocked, id=54372, stack(0x00000064b6a00000,0x00000064b6b00000) (1024K)]
  0x000001ae1403cc80 JavaThread "Execution worker Thread 7"         [_thread_blocked, id=52848, stack(0x00000064b6b00000,0x00000064b6c00000) (1024K)]
  0x000001ae05d3ed40 JavaThread "Execution worker Thread 8"         [_thread_blocked, id=42972, stack(0x00000064b6c00000,0x00000064b6d00000) (1024K)]
  0x000001ae05d3e6b0 JavaThread "Execution worker Thread 9"         [_thread_blocked, id=14300, stack(0x00000064b6d00000,0x00000064b6e00000) (1024K)]
  0x000001ae05d3fa60 JavaThread "Execution worker Thread 10"        [_thread_in_native, id=47304, stack(0x00000064b6e00000,0x00000064b6f00000) (1024K)]
  0x000001ae05d3cc70 JavaThread "Execution worker Thread 11"        [_thread_blocked, id=29196, stack(0x00000064b6f00000,0x00000064b7000000) (1024K)]
  0x000001ae05d40780 JavaThread "Execution worker Thread 12"        [_thread_blocked, id=54936, stack(0x00000064b7000000,0x00000064b7100000) (1024K)]
  0x000001ae05d3d300 JavaThread "Execution worker Thread 13"        [_thread_blocked, id=49068, stack(0x00000064b7300000,0x00000064b7400000) (1024K)]
  0x000001ae05d3e020 JavaThread "Execution worker Thread 14"        [_thread_blocked, id=30844, stack(0x00000064b7400000,0x00000064b7500000) (1024K)]
  0x000001ae05d40e10 JavaThread "Execution worker Thread 15"        [_thread_blocked, id=40348, stack(0x00000064b7500000,0x00000064b7600000) (1024K)]
  0x000001ae05d3d990 JavaThread "Cache worker for execution history cache (D:\Users\xpfasd\Documents\GitHub\downloader-laucher\downloader-laucher\Neo-Launcher-main\Neo-Launcher-main\.gradle\9.4.0\executionHistory)"        [_thread_blocked, id=26804, stack(0x00000064b7600000,0x00000064b7700000) (1024K)]
  0x000001ae3125ca80 JavaThread "WorkerExecutor Queue"              [_thread_blocked, id=44880, stack(0x00000064b5800000,0x00000064b5900000) (1024K)]
  0x000001ae27b03350 JavaThread "WorkerExecutor Queue Thread 2"        [_thread_blocked, id=54528, stack(0x00000064b7700000,0x00000064b7800000) (1024K)]
  0x000001ae0c09f380 JavaThread "WorkerExecutor Queue Thread 3"        [_thread_blocked, id=54480, stack(0x00000064b7900000,0x00000064b7a00000) (1024K)]
  0x000001ae0c09c590 JavaThread "WorkerExecutor Queue Thread 4"        [_thread_blocked, id=46008, stack(0x00000064b7a00000,0x00000064b7b00000) (1024K)]
  0x000001ae0c09fa10 JavaThread "WorkerExecutor Queue Thread 5"        [_thread_blocked, id=47560, stack(0x00000064b7c00000,0x00000064b7d00000) (1024K)]
  0x000001ae0c09cc20 JavaThread "WorkerExecutor Queue Thread 6"        [_thread_blocked, id=55284, stack(0x00000064b7d00000,0x00000064b7e00000) (1024K)]
  0x000001ae0c0a0dc0 JavaThread "WorkerExecutor Queue Thread 7"        [_thread_blocked, id=55168, stack(0x00000064b7e00000,0x00000064b7f00000) (1024K)]
  0x000001ae0c09e660 JavaThread "WorkerExecutor Queue Thread 8"        [_thread_blocked, id=3664, stack(0x00000064b7f00000,0x00000064b8000000) (1024K)]
  0x000001ae0c0a0730 JavaThread "WorkerExecutor Queue Thread 10"        [_thread_blocked, id=50272, stack(0x00000064b8100000,0x00000064b8200000) (1024K)]
  0x000001ae0c0a00a0 JavaThread "WorkerExecutor Queue Thread 11"        [_thread_blocked, id=32112, stack(0x00000064b8200000,0x00000064b8300000) (1024K)]
  0x000001ae07b9af00 JavaThread "WorkerExecutor Queue Thread 12"        [_thread_blocked, id=37128, stack(0x00000064b8300000,0x00000064b8400000) (1024K)]
  0x000001ae339d4430 JavaThread "WorkerExecutor Queue Thread 13"        [_thread_blocked, id=22356, stack(0x00000064b8400000,0x00000064b8500000) (1024K)]
  0x000001ae339d5150 JavaThread "WorkerExecutor Queue Thread 14"        [_thread_blocked, id=50952, stack(0x00000064b8500000,0x00000064b8600000) (1024K)]
  0x000001ae339d78b0 JavaThread "WorkerExecutor Queue Thread 15"        [_thread_blocked, id=53472, stack(0x00000064b8600000,0x00000064b8700000) (1024K)]
  0x000001ae0c0a1450 JavaThread "WorkerExecutor Queue Thread 16"        [_thread_blocked, id=54472, stack(0x00000064b8700000,0x00000064b8800000) (1024K)]
  0x000001ae0c09dfd0 JavaThread "WorkerExecutor Queue Thread 17"        [_thread_blocked, id=52900, stack(0x00000064b8800000,0x00000064b8900000) (1024K)]
  0x000001ae07b99b50 JavaThread "pool-74-thread-1"                  [_thread_blocked, id=55260, stack(0x00000064b1f00000,0x00000064b2000000) (1024K)]
  0x000001ae07b987a0 JavaThread "stderr"                            [_thread_in_native, id=54928, stack(0x00000064b2000000,0x00000064b2100000) (1024K)]
  0x000001ae07b9d660 JavaThread "stdout"                            [_thread_in_native, id=44564, stack(0x00000064b5900000,0x00000064b5a00000) (1024K)]
  0x000001ae339d6b90 JavaThread "pool-75-thread-1"                  [_thread_blocked, id=55036, stack(0x00000064b1500000,0x00000064b1600000) (1024K)]
  0x000001ae0604b270 JavaThread "RMI GC Daemon"              daemon [_thread_blocked, id=51932, stack(0x00000064b5e00000,0x00000064b5f00000) (1024K)]
  0x000001ae06047df0 JavaThread "RMI Reaper"                        [_thread_blocked, id=50084, stack(0x00000064b5f00000,0x00000064b6000000) (1024K)]
  0x000001ae33982c10 JavaThread "RMI TCP Connection(129)-127.0.0.1" daemon [_thread_in_native, id=29144, stack(0x00000064b6100000,0x00000064b6200000) (1024K)]
  0x000001ae321f7700 JavaThread "C2 CompilerThread1"         daemon [_thread_blocked, id=35184, stack(0x00000064b1700000,0x00000064b1800000) (1024K)]
  0x000001ae2b125f70 JavaThread "C2 CompilerThread2"         daemon [_thread_in_native, id=11936, stack(0x00000064b1800000,0x00000064b1900000) (1024K)]
=>0x000001ae2b124b00 JavaThread "C2 CompilerThread3"         daemon [_thread_in_native, id=55072, stack(0x00000064b1e00000,0x00000064b1f00000) (1024K)]
Total: 117

Other Threads:
  0x000001ae7e9655b0 VMThread "VM Thread"                           [id=25792, stack(0x00000064afb00000,0x00000064afc00000) (1024K)]
  0x000001ae7e7dcc00 WatcherThread "VM Periodic Task Thread"        [id=24844, stack(0x00000064afa00000,0x00000064afb00000) (1024K)]
  0x000001ae63da8fd0 WorkerThread "GC Thread#0"                     [id=42552, stack(0x00000064af500000,0x00000064af600000) (1024K)]
  0x000001ae04a19ed0 WorkerThread "GC Thread#1"                     [id=37708, stack(0x00000064b0c00000,0x00000064b0d00000) (1024K)]
  0x000001ae04a1a270 WorkerThread "GC Thread#2"                     [id=30144, stack(0x00000064b0d00000,0x00000064b0e00000) (1024K)]
  0x000001ae045446f0 WorkerThread "GC Thread#3"                     [id=45856, stack(0x00000064b0e00000,0x00000064b0f00000) (1024K)]
  0x000001ae04544a90 WorkerThread "GC Thread#4"                     [id=43788, stack(0x00000064b0f00000,0x00000064b1000000) (1024K)]
  0x000001ae04544e30 WorkerThread "GC Thread#5"                     [id=23168, stack(0x00000064b1000000,0x00000064b1100000) (1024K)]
  0x000001ae04152270 WorkerThread "GC Thread#6"                     [id=38660, stack(0x00000064b1100000,0x00000064b1200000) (1024K)]
  0x000001ae04151790 WorkerThread "GC Thread#7"                     [id=33548, stack(0x00000064b1200000,0x00000064b1300000) (1024K)]
  0x000001ae04151ed0 WorkerThread "GC Thread#8"                     [id=45972, stack(0x00000064b1300000,0x00000064b1400000) (1024K)]
  0x000001ae04151b30 WorkerThread "GC Thread#9"                     [id=4256, stack(0x00000064b1400000,0x00000064b1500000) (1024K)]
  0x000001ae04150cb0 WorkerThread "GC Thread#10"                    [id=27016, stack(0x00000064b1900000,0x00000064b1a00000) (1024K)]
  0x000001ae04c33900 WorkerThread "GC Thread#11"                    [id=48616, stack(0x00000064b1a00000,0x00000064b1b00000) (1024K)]
  0x000001ae04c360e0 WorkerThread "GC Thread#12"                    [id=46648, stack(0x00000064b1b00000,0x00000064b1c00000) (1024K)]
  0x000001ae63db9ec0 ConcurrentGCThread "G1 Main Marker"            [id=17480, stack(0x00000064af600000,0x00000064af700000) (1024K)]
  0x000001ae63dbb710 WorkerThread "G1 Conc#0"                       [id=45020, stack(0x00000064af700000,0x00000064af800000) (1024K)]
  0x000001ae04c35d40 WorkerThread "G1 Conc#1"                       [id=37320, stack(0x00000064b1c00000,0x00000064b1d00000) (1024K)]
  0x000001ae04c32e20 WorkerThread "G1 Conc#2"                       [id=3704, stack(0x00000064b1d00000,0x00000064b1e00000) (1024K)]
  0x000001ae7e6b0e50 ConcurrentGCThread "G1 Refine#0"               [id=11912, stack(0x00000064af800000,0x00000064af900000) (1024K)]
  0x000001ae7f31c260 ConcurrentGCThread "G1 Refine#1"               [id=49488, stack(0x00000064b9f00000,0x00000064ba000000) (1024K)]
  0x000001ae1e9294e0 ConcurrentGCThread "G1 Refine#2"               [id=27140, stack(0x00000064b5d00000,0x00000064b5e00000) (1024K)]
  0x000001ae1e92a1d0 ConcurrentGCThread "G1 Refine#3"               [id=31356, stack(0x00000064b6000000,0x00000064b6100000) (1024K)]
  0x000001ae7e6b1770 ConcurrentGCThread "G1 Service"                [id=9888, stack(0x00000064af900000,0x00000064afa00000) (1024K)]
Total: 24

Threads with active compile tasks:
C2 CompilerThread2  12663804 1236748   !   4       jdk.nio.zipfs.ZipFileSystem::<init> (561 bytes)
C2 CompilerThread3  12663804 1236749       4       jdk.nio.zipfs.ZipFileSystem::initializeReleaseVersion (187 bytes)
Total: 2

VM state: not at safepoint (normal execution)

VM Mutex/Monitor currently owned by a thread: None

Heap address: 0x0000000700000000, size: 4096 MB, Compressed Oops mode: Zero based, Oop shift amount: 3

CDS archive(s) not mapped
Compressed class space mapped at: 0x0000000800000000-0x0000000840000000, reserved size: 1073741824
Narrow klass base: 0x0000000800000000, Narrow klass shift: 0, Narrow klass range: 0x40000000

GC Precious Log:
 CardTable entry size: 512
 Card Set container configuration: InlinePtr #cards 4 size 8 Array Of Cards #cards 16 size 48 Howl #buckets 8 coarsen threshold 3686 Howl Bitmap #cards 512 size 80 coarsen threshold 460 Card regions per heap region 1 cards per card region 4096
 CPUs: 16 total, 16 available
 Memory: 28356M
 Large Page Support: Disabled
 NUMA Support: Disabled
 Compressed Oops: Enabled (Zero based)
 Heap Region Size: 2M
 Heap Min Capacity: 8M
 Heap Initial Capacity: 444M
 Heap Max Capacity: 4G
 Pre-touch: Disabled
 Parallel Workers: 13
 Concurrent Workers: 3
 Concurrent Refinement Workers: 13
 Periodic GC: Disabled

Heap:
 garbage-first heap   total 1984512K, used 1279388K [0x0000000700000000, 0x0000000800000000)
  region size 2048K, 49 young (100352K), 31 survivors (63488K)
 Metaspace       used 338551K, committed 341568K, reserved 1376256K
  class space    used 40809K, committed 42240K, reserved 1048576K

Heap Regions: E=young(eden), S=young(survivor), O=old, HS=humongous(starts), HC=humongous(continues), CS=collection set, F=free, TAMS=top-at-mark-start, PB=parsable bottom
|   0|0x0000000700000000, 0x0000000700200000, 0x0000000700200000|100%|HS|  |TAMS 0x0000000700000000| PB 0x0000000700000000| Complete 
|   1|0x0000000700200000, 0x0000000700400000, 0x0000000700400000|100%|HC|  |TAMS 0x0000000700200000| PB 0x0000000700200000| Complete 
|   2|0x0000000700400000, 0x0000000700600000, 0x0000000700600000|100%| O|  |TAMS 0x0000000700400000| PB 0x0000000700400000| Untracked 
|   3|0x0000000700600000, 0x0000000700800000, 0x0000000700800000|100%| O|  |TAMS 0x0000000700600000| PB 0x0000000700600000| Untracked 
|   4|0x0000000700800000, 0x0000000700a00000, 0x0000000700a00000|100%| O|  |TAMS 0x0000000700800000| PB 0x0000000700800000| Untracked 
|   5|0x0000000700a00000, 0x0000000700bffff8, 0x0000000700c00000| 99%| O|  |TAMS 0x0000000700a00000| PB 0x0000000700a00000| Untracked 
|   6|0x0000000700c00000, 0x0000000700dfffb8, 0x0000000700e00000| 99%| O|  |TAMS 0x0000000700c00000| PB 0x0000000700c00000| Untracked 
|   7|0x0000000700e00000, 0x0000000701000000, 0x0000000701000000|100%| O|  |TAMS 0x0000000700e00000| PB 0x0000000700e00000| Untracked 
|   8|0x0000000701000000, 0x00000007011fffe0, 0x0000000701200000| 99%| O|  |TAMS 0x0000000701000000| PB 0x0000000701000000| Untracked 
|   9|0x0000000701200000, 0x0000000701400000, 0x0000000701400000|100%| O|  |TAMS 0x0000000701200000| PB 0x0000000701200000| Untracked 
|  10|0x0000000701400000, 0x00000007015fffc0, 0x0000000701600000| 99%| O|  |TAMS 0x0000000701400000| PB 0x0000000701400000| Untracked 
|  11|0x0000000701600000, 0x0000000701800000, 0x0000000701800000|100%| O|  |TAMS 0x0000000701600000| PB 0x0000000701600000| Untracked 
|  12|0x0000000701800000, 0x00000007019efef8, 0x0000000701a00000| 96%| O|  |TAMS 0x0000000701800000| PB 0x0000000701800000| Untracked 
|  13|0x0000000701a00000, 0x0000000701bffff8, 0x0000000701c00000| 99%| O|  |TAMS 0x0000000701a00000| PB 0x0000000701a00000| Untracked 
|  14|0x0000000701c00000, 0x0000000701e00000, 0x0000000701e00000|100%|HS|  |TAMS 0x0000000701c00000| PB 0x0000000701c00000| Complete 
|  15|0x0000000701e00000, 0x0000000701fffff0, 0x0000000702000000| 99%| O|  |TAMS 0x0000000701e00000| PB 0x0000000701e00000| Untracked 
|  16|0x0000000702000000, 0x00000007021f9f48, 0x0000000702200000| 98%| O|  |TAMS 0x0000000702000000| PB 0x0000000702000000| Untracked 
|  17|0x0000000702200000, 0x00000007023ffdb8, 0x0000000702400000| 99%| O|  |TAMS 0x0000000702200000| PB 0x0000000702200000| Untracked 
|  18|0x0000000702400000, 0x00000007025ffff0, 0x0000000702600000| 99%| O|  |TAMS 0x0000000702400000| PB 0x0000000702400000| Untracked 
|  19|0x0000000702600000, 0x00000007027ffff8, 0x0000000702800000| 99%| O|  |TAMS 0x0000000702600000| PB 0x0000000702600000| Untracked 
|  20|0x0000000702800000, 0x00000007029ffff0, 0x0000000702a00000| 99%| O|  |TAMS 0x0000000702800000| PB 0x0000000702800000| Untracked 
|  21|0x0000000702a00000, 0x0000000702bffff0, 0x0000000702c00000| 99%| O|  |TAMS 0x0000000702a00000| PB 0x0000000702a00000| Untracked 
|  22|0x0000000702c00000, 0x0000000702dfffe0, 0x0000000702e00000| 99%| O|  |TAMS 0x0000000702c00000| PB 0x0000000702c00000| Untracked 
|  23|0x0000000702e00000, 0x0000000702ffff80, 0x0000000703000000| 99%| O|  |TAMS 0x0000000702e00000| PB 0x0000000702e00000| Untracked 
|  24|0x0000000703000000, 0x00000007031fffb0, 0x0000000703200000| 99%| O|  |TAMS 0x0000000703000000| PB 0x0000000703000000| Untracked 
|  25|0x0000000703200000, 0x00000007033fff08, 0x0000000703400000| 99%| O|  |TAMS 0x0000000703200000| PB 0x0000000703200000| Untracked 
|  26|0x0000000703400000, 0x00000007035ffff8, 0x0000000703600000| 99%| O|  |TAMS 0x0000000703400000| PB 0x0000000703400000| Untracked 
|  27|0x0000000703600000, 0x00000007037ffff8, 0x0000000703800000| 99%| O|  |TAMS 0x0000000703600000| PB 0x0000000703600000| Untracked 
|  28|0x0000000703800000, 0x0000000703a00000, 0x0000000703a00000|100%|HS|  |TAMS 0x0000000703800000| PB 0x0000000703800000| Complete 
|  29|0x0000000703a00000, 0x0000000703c00000, 0x0000000703c00000|100%| O|  |TAMS 0x0000000703a00000| PB 0x0000000703a00000| Untracked 
|  30|0x0000000703c00000, 0x0000000703e00000, 0x0000000703e00000|100%| O|  |TAMS 0x0000000703c00000| PB 0x0000000703c00000| Untracked 
|  31|0x0000000703e00000, 0x0000000704000000, 0x0000000704000000|100%| O|  |TAMS 0x0000000703e00000| PB 0x0000000703e00000| Untracked 
|  32|0x0000000704000000, 0x00000007041ffff8, 0x0000000704200000| 99%| O|  |TAMS 0x0000000704000000| PB 0x0000000704000000| Untracked 
|  33|0x0000000704200000, 0x0000000704400000, 0x0000000704400000|100%|HS|  |TAMS 0x0000000704200000| PB 0x0000000704200000| Complete 
|  34|0x0000000704400000, 0x0000000704600000, 0x0000000704600000|100%| O|  |TAMS 0x0000000704400000| PB 0x0000000704400000| Untracked 
|  35|0x0000000704600000, 0x00000007047ffff8, 0x0000000704800000| 99%| O|  |TAMS 0x0000000704600000| PB 0x0000000704600000| Untracked 
|  36|0x0000000704800000, 0x0000000704a00000, 0x0000000704a00000|100%| O|  |TAMS 0x0000000704800000| PB 0x0000000704800000| Untracked 
|  37|0x0000000704a00000, 0x0000000704bfff98, 0x0000000704c00000| 99%| O|  |TAMS 0x0000000704a00000| PB 0x0000000704a00000| Untracked 
|  38|0x0000000704c00000, 0x0000000704dfffe8, 0x0000000704e00000| 99%| O|  |TAMS 0x0000000704c00000| PB 0x0000000704c00000| Untracked 
|  39|0x0000000704e00000, 0x0000000704fff398, 0x0000000705000000| 99%| O|  |TAMS 0x0000000704e00000| PB 0x0000000704e00000| Untracked 
|  40|0x0000000705000000, 0x00000007051fffe8, 0x0000000705200000| 99%| O|  |TAMS 0x0000000705000000| PB 0x0000000705000000| Untracked 
|  41|0x0000000705200000, 0x00000007053fff88, 0x0000000705400000| 99%| O|  |TAMS 0x0000000705200000| PB 0x0000000705200000| Untracked 
|  42|0x0000000705400000, 0x00000007055f3580, 0x0000000705600000| 97%| O|  |TAMS 0x0000000705400000| PB 0x0000000705400000| Untracked 
|  43|0x0000000705600000, 0x0000000705800000, 0x0000000705800000|100%| O|  |TAMS 0x0000000705600000| PB 0x0000000705600000| Untracked 
|  44|0x0000000705800000, 0x00000007059fe778, 0x0000000705a00000| 99%| O|  |TAMS 0x0000000705800000| PB 0x0000000705800000| Untracked 
|  45|0x0000000705a00000, 0x0000000705bfffe8, 0x0000000705c00000| 99%| O|  |TAMS 0x0000000705a00000| PB 0x0000000705a00000| Untracked 
|  46|0x0000000705c00000, 0x0000000705dffff8, 0x0000000705e00000| 99%| O|  |TAMS 0x0000000705c00000| PB 0x0000000705c00000| Untracked 
|  47|0x0000000705e00000, 0x0000000705fffff0, 0x0000000706000000| 99%| O|  |TAMS 0x0000000705e00000| PB 0x0000000705e00000| Untracked 
|  48|0x0000000706000000, 0x0000000706200000, 0x0000000706200000|100%| O|  |TAMS 0x0000000706000000| PB 0x0000000706000000| Untracked 
|  49|0x0000000706200000, 0x0000000706400000, 0x0000000706400000|100%| O|  |TAMS 0x0000000706200000| PB 0x0000000706200000| Untracked 
|  50|0x0000000706400000, 0x00000007065ffff8, 0x0000000706600000| 99%| O|  |TAMS 0x0000000706400000| PB 0x0000000706400000| Untracked 
|  51|0x0000000706600000, 0x00000007067fffd8, 0x0000000706800000| 99%| O|  |TAMS 0x0000000706600000| PB 0x0000000706600000| Untracked 
|  52|0x0000000706800000, 0x00000007069fffe8, 0x0000000706a00000| 99%| O|  |TAMS 0x0000000706800000| PB 0x0000000706800000| Untracked 
|  53|0x0000000706a00000, 0x0000000706c00000, 0x0000000706c00000|100%| O|  |TAMS 0x0000000706a00000| PB 0x0000000706a00000| Untracked 
|  54|0x0000000706c00000, 0x0000000706dfff90, 0x0000000706e00000| 99%| O|  |TAMS 0x0000000706c00000| PB 0x0000000706c00000| Untracked 
|  55|0x0000000706e00000, 0x0000000706fffef0, 0x0000000707000000| 99%| O|  |TAMS 0x0000000706e00000| PB 0x0000000706e00000| Untracked 
|  56|0x0000000707000000, 0x0000000707200000, 0x0000000707200000|100%| O|  |TAMS 0x0000000707000000| PB 0x0000000707000000| Untracked 
|  57|0x0000000707200000, 0x00000007073ffff0, 0x0000000707400000| 99%| O|  |TAMS 0x0000000707200000| PB 0x0000000707200000| Untracked 
|  58|0x0000000707400000, 0x00000007075ffff0, 0x0000000707600000| 99%| O|  |TAMS 0x0000000707400000| PB 0x0000000707400000| Untracked 
|  59|0x0000000707600000, 0x00000007077ffff8, 0x0000000707800000| 99%| O|  |TAMS 0x0000000707600000| PB 0x0000000707600000| Untracked 
|  60|0x0000000707800000, 0x00000007079ffff0, 0x0000000707a00000| 99%| O|  |TAMS 0x0000000707800000| PB 0x0000000707800000| Untracked 
|  61|0x0000000707a00000, 0x0000000707bffff8, 0x0000000707c00000| 99%| O|  |TAMS 0x0000000707a00000| PB 0x0000000707a00000| Untracked 
|  62|0x0000000707c00000, 0x0000000707e00000, 0x0000000707e00000|100%| O|  |TAMS 0x0000000707c00000| PB 0x0000000707c00000| Untracked 
|  63|0x0000000707e00000, 0x0000000707ffffe8, 0x0000000708000000| 99%| O|  |TAMS 0x0000000707e00000| PB 0x0000000707e00000| Untracked 
|  64|0x0000000708000000, 0x0000000708200000, 0x0000000708200000|100%| O|  |TAMS 0x0000000708000000| PB 0x0000000708000000| Untracked 
|  65|0x0000000708200000, 0x00000007083ffff8, 0x0000000708400000| 99%| O|  |TAMS 0x0000000708200000| PB 0x0000000708200000| Untracked 
|  66|0x0000000708400000, 0x0000000708600000, 0x0000000708600000|100%| O|  |TAMS 0x0000000708400000| PB 0x0000000708400000| Untracked 
|  67|0x0000000708600000, 0x0000000708800000, 0x0000000708800000|100%|HS|  |TAMS 0x0000000708600000| PB 0x0000000708600000| Complete 
|  68|0x0000000708800000, 0x0000000708a00000, 0x0000000708a00000|100%| O|  |TAMS 0x0000000708800000| PB 0x0000000708800000| Untracked 
|  69|0x0000000708a00000, 0x0000000708c00000, 0x0000000708c00000|100%| O|  |TAMS 0x0000000708a00000| PB 0x0000000708a00000| Untracked 
|  70|0x0000000708c00000, 0x0000000708dfd6a0, 0x0000000708e00000| 99%| O|  |TAMS 0x0000000708c00000| PB 0x0000000708c00000| Untracked 
|  71|0x0000000708e00000, 0x0000000708fffff0, 0x0000000709000000| 99%| O|  |TAMS 0x0000000708e00000| PB 0x0000000708e00000| Untracked 
|  72|0x0000000709000000, 0x00000007091ffff0, 0x0000000709200000| 99%| O|  |TAMS 0x0000000709000000| PB 0x0000000709000000| Untracked 
|  73|0x0000000709200000, 0x00000007093ffff8, 0x0000000709400000| 99%| O|  |TAMS 0x0000000709200000| PB 0x0000000709200000| Untracked 
|  74|0x0000000709400000, 0x00000007095ffea8, 0x0000000709600000| 99%| O|  |TAMS 0x0000000709400000| PB 0x0000000709400000| Untracked 
|  75|0x0000000709600000, 0x0000000709800000, 0x0000000709800000|100%| O|  |TAMS 0x0000000709600000| PB 0x0000000709600000| Untracked 
|  76|0x0000000709800000, 0x00000007099ffff8, 0x0000000709a00000| 99%| O|  |TAMS 0x0000000709800000| PB 0x0000000709800000| Untracked 
|  77|0x0000000709a00000, 0x0000000709bffff8, 0x0000000709c00000| 99%| O|  |TAMS 0x0000000709a00000| PB 0x0000000709a00000| Untracked 
|  78|0x0000000709c00000, 0x0000000709dfffe8, 0x0000000709e00000| 99%| O|  |TAMS 0x0000000709c00000| PB 0x0000000709c00000| Untracked 
|  79|0x0000000709e00000, 0x0000000709fffff8, 0x000000070a000000| 99%| O|  |TAMS 0x0000000709e00000| PB 0x0000000709e00000| Untracked 
|  80|0x000000070a000000, 0x000000070a1ffff0, 0x000000070a200000| 99%| O|  |TAMS 0x000000070a000000| PB 0x000000070a000000| Untracked 
|  81|0x000000070a200000, 0x000000070a3ffff0, 0x000000070a400000| 99%| O|  |TAMS 0x000000070a200000| PB 0x000000070a200000| Untracked 
|  82|0x000000070a400000, 0x000000070a5fffe8, 0x000000070a600000| 99%| O|  |TAMS 0x000000070a400000| PB 0x000000070a400000| Untracked 
|  83|0x000000070a600000, 0x000000070a7fffd8, 0x000000070a800000| 99%| O|  |TAMS 0x000000070a600000| PB 0x000000070a600000| Untracked 
|  84|0x000000070a800000, 0x000000070a9ffff8, 0x000000070aa00000| 99%| O|  |TAMS 0x000000070a800000| PB 0x000000070a800000| Untracked 
|  85|0x000000070aa00000, 0x000000070abfff50, 0x000000070ac00000| 99%| O|  |TAMS 0x000000070aa00000| PB 0x000000070aa00000| Untracked 
|  86|0x000000070ac00000, 0x000000070adffc90, 0x000000070ae00000| 99%| O|  |TAMS 0x000000070ac00000| PB 0x000000070ac00000| Untracked 
|  87|0x000000070ae00000, 0x000000070b000000, 0x000000070b000000|100%| O|  |TAMS 0x000000070ae00000| PB 0x000000070ae00000| Untracked 
|  88|0x000000070b000000, 0x000000070b200000, 0x000000070b200000|100%| O|  |TAMS 0x000000070b000000| PB 0x000000070b000000| Untracked 
|  89|0x000000070b200000, 0x000000070b3ffff0, 0x000000070b400000| 99%| O|  |TAMS 0x000000070b200000| PB 0x000000070b200000| Untracked 
|  90|0x000000070b400000, 0x000000070b5ffff8, 0x000000070b600000| 99%| O|  |TAMS 0x000000070b400000| PB 0x000000070b400000| Untracked 
|  91|0x000000070b600000, 0x000000070b7ffff0, 0x000000070b800000| 99%| O|  |TAMS 0x000000070b600000| PB 0x000000070b600000| Untracked 
|  92|0x000000070b800000, 0x000000070ba00000, 0x000000070ba00000|100%| O|  |TAMS 0x000000070b800000| PB 0x000000070b800000| Untracked 
|  93|0x000000070ba00000, 0x000000070bbffff8, 0x000000070bc00000| 99%| O|  |TAMS 0x000000070ba00000| PB 0x000000070ba00000| Untracked 
|  94|0x000000070bc00000, 0x000000070bdfffe0, 0x000000070be00000| 99%| O|  |TAMS 0x000000070bc00000| PB 0x000000070bc00000| Untracked 
|  95|0x000000070be00000, 0x000000070bffffe8, 0x000000070c000000| 99%| O|  |TAMS 0x000000070be00000| PB 0x000000070be00000| Untracked 
|  96|0x000000070c000000, 0x000000070c200000, 0x000000070c200000|100%| O|  |TAMS 0x000000070c000000| PB 0x000000070c000000| Untracked 
|  97|0x000000070c200000, 0x000000070c3fffe0, 0x000000070c400000| 99%| O|  |TAMS 0x000000070c200000| PB 0x000000070c200000| Untracked 
|  98|0x000000070c400000, 0x000000070c5f8970, 0x000000070c600000| 98%| O|  |TAMS 0x000000070c400000| PB 0x000000070c400000| Untracked 
|  99|0x000000070c600000, 0x000000070c7fffd0, 0x000000070c800000| 99%| O|  |TAMS 0x000000070c600000| PB 0x000000070c600000| Untracked 
| 100|0x000000070c800000, 0x000000070c9ffff8, 0x000000070ca00000| 99%| O|  |TAMS 0x000000070c800000| PB 0x000000070c800000| Untracked 
| 101|0x000000070ca00000, 0x000000070cbfffe8, 0x000000070cc00000| 99%| O|  |TAMS 0x000000070ca00000| PB 0x000000070ca00000| Untracked 
| 102|0x000000070cc00000, 0x000000070cdffff8, 0x000000070ce00000| 99%| O|  |TAMS 0x000000070cc00000| PB 0x000000070cc00000| Untracked 
| 103|0x000000070ce00000, 0x000000070cffffb8, 0x000000070d000000| 99%| O|  |TAMS 0x000000070ce00000| PB 0x000000070ce00000| Untracked 
| 104|0x000000070d000000, 0x000000070d1ffff8, 0x000000070d200000| 99%| O|  |TAMS 0x000000070d000000| PB 0x000000070d000000| Untracked 
| 105|0x000000070d200000, 0x000000070d3fffd0, 0x000000070d400000| 99%| O|  |TAMS 0x000000070d200000| PB 0x000000070d200000| Untracked 
| 106|0x000000070d400000, 0x000000070d5ffff8, 0x000000070d600000| 99%| O|Cm|TAMS 0x000000070d400000| PB 0x000000070d400000| Complete 
| 107|0x000000070d600000, 0x000000070d800000, 0x000000070d800000|100%| O|Cm|TAMS 0x000000070d600000| PB 0x000000070d600000| Complete 
| 108|0x000000070d800000, 0x000000070d9ffff8, 0x000000070da00000| 99%| O|  |TAMS 0x000000070d800000| PB 0x000000070d800000| Untracked 
| 109|0x000000070da00000, 0x000000070db9f3e8, 0x000000070dc00000| 81%| O|  |TAMS 0x000000070da00000| PB 0x000000070da00000| Untracked 
| 110|0x000000070dc00000, 0x000000070ddfffe8, 0x000000070de00000| 99%| O|  |TAMS 0x000000070dc00000| PB 0x000000070dc00000| Untracked 
| 111|0x000000070de00000, 0x000000070dfffff8, 0x000000070e000000| 99%| O|  |TAMS 0x000000070de00000| PB 0x000000070de00000| Untracked 
| 112|0x000000070e000000, 0x000000070e200000, 0x000000070e200000|100%| O|  |TAMS 0x000000070e000000| PB 0x000000070e000000| Untracked 
| 113|0x000000070e200000, 0x000000070e400000, 0x000000070e400000|100%| O|  |TAMS 0x000000070e200000| PB 0x000000070e200000| Untracked 
| 114|0x000000070e400000, 0x000000070e600000, 0x000000070e600000|100%| O|  |TAMS 0x000000070e400000| PB 0x000000070e400000| Untracked 
| 115|0x000000070e600000, 0x000000070e7fe4f0, 0x000000070e800000| 99%| O|  |TAMS 0x000000070e600000| PB 0x000000070e600000| Untracked 
| 116|0x000000070e800000, 0x000000070ea00000, 0x000000070ea00000|100%| O|  |TAMS 0x000000070e800000| PB 0x000000070e800000| Untracked 
| 117|0x000000070ea00000, 0x000000070ebfffc8, 0x000000070ec00000| 99%| O|  |TAMS 0x000000070ea00000| PB 0x000000070ea00000| Untracked 
| 118|0x000000070ec00000, 0x000000070edfff80, 0x000000070ee00000| 99%| O|  |TAMS 0x000000070ec00000| PB 0x000000070ec00000| Untracked 
| 119|0x000000070ee00000, 0x000000070effffd0, 0x000000070f000000| 99%| O|  |TAMS 0x000000070ee00000| PB 0x000000070ee00000| Untracked 
| 120|0x000000070f000000, 0x000000070f200000, 0x000000070f200000|100%| O|  |TAMS 0x000000070f000000| PB 0x000000070f000000| Untracked 
| 121|0x000000070f200000, 0x000000070f3fff20, 0x000000070f400000| 99%| O|  |TAMS 0x000000070f200000| PB 0x000000070f200000| Untracked 
| 122|0x000000070f400000, 0x000000070f5ffff8, 0x000000070f600000| 99%| O|  |TAMS 0x000000070f400000| PB 0x000000070f400000| Untracked 
| 123|0x000000070f600000, 0x000000070f7ffff0, 0x000000070f800000| 99%| O|  |TAMS 0x000000070f600000| PB 0x000000070f600000| Untracked 
| 124|0x000000070f800000, 0x000000070fa00000, 0x000000070fa00000|100%| O|  |TAMS 0x000000070f800000| PB 0x000000070f800000| Untracked 
| 125|0x000000070fa00000, 0x000000070fc00000, 0x000000070fc00000|100%| O|  |TAMS 0x000000070fa00000| PB 0x000000070fa00000| Untracked 
| 126|0x000000070fc00000, 0x000000070fe00000, 0x000000070fe00000|100%|HS|  |TAMS 0x000000070fc00000| PB 0x000000070fc00000| Complete 
| 127|0x000000070fe00000, 0x0000000710000000, 0x0000000710000000|100%|HC|  |TAMS 0x000000070fe00000| PB 0x000000070fe00000| Complete 
| 128|0x0000000710000000, 0x00000007101eab90, 0x0000000710200000| 95%| O|  |TAMS 0x0000000710000000| PB 0x0000000710000000| Untracked 
| 129|0x0000000710200000, 0x0000000710400000, 0x0000000710400000|100%| O|  |TAMS 0x0000000710200000| PB 0x0000000710200000| Untracked 
| 130|0x0000000710400000, 0x0000000710600000, 0x0000000710600000|100%| O|  |TAMS 0x0000000710400000| PB 0x0000000710400000| Untracked 
| 131|0x0000000710600000, 0x0000000710800000, 0x0000000710800000|100%| O|  |TAMS 0x0000000710600000| PB 0x0000000710600000| Untracked 
| 132|0x0000000710800000, 0x00000007109fffe8, 0x0000000710a00000| 99%| O|  |TAMS 0x0000000710800000| PB 0x0000000710800000| Untracked 
| 133|0x0000000710a00000, 0x0000000710c00000, 0x0000000710c00000|100%| O|  |TAMS 0x0000000710a00000| PB 0x0000000710a00000| Untracked 
| 134|0x0000000710c00000, 0x0000000710dffff0, 0x0000000710e00000| 99%| O|  |TAMS 0x0000000710c00000| PB 0x0000000710c00000| Untracked 
| 135|0x0000000710e00000, 0x0000000711000000, 0x0000000711000000|100%| O|  |TAMS 0x0000000710e00000| PB 0x0000000710e00000| Untracked 
| 136|0x0000000711000000, 0x0000000711200000, 0x0000000711200000|100%| O|  |TAMS 0x0000000711000000| PB 0x0000000711000000| Untracked 
| 137|0x0000000711200000, 0x0000000711400000, 0x0000000711400000|100%| O|  |TAMS 0x0000000711200000| PB 0x0000000711200000| Untracked 
| 138|0x0000000711400000, 0x0000000711600000, 0x0000000711600000|100%| O|  |TAMS 0x0000000711400000| PB 0x0000000711400000| Untracked 
| 139|0x0000000711600000, 0x00000007117fffd0, 0x0000000711800000| 99%| O|  |TAMS 0x0000000711600000| PB 0x0000000711600000| Untracked 
| 140|0x0000000711800000, 0x0000000711a00000, 0x0000000711a00000|100%| O|  |TAMS 0x0000000711800000| PB 0x0000000711800000| Untracked 
| 141|0x0000000711a00000, 0x0000000711c00000, 0x0000000711c00000|100%| O|  |TAMS 0x0000000711a00000| PB 0x0000000711a00000| Untracked 
| 142|0x0000000711c00000, 0x0000000711e00000, 0x0000000711e00000|100%| O|  |TAMS 0x0000000711c00000| PB 0x0000000711c00000| Untracked 
| 143|0x0000000711e00000, 0x0000000711fffff8, 0x0000000712000000| 99%| O|  |TAMS 0x0000000711e00000| PB 0x0000000711e00000| Untracked 
| 144|0x0000000712000000, 0x00000007121fffe8, 0x0000000712200000| 99%| O|  |TAMS 0x0000000712000000| PB 0x0000000712000000| Untracked 
| 145|0x0000000712200000, 0x0000000712400000, 0x0000000712400000|100%| O|  |TAMS 0x0000000712200000| PB 0x0000000712200000| Untracked 
| 146|0x0000000712400000, 0x0000000712600000, 0x0000000712600000|100%| O|  |TAMS 0x0000000712400000| PB 0x0000000712400000| Untracked 
| 147|0x0000000712600000, 0x00000007127fffe8, 0x0000000712800000| 99%| O|  |TAMS 0x0000000712600000| PB 0x0000000712600000| Untracked 
| 148|0x0000000712800000, 0x0000000712a00000, 0x0000000712a00000|100%| O|  |TAMS 0x0000000712800000| PB 0x0000000712800000| Untracked 
| 149|0x0000000712a00000, 0x0000000712c00000, 0x0000000712c00000|100%| O|  |TAMS 0x0000000712a00000| PB 0x0000000712a00000| Untracked 
| 150|0x0000000712c00000, 0x0000000712e00000, 0x0000000712e00000|100%| O|  |TAMS 0x0000000712c00000| PB 0x0000000712c00000| Untracked 
| 151|0x0000000712e00000, 0x0000000712feceb8, 0x0000000713000000| 96%| O|  |TAMS 0x0000000712e00000| PB 0x0000000712e00000| Untracked 
| 152|0x0000000713000000, 0x0000000713200000, 0x0000000713200000|100%| O|  |TAMS 0x0000000713000000| PB 0x0000000713000000| Untracked 
| 153|0x0000000713200000, 0x00000007133ffff0, 0x0000000713400000| 99%| O|  |TAMS 0x0000000713200000| PB 0x0000000713200000| Untracked 
| 154|0x0000000713400000, 0x0000000713600000, 0x0000000713600000|100%| O|  |TAMS 0x0000000713400000| PB 0x0000000713400000| Untracked 
| 155|0x0000000713600000, 0x0000000713800000, 0x0000000713800000|100%| O|  |TAMS 0x0000000713600000| PB 0x0000000713600000| Untracked 
| 156|0x0000000713800000, 0x0000000713a00000, 0x0000000713a00000|100%| O|  |TAMS 0x0000000713800000| PB 0x0000000713800000| Untracked 
| 157|0x0000000713a00000, 0x0000000713c00000, 0x0000000713c00000|100%| O|  |TAMS 0x0000000713a00000| PB 0x0000000713a00000| Untracked 
| 158|0x0000000713c00000, 0x0000000713dfffe8, 0x0000000713e00000| 99%| O|  |TAMS 0x0000000713c00000| PB 0x0000000713c00000| Untracked 
| 159|0x0000000713e00000, 0x0000000713ffffc8, 0x0000000714000000| 99%| O|  |TAMS 0x0000000713e00000| PB 0x0000000713e00000| Untracked 
| 160|0x0000000714000000, 0x0000000714200000, 0x0000000714200000|100%| O|  |TAMS 0x0000000714000000| PB 0x0000000714000000| Untracked 
| 161|0x0000000714200000, 0x0000000714400000, 0x0000000714400000|100%| O|  |TAMS 0x0000000714200000| PB 0x0000000714200000| Untracked 
| 162|0x0000000714400000, 0x0000000714600000, 0x0000000714600000|100%| O|  |TAMS 0x0000000714400000| PB 0x0000000714400000| Untracked 
| 163|0x0000000714600000, 0x0000000714800000, 0x0000000714800000|100%| O|  |TAMS 0x0000000714600000| PB 0x0000000714600000| Untracked 
| 164|0x0000000714800000, 0x0000000714a00000, 0x0000000714a00000|100%| O|  |TAMS 0x0000000714800000| PB 0x0000000714800000| Untracked 
| 165|0x0000000714a00000, 0x0000000714bfffc8, 0x0000000714c00000| 99%| O|  |TAMS 0x0000000714a00000| PB 0x0000000714a00000| Untracked 
| 166|0x0000000714c00000, 0x0000000714e00000, 0x0000000714e00000|100%| O|  |TAMS 0x0000000714c00000| PB 0x0000000714c00000| Untracked 
| 167|0x0000000714e00000, 0x0000000714fef8c0, 0x0000000715000000| 96%| O|  |TAMS 0x0000000714e00000| PB 0x0000000714e00000| Untracked 
| 168|0x0000000715000000, 0x00000007151ffff8, 0x0000000715200000| 99%| O|  |TAMS 0x0000000715000000| PB 0x0000000715000000| Untracked 
| 169|0x0000000715200000, 0x0000000715400000, 0x0000000715400000|100%| O|  |TAMS 0x0000000715200000| PB 0x0000000715200000| Untracked 
| 170|0x0000000715400000, 0x0000000715600000, 0x0000000715600000|100%| O|  |TAMS 0x0000000715400000| PB 0x0000000715400000| Untracked 
| 171|0x0000000715600000, 0x00000007157affd0, 0x0000000715800000| 84%| O|  |TAMS 0x0000000715600000| PB 0x0000000715600000| Untracked 
| 172|0x0000000715800000, 0x0000000715a00000, 0x0000000715a00000|100%| O|  |TAMS 0x0000000715800000| PB 0x0000000715800000| Untracked 
| 173|0x0000000715a00000, 0x0000000715c00000, 0x0000000715c00000|100%| O|  |TAMS 0x0000000715a00000| PB 0x0000000715a00000| Untracked 
| 174|0x0000000715c00000, 0x0000000715e00000, 0x0000000715e00000|100%| O|Cm|TAMS 0x0000000715c00000| PB 0x0000000715c00000| Complete 
| 175|0x0000000715e00000, 0x0000000716000000, 0x0000000716000000|100%| O|  |TAMS 0x0000000715e00000| PB 0x0000000715e00000| Untracked 
| 176|0x0000000716000000, 0x00000007161ffa48, 0x0000000716200000| 99%| O|  |TAMS 0x0000000716000000| PB 0x0000000716000000| Untracked 
| 177|0x0000000716200000, 0x0000000716400000, 0x0000000716400000|100%| O|  |TAMS 0x0000000716200000| PB 0x0000000716200000| Untracked 
| 178|0x0000000716400000, 0x0000000716600000, 0x0000000716600000|100%| O|  |TAMS 0x0000000716400000| PB 0x0000000716400000| Untracked 
| 179|0x0000000716600000, 0x00000007167fffd8, 0x0000000716800000| 99%| O|  |TAMS 0x0000000716600000| PB 0x0000000716600000| Untracked 
| 180|0x0000000716800000, 0x00000007169ffff8, 0x0000000716a00000| 99%| O|  |TAMS 0x0000000716800000| PB 0x0000000716800000| Untracked 
| 181|0x0000000716a00000, 0x0000000716c00000, 0x0000000716c00000|100%| O|  |TAMS 0x0000000716a00000| PB 0x0000000716a00000| Untracked 
| 182|0x0000000716c00000, 0x0000000716e00000, 0x0000000716e00000|100%| O|  |TAMS 0x0000000716c00000| PB 0x0000000716c00000| Untracked 
| 183|0x0000000716e00000, 0x0000000716fffff0, 0x0000000717000000| 99%| O|  |TAMS 0x0000000716e00000| PB 0x0000000716e00000| Untracked 
| 184|0x0000000717000000, 0x0000000717200000, 0x0000000717200000|100%| O|  |TAMS 0x0000000717000000| PB 0x0000000717000000| Untracked 
| 185|0x0000000717200000, 0x0000000717400000, 0x0000000717400000|100%| O|  |TAMS 0x0000000717200000| PB 0x0000000717200000| Untracked 
| 186|0x0000000717400000, 0x0000000717600000, 0x0000000717600000|100%| O|  |TAMS 0x0000000717400000| PB 0x0000000717400000| Untracked 
| 187|0x0000000717600000, 0x0000000717800000, 0x0000000717800000|100%| O|  |TAMS 0x0000000717600000| PB 0x0000000717600000| Untracked 
| 188|0x0000000717800000, 0x0000000717a00000, 0x0000000717a00000|100%| O|  |TAMS 0x0000000717800000| PB 0x0000000717800000| Untracked 
| 189|0x0000000717a00000, 0x0000000717c00000, 0x0000000717c00000|100%| O|  |TAMS 0x0000000717a00000| PB 0x0000000717a00000| Untracked 
| 190|0x0000000717c00000, 0x0000000717dfffe8, 0x0000000717e00000| 99%| O|  |TAMS 0x0000000717c00000| PB 0x0000000717c00000| Untracked 
| 191|0x0000000717e00000, 0x0000000718000000, 0x0000000718000000|100%| O|  |TAMS 0x0000000717e00000| PB 0x0000000717e00000| Untracked 
| 192|0x0000000718000000, 0x0000000718200000, 0x0000000718200000|100%| O|  |TAMS 0x0000000718000000| PB 0x0000000718000000| Untracked 
| 193|0x0000000718200000, 0x00000007183ffff0, 0x0000000718400000| 99%| O|  |TAMS 0x0000000718200000| PB 0x0000000718200000| Untracked 
| 194|0x0000000718400000, 0x0000000718569a08, 0x0000000718600000| 70%| O|  |TAMS 0x0000000718400000| PB 0x0000000718400000| Untracked 
| 195|0x0000000718600000, 0x0000000718800000, 0x0000000718800000|100%| O|  |TAMS 0x0000000718600000| PB 0x0000000718600000| Untracked 
| 196|0x0000000718800000, 0x0000000718a00000, 0x0000000718a00000|100%| O|  |TAMS 0x0000000718800000| PB 0x0000000718800000| Untracked 
| 197|0x0000000718a00000, 0x0000000718c00000, 0x0000000718c00000|100%| O|  |TAMS 0x0000000718a00000| PB 0x0000000718a00000| Untracked 
| 198|0x0000000718c00000, 0x0000000718e00000, 0x0000000718e00000|100%| O|  |TAMS 0x0000000718c00000| PB 0x0000000718c00000| Untracked 
| 199|0x0000000718e00000, 0x0000000719000000, 0x0000000719000000|100%| O|  |TAMS 0x0000000718e00000| PB 0x0000000718e00000| Untracked 
| 200|0x0000000719000000, 0x0000000719200000, 0x0000000719200000|100%| O|  |TAMS 0x0000000719000000| PB 0x0000000719000000| Untracked 
| 201|0x0000000719200000, 0x0000000719400000, 0x0000000719400000|100%| O|  |TAMS 0x0000000719200000| PB 0x0000000719200000| Untracked 
| 202|0x0000000719400000, 0x0000000719600000, 0x0000000719600000|100%| O|  |TAMS 0x0000000719400000| PB 0x0000000719400000| Untracked 
| 203|0x0000000719600000, 0x0000000719800000, 0x0000000719800000|100%|HS|  |TAMS 0x0000000719600000| PB 0x0000000719600000| Complete 
| 204|0x0000000719800000, 0x0000000719a00000, 0x0000000719a00000|100%|HC|  |TAMS 0x0000000719800000| PB 0x0000000719800000| Complete 
| 205|0x0000000719a00000, 0x0000000719c00000, 0x0000000719c00000|100%|HC|  |TAMS 0x0000000719a00000| PB 0x0000000719a00000| Complete 
| 206|0x0000000719c00000, 0x0000000719e00000, 0x0000000719e00000|100%| O|  |TAMS 0x0000000719c00000| PB 0x0000000719c00000| Untracked 
| 207|0x0000000719e00000, 0x000000071a000000, 0x000000071a000000|100%| O|  |TAMS 0x0000000719e00000| PB 0x0000000719e00000| Untracked 
| 208|0x000000071a000000, 0x000000071a200000, 0x000000071a200000|100%| O|  |TAMS 0x000000071a000000| PB 0x000000071a000000| Untracked 
| 209|0x000000071a200000, 0x000000071a3fffc8, 0x000000071a400000| 99%| O|  |TAMS 0x000000071a200000| PB 0x000000071a200000| Untracked 
| 210|0x000000071a400000, 0x000000071a600000, 0x000000071a600000|100%| O|  |TAMS 0x000000071a400000| PB 0x000000071a400000| Untracked 
| 211|0x000000071a600000, 0x000000071a7fffe8, 0x000000071a800000| 99%| O|  |TAMS 0x000000071a600000| PB 0x000000071a600000| Untracked 
| 212|0x000000071a800000, 0x000000071aa00000, 0x000000071aa00000|100%| O|  |TAMS 0x000000071a800000| PB 0x000000071a800000| Untracked 
| 213|0x000000071aa00000, 0x000000071ac00000, 0x000000071ac00000|100%| O|  |TAMS 0x000000071aa00000| PB 0x000000071aa00000| Untracked 
| 214|0x000000071ac00000, 0x000000071ae00000, 0x000000071ae00000|100%| O|  |TAMS 0x000000071ac00000| PB 0x000000071ac00000| Untracked 
| 215|0x000000071ae00000, 0x000000071b000000, 0x000000071b000000|100%| O|  |TAMS 0x000000071ae00000| PB 0x000000071ae00000| Untracked 
| 216|0x000000071b000000, 0x000000071b200000, 0x000000071b200000|100%| O|  |TAMS 0x000000071b000000| PB 0x000000071b000000| Untracked 
| 217|0x000000071b200000, 0x000000071b400000, 0x000000071b400000|100%| O|  |TAMS 0x000000071b200000| PB 0x000000071b200000| Untracked 
| 218|0x000000071b400000, 0x000000071b600000, 0x000000071b600000|100%| O|  |TAMS 0x000000071b400000| PB 0x000000071b400000| Untracked 
| 219|0x000000071b600000, 0x000000071b800000, 0x000000071b800000|100%| O|  |TAMS 0x000000071b600000| PB 0x000000071b600000| Untracked 
| 220|0x000000071b800000, 0x000000071ba00000, 0x000000071ba00000|100%| O|  |TAMS 0x000000071b800000| PB 0x000000071b800000| Untracked 
| 221|0x000000071ba00000, 0x000000071bc00000, 0x000000071bc00000|100%| O|  |TAMS 0x000000071ba00000| PB 0x000000071ba00000| Untracked 
| 222|0x000000071bc00000, 0x000000071bdfffe8, 0x000000071be00000| 99%| O|  |TAMS 0x000000071bc00000| PB 0x000000071bc00000| Untracked 
| 223|0x000000071be00000, 0x000000071c000000, 0x000000071c000000|100%| O|  |TAMS 0x000000071be00000| PB 0x000000071be00000| Untracked 
| 224|0x000000071c000000, 0x000000071c200000, 0x000000071c200000|100%| O|  |TAMS 0x000000071c000000| PB 0x000000071c000000| Untracked 
| 225|0x000000071c200000, 0x000000071c400000, 0x000000071c400000|100%| O|  |TAMS 0x000000071c200000| PB 0x000000071c200000| Untracked 
| 226|0x000000071c400000, 0x000000071c600000, 0x000000071c600000|100%| O|  |TAMS 0x000000071c400000| PB 0x000000071c400000| Untracked 
| 227|0x000000071c600000, 0x000000071c800000, 0x000000071c800000|100%| O|  |TAMS 0x000000071c600000| PB 0x000000071c600000| Untracked 
| 228|0x000000071c800000, 0x000000071ca00000, 0x000000071ca00000|100%| O|  |TAMS 0x000000071c800000| PB 0x000000071c800000| Untracked 
| 229|0x000000071ca00000, 0x000000071cc00000, 0x000000071cc00000|100%| O|  |TAMS 0x000000071ca00000| PB 0x000000071ca00000| Untracked 
| 230|0x000000071cc00000, 0x000000071ce00000, 0x000000071ce00000|100%| O|  |TAMS 0x000000071cc00000| PB 0x000000071cc00000| Untracked 
| 231|0x000000071ce00000, 0x000000071d000000, 0x000000071d000000|100%| O|  |TAMS 0x000000071ce00000| PB 0x000000071ce00000| Untracked 
| 232|0x000000071d000000, 0x000000071d200000, 0x000000071d200000|100%| O|  |TAMS 0x000000071d000000| PB 0x000000071d000000| Untracked 
| 233|0x000000071d200000, 0x000000071d400000, 0x000000071d400000|100%| O|  |TAMS 0x000000071d200000| PB 0x000000071d200000| Untracked 
| 234|0x000000071d400000, 0x000000071d600000, 0x000000071d600000|100%| O|  |TAMS 0x000000071d400000| PB 0x000000071d400000| Untracked 
| 235|0x000000071d600000, 0x000000071d800000, 0x000000071d800000|100%| O|  |TAMS 0x000000071d600000| PB 0x000000071d600000| Untracked 
| 236|0x000000071d800000, 0x000000071da00000, 0x000000071da00000|100%| O|  |TAMS 0x000000071d800000| PB 0x000000071d800000| Untracked 
| 237|0x000000071da00000, 0x000000071dc00000, 0x000000071dc00000|100%| O|  |TAMS 0x000000071da00000| PB 0x000000071da00000| Untracked 
| 238|0x000000071dc00000, 0x000000071de00000, 0x000000071de00000|100%| O|  |TAMS 0x000000071dc00000| PB 0x000000071dc00000| Untracked 
| 239|0x000000071de00000, 0x000000071e000000, 0x000000071e000000|100%| O|  |TAMS 0x000000071de00000| PB 0x000000071de00000| Untracked 
| 240|0x000000071e000000, 0x000000071e200000, 0x000000071e200000|100%| O|  |TAMS 0x000000071e000000| PB 0x000000071e000000| Untracked 
| 241|0x000000071e200000, 0x000000071e400000, 0x000000071e400000|100%| O|  |TAMS 0x000000071e200000| PB 0x000000071e200000| Untracked 
| 242|0x000000071e400000, 0x000000071e600000, 0x000000071e600000|100%| O|  |TAMS 0x000000071e400000| PB 0x000000071e400000| Untracked 
| 243|0x000000071e600000, 0x000000071e800000, 0x000000071e800000|100%| O|  |TAMS 0x000000071e600000| PB 0x000000071e600000| Untracked 
| 244|0x000000071e800000, 0x000000071ea00000, 0x000000071ea00000|100%| O|  |TAMS 0x000000071e800000| PB 0x000000071e800000| Untracked 
| 245|0x000000071ea00000, 0x000000071ec00000, 0x000000071ec00000|100%| O|  |TAMS 0x000000071ea00000| PB 0x000000071ea00000| Untracked 
| 246|0x000000071ec00000, 0x000000071ee00000, 0x000000071ee00000|100%| O|  |TAMS 0x000000071ec00000| PB 0x000000071ec00000| Untracked 
| 247|0x000000071ee00000, 0x000000071f000000, 0x000000071f000000|100%| O|  |TAMS 0x000000071ee00000| PB 0x000000071ee00000| Untracked 
| 248|0x000000071f000000, 0x000000071f200000, 0x000000071f200000|100%| O|  |TAMS 0x000000071f000000| PB 0x000000071f000000| Untracked 
| 249|0x000000071f200000, 0x000000071f400000, 0x000000071f400000|100%| O|  |TAMS 0x000000071f200000| PB 0x000000071f200000| Untracked 
| 250|0x000000071f400000, 0x000000071f600000, 0x000000071f600000|100%| O|  |TAMS 0x000000071f400000| PB 0x000000071f400000| Untracked 
| 251|0x000000071f600000, 0x000000071f800000, 0x000000071f800000|100%| O|  |TAMS 0x000000071f600000| PB 0x000000071f600000| Untracked 
| 252|0x000000071f800000, 0x000000071fa00000, 0x000000071fa00000|100%| O|  |TAMS 0x000000071f800000| PB 0x000000071f800000| Untracked 
| 253|0x000000071fa00000, 0x000000071fc00000, 0x000000071fc00000|100%| O|  |TAMS 0x000000071fa00000| PB 0x000000071fa00000| Untracked 
| 254|0x000000071fc00000, 0x000000071fe00000, 0x000000071fe00000|100%| O|  |TAMS 0x000000071fc00000| PB 0x000000071fc00000| Untracked 
| 255|0x000000071fe00000, 0x0000000720000000, 0x0000000720000000|100%| O|  |TAMS 0x000000071fe00000| PB 0x000000071fe00000| Untracked 
| 256|0x0000000720000000, 0x0000000720200000, 0x0000000720200000|100%| O|  |TAMS 0x0000000720000000| PB 0x0000000720000000| Untracked 
| 257|0x0000000720200000, 0x0000000720400000, 0x0000000720400000|100%| O|  |TAMS 0x0000000720200000| PB 0x0000000720200000| Untracked 
| 258|0x0000000720400000, 0x0000000720600000, 0x0000000720600000|100%| O|  |TAMS 0x0000000720400000| PB 0x0000000720400000| Untracked 
| 259|0x0000000720600000, 0x0000000720800000, 0x0000000720800000|100%| O|  |TAMS 0x0000000720600000| PB 0x0000000720600000| Untracked 
| 260|0x0000000720800000, 0x0000000720a00000, 0x0000000720a00000|100%| O|  |TAMS 0x0000000720800000| PB 0x0000000720800000| Untracked 
| 261|0x0000000720a00000, 0x0000000720c00000, 0x0000000720c00000|100%| O|  |TAMS 0x0000000720a00000| PB 0x0000000720a00000| Untracked 
| 262|0x0000000720c00000, 0x0000000720e00000, 0x0000000720e00000|100%| O|  |TAMS 0x0000000720c00000| PB 0x0000000720c00000| Untracked 
| 263|0x0000000720e00000, 0x0000000721000000, 0x0000000721000000|100%| O|  |TAMS 0x0000000720e00000| PB 0x0000000720e00000| Untracked 
| 264|0x0000000721000000, 0x0000000721200000, 0x0000000721200000|100%| O|  |TAMS 0x0000000721000000| PB 0x0000000721000000| Untracked 
| 265|0x0000000721200000, 0x0000000721400000, 0x0000000721400000|100%| O|  |TAMS 0x0000000721200000| PB 0x0000000721200000| Untracked 
| 266|0x0000000721400000, 0x0000000721600000, 0x0000000721600000|100%| O|  |TAMS 0x0000000721400000| PB 0x0000000721400000| Untracked 
| 267|0x0000000721600000, 0x0000000721800000, 0x0000000721800000|100%| O|  |TAMS 0x0000000721600000| PB 0x0000000721600000| Untracked 
| 268|0x0000000721800000, 0x0000000721a00000, 0x0000000721a00000|100%| O|  |TAMS 0x0000000721800000| PB 0x0000000721800000| Untracked 
| 269|0x0000000721a00000, 0x0000000721c00000, 0x0000000721c00000|100%| O|  |TAMS 0x0000000721a00000| PB 0x0000000721a00000| Untracked 
| 270|0x0000000721c00000, 0x0000000721e00000, 0x0000000721e00000|100%| O|  |TAMS 0x0000000721c00000| PB 0x0000000721c00000| Untracked 
| 271|0x0000000721e00000, 0x0000000722000000, 0x0000000722000000|100%| O|  |TAMS 0x0000000721e00000| PB 0x0000000721e00000| Untracked 
| 272|0x0000000722000000, 0x0000000722200000, 0x0000000722200000|100%| O|  |TAMS 0x0000000722000000| PB 0x0000000722000000| Untracked 
| 273|0x0000000722200000, 0x0000000722400000, 0x0000000722400000|100%| O|  |TAMS 0x0000000722200000| PB 0x0000000722200000| Untracked 
| 274|0x0000000722400000, 0x0000000722600000, 0x0000000722600000|100%| O|  |TAMS 0x0000000722400000| PB 0x0000000722400000| Untracked 
| 275|0x0000000722600000, 0x0000000722800000, 0x0000000722800000|100%| O|  |TAMS 0x0000000722600000| PB 0x0000000722600000| Untracked 
| 276|0x0000000722800000, 0x0000000722a00000, 0x0000000722a00000|100%| O|  |TAMS 0x0000000722800000| PB 0x0000000722800000| Untracked 
| 277|0x0000000722a00000, 0x0000000722c00000, 0x0000000722c00000|100%| O|  |TAMS 0x0000000722a00000| PB 0x0000000722a00000| Untracked 
| 278|0x0000000722c00000, 0x0000000722e00000, 0x0000000722e00000|100%| O|  |TAMS 0x0000000722c00000| PB 0x0000000722c00000| Untracked 
| 279|0x0000000722e00000, 0x0000000723000000, 0x0000000723000000|100%| O|  |TAMS 0x0000000722e00000| PB 0x0000000722e00000| Untracked 
| 280|0x0000000723000000, 0x0000000723200000, 0x0000000723200000|100%| O|  |TAMS 0x0000000723000000| PB 0x0000000723000000| Untracked 
| 281|0x0000000723200000, 0x0000000723400000, 0x0000000723400000|100%| O|  |TAMS 0x0000000723200000| PB 0x0000000723200000| Untracked 
| 282|0x0000000723400000, 0x0000000723600000, 0x0000000723600000|100%| O|  |TAMS 0x0000000723400000| PB 0x0000000723400000| Untracked 
| 283|0x0000000723600000, 0x0000000723800000, 0x0000000723800000|100%| O|  |TAMS 0x0000000723600000| PB 0x0000000723600000| Untracked 
| 284|0x0000000723800000, 0x0000000723a00000, 0x0000000723a00000|100%| O|  |TAMS 0x0000000723800000| PB 0x0000000723800000| Untracked 
| 285|0x0000000723a00000, 0x0000000723c00000, 0x0000000723c00000|100%| O|  |TAMS 0x0000000723a00000| PB 0x0000000723a00000| Untracked 
| 286|0x0000000723c00000, 0x0000000723e00000, 0x0000000723e00000|100%| O|  |TAMS 0x0000000723c00000| PB 0x0000000723c00000| Untracked 
| 287|0x0000000723e00000, 0x0000000724000000, 0x0000000724000000|100%| O|  |TAMS 0x0000000723e00000| PB 0x0000000723e00000| Untracked 
| 288|0x0000000724000000, 0x0000000724200000, 0x0000000724200000|100%| O|  |TAMS 0x0000000724000000| PB 0x0000000724000000| Untracked 
| 289|0x0000000724200000, 0x0000000724400000, 0x0000000724400000|100%| O|  |TAMS 0x0000000724200000| PB 0x0000000724200000| Untracked 
| 290|0x0000000724400000, 0x0000000724600000, 0x0000000724600000|100%| O|  |TAMS 0x0000000724400000| PB 0x0000000724400000| Untracked 
| 291|0x0000000724600000, 0x0000000724800000, 0x0000000724800000|100%| O|  |TAMS 0x0000000724600000| PB 0x0000000724600000| Untracked 
| 292|0x0000000724800000, 0x0000000724a00000, 0x0000000724a00000|100%| O|  |TAMS 0x0000000724800000| PB 0x0000000724800000| Untracked 
| 293|0x0000000724a00000, 0x0000000724c00000, 0x0000000724c00000|100%| O|  |TAMS 0x0000000724a00000| PB 0x0000000724a00000| Untracked 
| 294|0x0000000724c00000, 0x0000000724e00000, 0x0000000724e00000|100%| O|  |TAMS 0x0000000724c00000| PB 0x0000000724c00000| Untracked 
| 295|0x0000000724e00000, 0x0000000725000000, 0x0000000725000000|100%| O|  |TAMS 0x0000000724e00000| PB 0x0000000724e00000| Untracked 
| 296|0x0000000725000000, 0x0000000725200000, 0x0000000725200000|100%| O|  |TAMS 0x0000000725000000| PB 0x0000000725000000| Untracked 
| 297|0x0000000725200000, 0x0000000725400000, 0x0000000725400000|100%| O|  |TAMS 0x0000000725200000| PB 0x0000000725200000| Untracked 
| 298|0x0000000725400000, 0x0000000725600000, 0x0000000725600000|100%| O|  |TAMS 0x0000000725400000| PB 0x0000000725400000| Untracked 
| 299|0x0000000725600000, 0x0000000725800000, 0x0000000725800000|100%| O|  |TAMS 0x0000000725600000| PB 0x0000000725600000| Untracked 
| 300|0x0000000725800000, 0x0000000725a00000, 0x0000000725a00000|100%| O|  |TAMS 0x0000000725800000| PB 0x0000000725800000| Untracked 
| 301|0x0000000725a00000, 0x0000000725c00000, 0x0000000725c00000|100%| O|  |TAMS 0x0000000725a00000| PB 0x0000000725a00000| Untracked 
| 302|0x0000000725c00000, 0x0000000725e00000, 0x0000000725e00000|100%| O|  |TAMS 0x0000000725c00000| PB 0x0000000725c00000| Untracked 
| 303|0x0000000725e00000, 0x0000000726000000, 0x0000000726000000|100%| O|  |TAMS 0x0000000725e00000| PB 0x0000000725e00000| Untracked 
| 304|0x0000000726000000, 0x0000000726200000, 0x0000000726200000|100%| O|  |TAMS 0x0000000726000000| PB 0x0000000726000000| Untracked 
| 305|0x0000000726200000, 0x0000000726400000, 0x0000000726400000|100%| O|  |TAMS 0x0000000726200000| PB 0x0000000726200000| Untracked 
| 306|0x0000000726400000, 0x0000000726600000, 0x0000000726600000|100%| O|  |TAMS 0x0000000726400000| PB 0x0000000726400000| Untracked 
| 307|0x0000000726600000, 0x0000000726800000, 0x0000000726800000|100%| O|  |TAMS 0x0000000726600000| PB 0x0000000726600000| Untracked 
| 308|0x0000000726800000, 0x0000000726a00000, 0x0000000726a00000|100%| O|  |TAMS 0x0000000726800000| PB 0x0000000726800000| Untracked 
| 309|0x0000000726a00000, 0x0000000726c00000, 0x0000000726c00000|100%| O|  |TAMS 0x0000000726a00000| PB 0x0000000726a00000| Untracked 
| 310|0x0000000726c00000, 0x0000000726e00000, 0x0000000726e00000|100%| O|  |TAMS 0x0000000726c00000| PB 0x0000000726c00000| Untracked 
| 311|0x0000000726e00000, 0x0000000727000000, 0x0000000727000000|100%| O|  |TAMS 0x0000000726e00000| PB 0x0000000726e00000| Untracked 
| 312|0x0000000727000000, 0x0000000727200000, 0x0000000727200000|100%| O|  |TAMS 0x0000000727000000| PB 0x0000000727000000| Untracked 
| 313|0x0000000727200000, 0x0000000727400000, 0x0000000727400000|100%| O|  |TAMS 0x0000000727200000| PB 0x0000000727200000| Untracked 
| 314|0x0000000727400000, 0x0000000727600000, 0x0000000727600000|100%| O|  |TAMS 0x0000000727400000| PB 0x0000000727400000| Untracked 
| 315|0x0000000727600000, 0x0000000727800000, 0x0000000727800000|100%| O|  |TAMS 0x0000000727600000| PB 0x0000000727600000| Untracked 
| 316|0x0000000727800000, 0x0000000727a00000, 0x0000000727a00000|100%| O|  |TAMS 0x0000000727800000| PB 0x0000000727800000| Untracked 
| 317|0x0000000727a00000, 0x0000000727c00000, 0x0000000727c00000|100%| O|  |TAMS 0x0000000727a00000| PB 0x0000000727a00000| Untracked 
| 318|0x0000000727c00000, 0x0000000727e00000, 0x0000000727e00000|100%| O|  |TAMS 0x0000000727c00000| PB 0x0000000727c00000| Untracked 
| 319|0x0000000727e00000, 0x0000000728000000, 0x0000000728000000|100%| O|  |TAMS 0x0000000727e00000| PB 0x0000000727e00000| Untracked 
| 320|0x0000000728000000, 0x0000000728200000, 0x0000000728200000|100%| O|  |TAMS 0x0000000728000000| PB 0x0000000728000000| Untracked 
| 321|0x0000000728200000, 0x0000000728400000, 0x0000000728400000|100%| O|  |TAMS 0x0000000728200000| PB 0x0000000728200000| Untracked 
| 322|0x0000000728400000, 0x0000000728600000, 0x0000000728600000|100%| O|  |TAMS 0x0000000728400000| PB 0x0000000728400000| Untracked 
| 323|0x0000000728600000, 0x0000000728800000, 0x0000000728800000|100%| O|  |TAMS 0x0000000728600000| PB 0x0000000728600000| Untracked 
| 324|0x0000000728800000, 0x0000000728a00000, 0x0000000728a00000|100%| O|  |TAMS 0x0000000728800000| PB 0x0000000728800000| Untracked 
| 325|0x0000000728a00000, 0x0000000728c00000, 0x0000000728c00000|100%| O|  |TAMS 0x0000000728a00000| PB 0x0000000728a00000| Untracked 
| 326|0x0000000728c00000, 0x0000000728e00000, 0x0000000728e00000|100%| O|  |TAMS 0x0000000728c00000| PB 0x0000000728c00000| Untracked 
| 327|0x0000000728e00000, 0x0000000729000000, 0x0000000729000000|100%| O|  |TAMS 0x0000000728e00000| PB 0x0000000728e00000| Untracked 
| 328|0x0000000729000000, 0x0000000729200000, 0x0000000729200000|100%| O|  |TAMS 0x0000000729000000| PB 0x0000000729000000| Untracked 
| 329|0x0000000729200000, 0x0000000729400000, 0x0000000729400000|100%| O|  |TAMS 0x0000000729200000| PB 0x0000000729200000| Untracked 
| 330|0x0000000729400000, 0x0000000729600000, 0x0000000729600000|100%| O|  |TAMS 0x0000000729400000| PB 0x0000000729400000| Untracked 
| 331|0x0000000729600000, 0x0000000729800000, 0x0000000729800000|100%| O|  |TAMS 0x0000000729600000| PB 0x0000000729600000| Untracked 
| 332|0x0000000729800000, 0x0000000729a00000, 0x0000000729a00000|100%| O|  |TAMS 0x0000000729800000| PB 0x0000000729800000| Untracked 
| 333|0x0000000729a00000, 0x0000000729c00000, 0x0000000729c00000|100%| O|  |TAMS 0x0000000729a00000| PB 0x0000000729a00000| Untracked 
| 334|0x0000000729c00000, 0x0000000729e00000, 0x0000000729e00000|100%| O|  |TAMS 0x0000000729c00000| PB 0x0000000729c00000| Untracked 
| 335|0x0000000729e00000, 0x000000072a000000, 0x000000072a000000|100%| O|  |TAMS 0x0000000729e00000| PB 0x0000000729e00000| Untracked 
| 336|0x000000072a000000, 0x000000072a200000, 0x000000072a200000|100%| O|  |TAMS 0x000000072a000000| PB 0x000000072a000000| Untracked 
| 337|0x000000072a200000, 0x000000072a400000, 0x000000072a400000|100%| O|  |TAMS 0x000000072a200000| PB 0x000000072a200000| Untracked 
| 338|0x000000072a400000, 0x000000072a600000, 0x000000072a600000|100%| O|  |TAMS 0x000000072a400000| PB 0x000000072a400000| Untracked 
| 339|0x000000072a600000, 0x000000072a800000, 0x000000072a800000|100%| O|  |TAMS 0x000000072a600000| PB 0x000000072a600000| Untracked 
| 340|0x000000072a800000, 0x000000072aa00000, 0x000000072aa00000|100%| O|  |TAMS 0x000000072a800000| PB 0x000000072a800000| Untracked 
| 341|0x000000072aa00000, 0x000000072ac00000, 0x000000072ac00000|100%| O|  |TAMS 0x000000072aa00000| PB 0x000000072aa00000| Untracked 
| 342|0x000000072ac00000, 0x000000072ae00000, 0x000000072ae00000|100%| O|  |TAMS 0x000000072ac00000| PB 0x000000072ac00000| Untracked 
| 343|0x000000072ae00000, 0x000000072b000000, 0x000000072b000000|100%| O|  |TAMS 0x000000072ae00000| PB 0x000000072ae00000| Untracked 
| 344|0x000000072b000000, 0x000000072b200000, 0x000000072b200000|100%| O|  |TAMS 0x000000072b000000| PB 0x000000072b000000| Untracked 
| 345|0x000000072b200000, 0x000000072b400000, 0x000000072b400000|100%| O|  |TAMS 0x000000072b200000| PB 0x000000072b200000| Untracked 
| 346|0x000000072b400000, 0x000000072b600000, 0x000000072b600000|100%| O|  |TAMS 0x000000072b400000| PB 0x000000072b400000| Untracked 
| 347|0x000000072b600000, 0x000000072b800000, 0x000000072b800000|100%| O|  |TAMS 0x000000072b600000| PB 0x000000072b600000| Untracked 
| 348|0x000000072b800000, 0x000000072ba00000, 0x000000072ba00000|100%| O|  |TAMS 0x000000072b800000| PB 0x000000072b800000| Untracked 
| 349|0x000000072ba00000, 0x000000072bc00000, 0x000000072bc00000|100%| O|  |TAMS 0x000000072ba00000| PB 0x000000072ba00000| Untracked 
| 350|0x000000072bc00000, 0x000000072be00000, 0x000000072be00000|100%| O|  |TAMS 0x000000072bc00000| PB 0x000000072bc00000| Untracked 
| 351|0x000000072be00000, 0x000000072c000000, 0x000000072c000000|100%| O|  |TAMS 0x000000072be00000| PB 0x000000072be00000| Untracked 
| 352|0x000000072c000000, 0x000000072c200000, 0x000000072c200000|100%| O|  |TAMS 0x000000072c000000| PB 0x000000072c000000| Untracked 
| 353|0x000000072c200000, 0x000000072c400000, 0x000000072c400000|100%| O|  |TAMS 0x000000072c200000| PB 0x000000072c200000| Untracked 
| 354|0x000000072c400000, 0x000000072c600000, 0x000000072c600000|100%| O|  |TAMS 0x000000072c400000| PB 0x000000072c400000| Untracked 
| 355|0x000000072c600000, 0x000000072c800000, 0x000000072c800000|100%| O|  |TAMS 0x000000072c600000| PB 0x000000072c600000| Untracked 
| 356|0x000000072c800000, 0x000000072ca00000, 0x000000072ca00000|100%| O|  |TAMS 0x000000072c800000| PB 0x000000072c800000| Untracked 
| 357|0x000000072ca00000, 0x000000072cc00000, 0x000000072cc00000|100%| O|  |TAMS 0x000000072ca00000| PB 0x000000072ca00000| Untracked 
| 358|0x000000072cc00000, 0x000000072ce00000, 0x000000072ce00000|100%| O|  |TAMS 0x000000072cc00000| PB 0x000000072cc00000| Untracked 
| 359|0x000000072ce00000, 0x000000072d000000, 0x000000072d000000|100%| O|  |TAMS 0x000000072ce00000| PB 0x000000072ce00000| Untracked 
| 360|0x000000072d000000, 0x000000072d200000, 0x000000072d200000|100%| O|  |TAMS 0x000000072d000000| PB 0x000000072d000000| Untracked 
| 361|0x000000072d200000, 0x000000072d400000, 0x000000072d400000|100%| O|  |TAMS 0x000000072d200000| PB 0x000000072d200000| Untracked 
| 362|0x000000072d400000, 0x000000072d600000, 0x000000072d600000|100%| O|  |TAMS 0x000000072d400000| PB 0x000000072d400000| Untracked 
| 363|0x000000072d600000, 0x000000072d800000, 0x000000072d800000|100%| O|  |TAMS 0x000000072d600000| PB 0x000000072d600000| Untracked 
| 364|0x000000072d800000, 0x000000072da00000, 0x000000072da00000|100%| O|  |TAMS 0x000000072d800000| PB 0x000000072d800000| Untracked 
| 365|0x000000072da00000, 0x000000072dc00000, 0x000000072dc00000|100%| O|  |TAMS 0x000000072da00000| PB 0x000000072da00000| Untracked 
| 366|0x000000072dc00000, 0x000000072de00000, 0x000000072de00000|100%| O|  |TAMS 0x000000072dc00000| PB 0x000000072dc00000| Untracked 
| 367|0x000000072de00000, 0x000000072e000000, 0x000000072e000000|100%| O|  |TAMS 0x000000072de00000| PB 0x000000072de00000| Untracked 
| 368|0x000000072e000000, 0x000000072e200000, 0x000000072e200000|100%| O|  |TAMS 0x000000072e000000| PB 0x000000072e000000| Untracked 
| 369|0x000000072e200000, 0x000000072e400000, 0x000000072e400000|100%| O|  |TAMS 0x000000072e200000| PB 0x000000072e200000| Untracked 
| 370|0x000000072e400000, 0x000000072e600000, 0x000000072e600000|100%| O|  |TAMS 0x000000072e400000| PB 0x000000072e400000| Untracked 
| 371|0x000000072e600000, 0x000000072e800000, 0x000000072e800000|100%| O|  |TAMS 0x000000072e600000| PB 0x000000072e600000| Untracked 
| 372|0x000000072e800000, 0x000000072ea00000, 0x000000072ea00000|100%| O|  |TAMS 0x000000072e800000| PB 0x000000072e800000| Untracked 
| 373|0x000000072ea00000, 0x000000072ec00000, 0x000000072ec00000|100%| O|  |TAMS 0x000000072ea00000| PB 0x000000072ea00000| Untracked 
| 374|0x000000072ec00000, 0x000000072ee00000, 0x000000072ee00000|100%| O|  |TAMS 0x000000072ec00000| PB 0x000000072ec00000| Untracked 
| 375|0x000000072ee00000, 0x000000072f000000, 0x000000072f000000|100%| O|  |TAMS 0x000000072ee00000| PB 0x000000072ee00000| Untracked 
| 376|0x000000072f000000, 0x000000072f200000, 0x000000072f200000|100%| O|  |TAMS 0x000000072f000000| PB 0x000000072f000000| Untracked 
| 377|0x000000072f200000, 0x000000072f400000, 0x000000072f400000|100%| O|  |TAMS 0x000000072f200000| PB 0x000000072f200000| Untracked 
| 378|0x000000072f400000, 0x000000072f600000, 0x000000072f600000|100%| O|  |TAMS 0x000000072f400000| PB 0x000000072f400000| Untracked 
| 379|0x000000072f600000, 0x000000072f800000, 0x000000072f800000|100%| O|  |TAMS 0x000000072f600000| PB 0x000000072f600000| Untracked 
| 380|0x000000072f800000, 0x000000072fa00000, 0x000000072fa00000|100%| O|  |TAMS 0x000000072f800000| PB 0x000000072f800000| Untracked 
| 381|0x000000072fa00000, 0x000000072fc00000, 0x000000072fc00000|100%| O|  |TAMS 0x000000072fa00000| PB 0x000000072fa00000| Untracked 
| 382|0x000000072fc00000, 0x000000072fe00000, 0x000000072fe00000|100%| O|  |TAMS 0x000000072fc00000| PB 0x000000072fc00000| Untracked 
| 383|0x000000072fe00000, 0x0000000730000000, 0x0000000730000000|100%| O|  |TAMS 0x000000072fe00000| PB 0x000000072fe00000| Untracked 
| 384|0x0000000730000000, 0x0000000730200000, 0x0000000730200000|100%| O|  |TAMS 0x0000000730000000| PB 0x0000000730000000| Untracked 
| 385|0x0000000730200000, 0x0000000730400000, 0x0000000730400000|100%| O|  |TAMS 0x0000000730200000| PB 0x0000000730200000| Untracked 
| 386|0x0000000730400000, 0x0000000730600000, 0x0000000730600000|100%| O|  |TAMS 0x0000000730400000| PB 0x0000000730400000| Untracked 
| 387|0x0000000730600000, 0x0000000730800000, 0x0000000730800000|100%| O|  |TAMS 0x0000000730600000| PB 0x0000000730600000| Untracked 
| 388|0x0000000730800000, 0x0000000730a00000, 0x0000000730a00000|100%| O|  |TAMS 0x0000000730800000| PB 0x0000000730800000| Untracked 
| 389|0x0000000730a00000, 0x0000000730c00000, 0x0000000730c00000|100%| O|  |TAMS 0x0000000730a00000| PB 0x0000000730a00000| Untracked 
| 390|0x0000000730c00000, 0x0000000730e00000, 0x0000000730e00000|100%| O|  |TAMS 0x0000000730c00000| PB 0x0000000730c00000| Untracked 
| 391|0x0000000730e00000, 0x0000000731000000, 0x0000000731000000|100%| O|  |TAMS 0x0000000730e00000| PB 0x0000000730e00000| Untracked 
| 392|0x0000000731000000, 0x0000000731200000, 0x0000000731200000|100%| O|  |TAMS 0x0000000731000000| PB 0x0000000731000000| Untracked 
| 393|0x0000000731200000, 0x0000000731400000, 0x0000000731400000|100%| O|  |TAMS 0x0000000731200000| PB 0x0000000731200000| Untracked 
| 394|0x0000000731400000, 0x0000000731600000, 0x0000000731600000|100%| O|  |TAMS 0x0000000731400000| PB 0x0000000731400000| Untracked 
| 395|0x0000000731600000, 0x0000000731800000, 0x0000000731800000|100%| O|  |TAMS 0x0000000731600000| PB 0x0000000731600000| Untracked 
| 396|0x0000000731800000, 0x0000000731a00000, 0x0000000731a00000|100%| O|  |TAMS 0x0000000731800000| PB 0x0000000731800000| Untracked 
| 397|0x0000000731a00000, 0x0000000731c00000, 0x0000000731c00000|100%| O|  |TAMS 0x0000000731a00000| PB 0x0000000731a00000| Untracked 
| 398|0x0000000731c00000, 0x0000000731e00000, 0x0000000731e00000|100%| O|  |TAMS 0x0000000731c00000| PB 0x0000000731c00000| Untracked 
| 399|0x0000000731e00000, 0x0000000732000000, 0x0000000732000000|100%| O|Cm|TAMS 0x0000000731e00000| PB 0x0000000731e00000| Complete 
| 400|0x0000000732000000, 0x0000000732200000, 0x0000000732200000|100%| O|Cm|TAMS 0x0000000732000000| PB 0x0000000732000000| Complete 
| 401|0x0000000732200000, 0x0000000732400000, 0x0000000732400000|100%| O|  |TAMS 0x0000000732200000| PB 0x0000000732200000| Untracked 
| 402|0x0000000732400000, 0x0000000732600000, 0x0000000732600000|100%| O|  |TAMS 0x0000000732400000| PB 0x0000000732400000| Untracked 
| 403|0x0000000732600000, 0x0000000732800000, 0x0000000732800000|100%| O|  |TAMS 0x0000000732600000| PB 0x0000000732600000| Untracked 
| 404|0x0000000732800000, 0x0000000732a00000, 0x0000000732a00000|100%| O|  |TAMS 0x0000000732800000| PB 0x0000000732800000| Untracked 
| 405|0x0000000732a00000, 0x0000000732c00000, 0x0000000732c00000|100%| O|  |TAMS 0x0000000732a00000| PB 0x0000000732a00000| Untracked 
| 406|0x0000000732c00000, 0x0000000732e00000, 0x0000000732e00000|100%| O|  |TAMS 0x0000000732c00000| PB 0x0000000732c00000| Untracked 
| 407|0x0000000732e00000, 0x0000000733000000, 0x0000000733000000|100%| O|  |TAMS 0x0000000732e00000| PB 0x0000000732e00000| Untracked 
| 408|0x0000000733000000, 0x0000000733200000, 0x0000000733200000|100%| O|  |TAMS 0x0000000733000000| PB 0x0000000733000000| Untracked 
| 409|0x0000000733200000, 0x0000000733400000, 0x0000000733400000|100%| O|  |TAMS 0x0000000733200000| PB 0x0000000733200000| Untracked 
| 410|0x0000000733400000, 0x0000000733600000, 0x0000000733600000|100%| O|  |TAMS 0x0000000733400000| PB 0x0000000733400000| Untracked 
| 411|0x0000000733600000, 0x0000000733800000, 0x0000000733800000|100%| O|  |TAMS 0x0000000733600000| PB 0x0000000733600000| Untracked 
| 412|0x0000000733800000, 0x0000000733a00000, 0x0000000733a00000|100%| O|  |TAMS 0x0000000733800000| PB 0x0000000733800000| Untracked 
| 413|0x0000000733a00000, 0x0000000733c00000, 0x0000000733c00000|100%| O|  |TAMS 0x0000000733a00000| PB 0x0000000733a00000| Untracked 
| 414|0x0000000733c00000, 0x0000000733e00000, 0x0000000733e00000|100%| O|  |TAMS 0x0000000733c00000| PB 0x0000000733c00000| Untracked 
| 415|0x0000000733e00000, 0x0000000734000000, 0x0000000734000000|100%| O|  |TAMS 0x0000000733e00000| PB 0x0000000733e00000| Untracked 
| 416|0x0000000734000000, 0x0000000734200000, 0x0000000734200000|100%| O|  |TAMS 0x0000000734000000| PB 0x0000000734000000| Untracked 
| 417|0x0000000734200000, 0x0000000734400000, 0x0000000734400000|100%| O|  |TAMS 0x0000000734200000| PB 0x0000000734200000| Untracked 
| 418|0x0000000734400000, 0x0000000734600000, 0x0000000734600000|100%| O|  |TAMS 0x0000000734400000| PB 0x0000000734400000| Untracked 
| 419|0x0000000734600000, 0x0000000734800000, 0x0000000734800000|100%| O|  |TAMS 0x0000000734600000| PB 0x0000000734600000| Untracked 
| 420|0x0000000734800000, 0x0000000734a00000, 0x0000000734a00000|100%| O|  |TAMS 0x0000000734800000| PB 0x0000000734800000| Untracked 
| 421|0x0000000734a00000, 0x0000000734c00000, 0x0000000734c00000|100%| O|  |TAMS 0x0000000734a00000| PB 0x0000000734a00000| Untracked 
| 422|0x0000000734c00000, 0x0000000734e00000, 0x0000000734e00000|100%| O|  |TAMS 0x0000000734c00000| PB 0x0000000734c00000| Untracked 
| 423|0x0000000734e00000, 0x0000000735000000, 0x0000000735000000|100%| O|  |TAMS 0x0000000734e00000| PB 0x0000000734e00000| Untracked 
| 424|0x0000000735000000, 0x0000000735200000, 0x0000000735200000|100%| O|  |TAMS 0x0000000735000000| PB 0x0000000735000000| Untracked 
| 425|0x0000000735200000, 0x0000000735400000, 0x0000000735400000|100%| O|  |TAMS 0x0000000735200000| PB 0x0000000735200000| Untracked 
| 426|0x0000000735400000, 0x0000000735600000, 0x0000000735600000|100%| O|  |TAMS 0x0000000735400000| PB 0x0000000735400000| Untracked 
| 427|0x0000000735600000, 0x0000000735800000, 0x0000000735800000|100%| O|  |TAMS 0x0000000735600000| PB 0x0000000735600000| Untracked 
| 428|0x0000000735800000, 0x0000000735a00000, 0x0000000735a00000|100%| O|  |TAMS 0x0000000735800000| PB 0x0000000735800000| Untracked 
| 429|0x0000000735a00000, 0x0000000735c00000, 0x0000000735c00000|100%| O|Cm|TAMS 0x0000000735a00000| PB 0x0000000735a00000| Complete 
| 430|0x0000000735c00000, 0x0000000735e00000, 0x0000000735e00000|100%| O|  |TAMS 0x0000000735c00000| PB 0x0000000735c00000| Untracked 
| 431|0x0000000735e00000, 0x0000000736000000, 0x0000000736000000|100%| O|  |TAMS 0x0000000735e00000| PB 0x0000000735e00000| Untracked 
| 432|0x0000000736000000, 0x0000000736200000, 0x0000000736200000|100%| O|  |TAMS 0x0000000736000000| PB 0x0000000736000000| Untracked 
| 433|0x0000000736200000, 0x0000000736400000, 0x0000000736400000|100%| O|  |TAMS 0x0000000736200000| PB 0x0000000736200000| Untracked 
| 434|0x0000000736400000, 0x0000000736600000, 0x0000000736600000|100%| O|  |TAMS 0x0000000736400000| PB 0x0000000736400000| Untracked 
| 435|0x0000000736600000, 0x0000000736800000, 0x0000000736800000|100%| O|  |TAMS 0x0000000736600000| PB 0x0000000736600000| Untracked 
| 436|0x0000000736800000, 0x0000000736a00000, 0x0000000736a00000|100%| O|  |TAMS 0x0000000736800000| PB 0x0000000736800000| Untracked 
| 437|0x0000000736a00000, 0x0000000736c00000, 0x0000000736c00000|100%| O|  |TAMS 0x0000000736a00000| PB 0x0000000736a00000| Untracked 
| 438|0x0000000736c00000, 0x0000000736e00000, 0x0000000736e00000|100%| O|  |TAMS 0x0000000736c00000| PB 0x0000000736c00000| Untracked 
| 439|0x0000000736e00000, 0x0000000737000000, 0x0000000737000000|100%| O|  |TAMS 0x0000000736e00000| PB 0x0000000736e00000| Untracked 
| 440|0x0000000737000000, 0x0000000737200000, 0x0000000737200000|100%| O|  |TAMS 0x0000000737000000| PB 0x0000000737000000| Untracked 
| 441|0x0000000737200000, 0x0000000737400000, 0x0000000737400000|100%| O|  |TAMS 0x0000000737200000| PB 0x0000000737200000| Untracked 
| 442|0x0000000737400000, 0x0000000737600000, 0x0000000737600000|100%| O|  |TAMS 0x0000000737400000| PB 0x0000000737400000| Untracked 
| 443|0x0000000737600000, 0x0000000737800000, 0x0000000737800000|100%| O|  |TAMS 0x0000000737600000| PB 0x0000000737600000| Untracked 
| 444|0x0000000737800000, 0x0000000737a00000, 0x0000000737a00000|100%| O|  |TAMS 0x0000000737800000| PB 0x0000000737800000| Untracked 
| 445|0x0000000737a00000, 0x0000000737c00000, 0x0000000737c00000|100%| O|  |TAMS 0x0000000737a00000| PB 0x0000000737a00000| Untracked 
| 446|0x0000000737c00000, 0x0000000737e00000, 0x0000000737e00000|100%| O|  |TAMS 0x0000000737c00000| PB 0x0000000737c00000| Untracked 
| 447|0x0000000737e00000, 0x0000000738000000, 0x0000000738000000|100%| O|  |TAMS 0x0000000737e00000| PB 0x0000000737e00000| Untracked 
| 448|0x0000000738000000, 0x0000000738200000, 0x0000000738200000|100%| O|  |TAMS 0x0000000738000000| PB 0x0000000738000000| Untracked 
| 449|0x0000000738200000, 0x0000000738400000, 0x0000000738400000|100%| O|  |TAMS 0x0000000738200000| PB 0x0000000738200000| Untracked 
| 450|0x0000000738400000, 0x0000000738600000, 0x0000000738600000|100%| O|  |TAMS 0x0000000738400000| PB 0x0000000738400000| Untracked 
| 451|0x0000000738600000, 0x0000000738800000, 0x0000000738800000|100%| O|  |TAMS 0x0000000738600000| PB 0x0000000738600000| Untracked 
| 452|0x0000000738800000, 0x0000000738a00000, 0x0000000738a00000|100%| O|  |TAMS 0x0000000738800000| PB 0x0000000738800000| Untracked 
| 453|0x0000000738a00000, 0x0000000738c00000, 0x0000000738c00000|100%| O|  |TAMS 0x0000000738a00000| PB 0x0000000738a00000| Untracked 
| 454|0x0000000738c00000, 0x0000000738e00000, 0x0000000738e00000|100%| O|  |TAMS 0x0000000738c00000| PB 0x0000000738c00000| Untracked 
| 455|0x0000000738e00000, 0x0000000739000000, 0x0000000739000000|100%| O|  |TAMS 0x0000000738e00000| PB 0x0000000738e00000| Untracked 
| 456|0x0000000739000000, 0x0000000739200000, 0x0000000739200000|100%| O|  |TAMS 0x0000000739000000| PB 0x0000000739000000| Untracked 
| 457|0x0000000739200000, 0x0000000739400000, 0x0000000739400000|100%| O|  |TAMS 0x0000000739200000| PB 0x0000000739200000| Untracked 
| 458|0x0000000739400000, 0x0000000739600000, 0x0000000739600000|100%| O|  |TAMS 0x0000000739400000| PB 0x0000000739400000| Untracked 
| 459|0x0000000739600000, 0x0000000739800000, 0x0000000739800000|100%| O|  |TAMS 0x0000000739600000| PB 0x0000000739600000| Untracked 
| 460|0x0000000739800000, 0x0000000739a00000, 0x0000000739a00000|100%| O|  |TAMS 0x0000000739800000| PB 0x0000000739800000| Untracked 
| 461|0x0000000739a00000, 0x0000000739c00000, 0x0000000739c00000|100%| O|  |TAMS 0x0000000739a00000| PB 0x0000000739a00000| Untracked 
| 462|0x0000000739c00000, 0x0000000739e00000, 0x0000000739e00000|100%| O|  |TAMS 0x0000000739c00000| PB 0x0000000739c00000| Untracked 
| 463|0x0000000739e00000, 0x000000073a000000, 0x000000073a000000|100%| O|  |TAMS 0x0000000739e00000| PB 0x0000000739e00000| Untracked 
| 464|0x000000073a000000, 0x000000073a200000, 0x000000073a200000|100%| O|  |TAMS 0x000000073a000000| PB 0x000000073a000000| Untracked 
| 465|0x000000073a200000, 0x000000073a400000, 0x000000073a400000|100%| O|  |TAMS 0x000000073a200000| PB 0x000000073a200000| Untracked 
| 466|0x000000073a400000, 0x000000073a600000, 0x000000073a600000|100%| O|  |TAMS 0x000000073a400000| PB 0x000000073a400000| Untracked 
| 467|0x000000073a600000, 0x000000073a800000, 0x000000073a800000|100%| O|  |TAMS 0x000000073a600000| PB 0x000000073a600000| Untracked 
| 468|0x000000073a800000, 0x000000073aa00000, 0x000000073aa00000|100%| O|  |TAMS 0x000000073a800000| PB 0x000000073a800000| Untracked 
| 469|0x000000073aa00000, 0x000000073ac00000, 0x000000073ac00000|100%| O|  |TAMS 0x000000073aa00000| PB 0x000000073aa00000| Untracked 
| 470|0x000000073ac00000, 0x000000073ae00000, 0x000000073ae00000|100%| O|  |TAMS 0x000000073ac00000| PB 0x000000073ac00000| Untracked 
| 471|0x000000073ae00000, 0x000000073b000000, 0x000000073b000000|100%| O|  |TAMS 0x000000073ae00000| PB 0x000000073ae00000| Untracked 
| 472|0x000000073b000000, 0x000000073b200000, 0x000000073b200000|100%| O|  |TAMS 0x000000073b000000| PB 0x000000073b000000| Untracked 
| 473|0x000000073b200000, 0x000000073b400000, 0x000000073b400000|100%| O|  |TAMS 0x000000073b200000| PB 0x000000073b200000| Untracked 
| 474|0x000000073b400000, 0x000000073b600000, 0x000000073b600000|100%| O|  |TAMS 0x000000073b400000| PB 0x000000073b400000| Untracked 
| 475|0x000000073b600000, 0x000000073b800000, 0x000000073b800000|100%| O|  |TAMS 0x000000073b600000| PB 0x000000073b600000| Untracked 
| 476|0x000000073b800000, 0x000000073ba00000, 0x000000073ba00000|100%| O|  |TAMS 0x000000073b800000| PB 0x000000073b800000| Untracked 
| 477|0x000000073ba00000, 0x000000073bc00000, 0x000000073bc00000|100%| O|  |TAMS 0x000000073ba00000| PB 0x000000073ba00000| Untracked 
| 478|0x000000073bc00000, 0x000000073be00000, 0x000000073be00000|100%| O|  |TAMS 0x000000073bc00000| PB 0x000000073bc00000| Untracked 
| 479|0x000000073be00000, 0x000000073c000000, 0x000000073c000000|100%| O|  |TAMS 0x000000073be00000| PB 0x000000073be00000| Untracked 
| 480|0x000000073c000000, 0x000000073c200000, 0x000000073c200000|100%| O|  |TAMS 0x000000073c000000| PB 0x000000073c000000| Untracked 
| 481|0x000000073c200000, 0x000000073c400000, 0x000000073c400000|100%| O|  |TAMS 0x000000073c200000| PB 0x000000073c200000| Untracked 
| 482|0x000000073c400000, 0x000000073c600000, 0x000000073c600000|100%| O|  |TAMS 0x000000073c400000| PB 0x000000073c400000| Untracked 
| 483|0x000000073c600000, 0x000000073c800000, 0x000000073c800000|100%| O|  |TAMS 0x000000073c600000| PB 0x000000073c600000| Untracked 
| 484|0x000000073c800000, 0x000000073ca00000, 0x000000073ca00000|100%| O|  |TAMS 0x000000073c800000| PB 0x000000073c800000| Untracked 
| 485|0x000000073ca00000, 0x000000073cc00000, 0x000000073cc00000|100%| O|  |TAMS 0x000000073ca00000| PB 0x000000073ca00000| Untracked 
| 486|0x000000073cc00000, 0x000000073ce00000, 0x000000073ce00000|100%| O|  |TAMS 0x000000073cc00000| PB 0x000000073cc00000| Untracked 
| 487|0x000000073ce00000, 0x000000073d000000, 0x000000073d000000|100%| O|  |TAMS 0x000000073ce00000| PB 0x000000073ce00000| Untracked 
| 488|0x000000073d000000, 0x000000073d200000, 0x000000073d200000|100%| O|  |TAMS 0x000000073d000000| PB 0x000000073d000000| Untracked 
| 489|0x000000073d200000, 0x000000073d400000, 0x000000073d400000|100%| O|  |TAMS 0x000000073d200000| PB 0x000000073d200000| Untracked 
| 490|0x000000073d400000, 0x000000073d600000, 0x000000073d600000|100%| O|  |TAMS 0x000000073d400000| PB 0x000000073d400000| Untracked 
| 491|0x000000073d600000, 0x000000073d800000, 0x000000073d800000|100%| O|Cm|TAMS 0x000000073d600000| PB 0x000000073d600000| Complete 
| 492|0x000000073d800000, 0x000000073da00000, 0x000000073da00000|100%| O|Cm|TAMS 0x000000073d800000| PB 0x000000073d800000| Complete 
| 493|0x000000073da00000, 0x000000073dc00000, 0x000000073dc00000|100%| O|  |TAMS 0x000000073da00000| PB 0x000000073da00000| Untracked 
| 494|0x000000073dc00000, 0x000000073de00000, 0x000000073de00000|100%| O|  |TAMS 0x000000073dc00000| PB 0x000000073dc00000| Untracked 
| 495|0x000000073de00000, 0x000000073e000000, 0x000000073e000000|100%| O|  |TAMS 0x000000073de00000| PB 0x000000073de00000| Untracked 
| 496|0x000000073e000000, 0x000000073e200000, 0x000000073e200000|100%| O|  |TAMS 0x000000073e000000| PB 0x000000073e000000| Untracked 
| 497|0x000000073e200000, 0x000000073e400000, 0x000000073e400000|100%| O|  |TAMS 0x000000073e200000| PB 0x000000073e200000| Untracked 
| 498|0x000000073e400000, 0x000000073e600000, 0x000000073e600000|100%| O|  |TAMS 0x000000073e400000| PB 0x000000073e400000| Untracked 
| 499|0x000000073e600000, 0x000000073e800000, 0x000000073e800000|100%| O|Cm|TAMS 0x000000073e600000| PB 0x000000073e600000| Complete 
| 500|0x000000073e800000, 0x000000073ea00000, 0x000000073ea00000|100%| O|Cm|TAMS 0x000000073e800000| PB 0x000000073e800000| Complete 
| 501|0x000000073ea00000, 0x000000073ec00000, 0x000000073ec00000|100%| O|Cm|TAMS 0x000000073ea00000| PB 0x000000073ea00000| Complete 
| 502|0x000000073ec00000, 0x000000073ee00000, 0x000000073ee00000|100%| O|Cm|TAMS 0x000000073ec00000| PB 0x000000073ec00000| Complete 
| 503|0x000000073ee00000, 0x000000073f000000, 0x000000073f000000|100%| O|  |TAMS 0x000000073ee00000| PB 0x000000073ee00000| Untracked 
| 504|0x000000073f000000, 0x000000073f200000, 0x000000073f200000|100%| O|  |TAMS 0x000000073f000000| PB 0x000000073f000000| Untracked 
| 505|0x000000073f200000, 0x000000073f400000, 0x000000073f400000|100%| O|  |TAMS 0x000000073f200000| PB 0x000000073f200000| Untracked 
| 506|0x000000073f400000, 0x000000073f600000, 0x000000073f600000|100%| O|  |TAMS 0x000000073f400000| PB 0x000000073f400000| Untracked 
| 507|0x000000073f600000, 0x000000073f800000, 0x000000073f800000|100%| O|  |TAMS 0x000000073f600000| PB 0x000000073f600000| Untracked 
| 508|0x000000073f800000, 0x000000073fa00000, 0x000000073fa00000|100%| O|  |TAMS 0x000000073f800000| PB 0x000000073f800000| Untracked 
| 509|0x000000073fa00000, 0x000000073fc00000, 0x000000073fc00000|100%| O|  |TAMS 0x000000073fa00000| PB 0x000000073fa00000| Untracked 
| 510|0x000000073fc00000, 0x000000073fe00000, 0x000000073fe00000|100%| O|  |TAMS 0x000000073fc00000| PB 0x000000073fc00000| Untracked 
| 511|0x000000073fe00000, 0x0000000740000000, 0x0000000740000000|100%| O|  |TAMS 0x000000073fe00000| PB 0x000000073fe00000| Untracked 
| 512|0x0000000740000000, 0x0000000740200000, 0x0000000740200000|100%| O|  |TAMS 0x0000000740000000| PB 0x0000000740000000| Untracked 
| 513|0x0000000740200000, 0x0000000740400000, 0x0000000740400000|100%| O|  |TAMS 0x0000000740200000| PB 0x0000000740200000| Untracked 
| 514|0x0000000740400000, 0x0000000740600000, 0x0000000740600000|100%| O|  |TAMS 0x0000000740400000| PB 0x0000000740400000| Untracked 
| 515|0x0000000740600000, 0x0000000740800000, 0x0000000740800000|100%| O|  |TAMS 0x0000000740600000| PB 0x0000000740600000| Untracked 
| 516|0x0000000740800000, 0x0000000740a00000, 0x0000000740a00000|100%| O|  |TAMS 0x0000000740800000| PB 0x0000000740800000| Untracked 
| 517|0x0000000740a00000, 0x0000000740c00000, 0x0000000740c00000|100%| O|  |TAMS 0x0000000740a00000| PB 0x0000000740a00000| Untracked 
| 518|0x0000000740c00000, 0x0000000740e00000, 0x0000000740e00000|100%| O|  |TAMS 0x0000000740c00000| PB 0x0000000740c00000| Untracked 
| 519|0x0000000740e00000, 0x0000000741000000, 0x0000000741000000|100%| O|  |TAMS 0x0000000740e00000| PB 0x0000000740e00000| Untracked 
| 520|0x0000000741000000, 0x0000000741200000, 0x0000000741200000|100%| O|  |TAMS 0x0000000741000000| PB 0x0000000741000000| Untracked 
| 521|0x0000000741200000, 0x0000000741400000, 0x0000000741400000|100%| O|  |TAMS 0x0000000741200000| PB 0x0000000741200000| Untracked 
| 522|0x0000000741400000, 0x0000000741600000, 0x0000000741600000|100%| O|  |TAMS 0x0000000741400000| PB 0x0000000741400000| Untracked 
| 523|0x0000000741600000, 0x0000000741800000, 0x0000000741800000|100%| O|  |TAMS 0x0000000741600000| PB 0x0000000741600000| Untracked 
| 524|0x0000000741800000, 0x0000000741a00000, 0x0000000741a00000|100%| O|  |TAMS 0x0000000741800000| PB 0x0000000741800000| Untracked 
| 525|0x0000000741a00000, 0x0000000741c00000, 0x0000000741c00000|100%| O|  |TAMS 0x0000000741a00000| PB 0x0000000741a00000| Untracked 
| 526|0x0000000741c00000, 0x0000000741e00000, 0x0000000741e00000|100%| O|  |TAMS 0x0000000741c00000| PB 0x0000000741c00000| Untracked 
| 527|0x0000000741e00000, 0x0000000742000000, 0x0000000742000000|100%| O|  |TAMS 0x0000000741e00000| PB 0x0000000741e00000| Untracked 
| 528|0x0000000742000000, 0x0000000742200000, 0x0000000742200000|100%| O|  |TAMS 0x0000000742000000| PB 0x0000000742000000| Untracked 
| 529|0x0000000742200000, 0x0000000742400000, 0x0000000742400000|100%| O|  |TAMS 0x0000000742200000| PB 0x0000000742200000| Untracked 
| 530|0x0000000742400000, 0x0000000742600000, 0x0000000742600000|100%| O|Cm|TAMS 0x0000000742400000| PB 0x0000000742400000| Complete 
| 531|0x0000000742600000, 0x0000000742800000, 0x0000000742800000|100%| O|  |TAMS 0x0000000742600000| PB 0x0000000742600000| Untracked 
| 532|0x0000000742800000, 0x0000000742a00000, 0x0000000742a00000|100%| O|  |TAMS 0x0000000742800000| PB 0x0000000742800000| Untracked 
| 533|0x0000000742a00000, 0x0000000742c00000, 0x0000000742c00000|100%| O|  |TAMS 0x0000000742a00000| PB 0x0000000742a00000| Untracked 
| 534|0x0000000742c00000, 0x0000000742e00000, 0x0000000742e00000|100%| O|  |TAMS 0x0000000742c00000| PB 0x0000000742c00000| Untracked 
| 535|0x0000000742e00000, 0x0000000743000000, 0x0000000743000000|100%| O|  |TAMS 0x0000000742e00000| PB 0x0000000742e00000| Untracked 
| 536|0x0000000743000000, 0x0000000743200000, 0x0000000743200000|100%| O|  |TAMS 0x0000000743000000| PB 0x0000000743000000| Untracked 
| 537|0x0000000743200000, 0x0000000743400000, 0x0000000743400000|100%| O|  |TAMS 0x0000000743200000| PB 0x0000000743200000| Untracked 
| 538|0x0000000743400000, 0x0000000743600000, 0x0000000743600000|100%| O|Cm|TAMS 0x0000000743400000| PB 0x0000000743400000| Complete 
| 539|0x0000000743600000, 0x0000000743800000, 0x0000000743800000|100%| O|Cm|TAMS 0x0000000743600000| PB 0x0000000743600000| Complete 
| 540|0x0000000743800000, 0x0000000743a00000, 0x0000000743a00000|100%| O|Cm|TAMS 0x0000000743800000| PB 0x0000000743800000| Complete 
| 541|0x0000000743a00000, 0x0000000743c00000, 0x0000000743c00000|100%| O|Cm|TAMS 0x0000000743a00000| PB 0x0000000743a00000| Complete 
| 542|0x0000000743c00000, 0x0000000743e00000, 0x0000000743e00000|100%| O|Cm|TAMS 0x0000000743c00000| PB 0x0000000743c00000| Complete 
| 543|0x0000000743e00000, 0x0000000744000000, 0x0000000744000000|100%| O|  |TAMS 0x0000000743e00000| PB 0x0000000743e00000| Untracked 
| 544|0x0000000744000000, 0x0000000744200000, 0x0000000744200000|100%| O|  |TAMS 0x0000000744000000| PB 0x0000000744000000| Untracked 
| 545|0x0000000744200000, 0x0000000744400000, 0x0000000744400000|100%| O|  |TAMS 0x0000000744200000| PB 0x0000000744200000| Untracked 
| 546|0x0000000744400000, 0x0000000744600000, 0x0000000744600000|100%| O|  |TAMS 0x0000000744400000| PB 0x0000000744400000| Untracked 
| 547|0x0000000744600000, 0x0000000744800000, 0x0000000744800000|100%| O|  |TAMS 0x0000000744600000| PB 0x0000000744600000| Untracked 
| 548|0x0000000744800000, 0x0000000744a00000, 0x0000000744a00000|100%| O|  |TAMS 0x0000000744800000| PB 0x0000000744800000| Untracked 
| 549|0x0000000744a00000, 0x0000000744c00000, 0x0000000744c00000|100%| O|  |TAMS 0x0000000744a00000| PB 0x0000000744a00000| Untracked 
| 550|0x0000000744c00000, 0x0000000744e00000, 0x0000000744e00000|100%| O|  |TAMS 0x0000000744c00000| PB 0x0000000744c00000| Untracked 
| 551|0x0000000744e00000, 0x0000000745000000, 0x0000000745000000|100%| O|  |TAMS 0x0000000744e00000| PB 0x0000000744e00000| Untracked 
| 552|0x0000000745000000, 0x0000000745200000, 0x0000000745200000|100%| O|  |TAMS 0x0000000745000000| PB 0x0000000745000000| Untracked 
| 553|0x0000000745200000, 0x0000000745400000, 0x0000000745400000|100%| O|  |TAMS 0x0000000745200000| PB 0x0000000745200000| Untracked 
| 554|0x0000000745400000, 0x0000000745600000, 0x0000000745600000|100%| O|  |TAMS 0x0000000745400000| PB 0x0000000745400000| Untracked 
| 555|0x0000000745600000, 0x0000000745800000, 0x0000000745800000|100%| O|  |TAMS 0x0000000745600000| PB 0x0000000745600000| Untracked 
| 556|0x0000000745800000, 0x0000000745a00000, 0x0000000745a00000|100%| O|  |TAMS 0x0000000745800000| PB 0x0000000745800000| Untracked 
| 557|0x0000000745a00000, 0x0000000745c00000, 0x0000000745c00000|100%| O|  |TAMS 0x0000000745a00000| PB 0x0000000745a00000| Untracked 
| 558|0x0000000745c00000, 0x0000000745e00000, 0x0000000745e00000|100%| O|  |TAMS 0x0000000745c00000| PB 0x0000000745c00000| Untracked 
| 559|0x0000000745e00000, 0x0000000746000000, 0x0000000746000000|100%| O|  |TAMS 0x0000000745e00000| PB 0x0000000745e00000| Untracked 
| 560|0x0000000746000000, 0x0000000746200000, 0x0000000746200000|100%| O|  |TAMS 0x0000000746000000| PB 0x0000000746000000| Untracked 
| 561|0x0000000746200000, 0x0000000746400000, 0x0000000746400000|100%| O|  |TAMS 0x0000000746200000| PB 0x0000000746200000| Untracked 
| 562|0x0000000746400000, 0x0000000746600000, 0x0000000746600000|100%| O|  |TAMS 0x0000000746400000| PB 0x0000000746400000| Untracked 
| 563|0x0000000746600000, 0x0000000746800000, 0x0000000746800000|100%| O|  |TAMS 0x0000000746600000| PB 0x0000000746600000| Untracked 
| 564|0x0000000746800000, 0x0000000746a00000, 0x0000000746a00000|100%| O|  |TAMS 0x0000000746800000| PB 0x0000000746800000| Untracked 
| 565|0x0000000746a00000, 0x0000000746a00000, 0x0000000746c00000|  0%| F|  |TAMS 0x0000000746a00000| PB 0x0000000746a00000| Untracked 
| 566|0x0000000746c00000, 0x0000000746c00000, 0x0000000746e00000|  0%| F|  |TAMS 0x0000000746c00000| PB 0x0000000746c00000| Untracked 
| 567|0x0000000746e00000, 0x0000000746e00000, 0x0000000747000000|  0%| F|  |TAMS 0x0000000746e00000| PB 0x0000000746e00000| Untracked 
| 568|0x0000000747000000, 0x0000000747200000, 0x0000000747200000|100%|HS|  |TAMS 0x0000000747000000| PB 0x0000000747000000| Complete 
| 569|0x0000000747200000, 0x0000000747400000, 0x0000000747400000|100%|HC|  |TAMS 0x0000000747200000| PB 0x0000000747200000| Complete 
| 570|0x0000000747400000, 0x0000000747600000, 0x0000000747600000|100%| O|  |TAMS 0x0000000747400000| PB 0x0000000747400000| Untracked 
| 571|0x0000000747600000, 0x0000000747800000, 0x0000000747800000|100%| O|  |TAMS 0x0000000747600000| PB 0x0000000747600000| Untracked 
| 572|0x0000000747800000, 0x0000000747a00000, 0x0000000747a00000|100%| O|  |TAMS 0x0000000747800000| PB 0x0000000747800000| Untracked 
| 573|0x0000000747a00000, 0x0000000747c00000, 0x0000000747c00000|100%| O|  |TAMS 0x0000000747a00000| PB 0x0000000747a00000| Untracked 
| 574|0x0000000747c00000, 0x0000000747e00000, 0x0000000747e00000|100%| O|  |TAMS 0x0000000747c00000| PB 0x0000000747c00000| Untracked 
| 575|0x0000000747e00000, 0x0000000748000000, 0x0000000748000000|100%| O|  |TAMS 0x0000000747e00000| PB 0x0000000747e00000| Untracked 
| 576|0x0000000748000000, 0x0000000748200000, 0x0000000748200000|100%| O|  |TAMS 0x0000000748000000| PB 0x0000000748000000| Untracked 
| 577|0x0000000748200000, 0x0000000748319730, 0x0000000748400000| 54%| O|  |TAMS 0x0000000748200000| PB 0x0000000748200000| Untracked 
| 578|0x0000000748400000, 0x0000000748400000, 0x0000000748600000|  0%| F|  |TAMS 0x0000000748400000| PB 0x0000000748400000| Untracked 
| 579|0x0000000748600000, 0x0000000748600000, 0x0000000748800000|  0%| F|  |TAMS 0x0000000748600000| PB 0x0000000748600000| Untracked 
| 580|0x0000000748800000, 0x0000000748800000, 0x0000000748a00000|  0%| F|  |TAMS 0x0000000748800000| PB 0x0000000748800000| Untracked 
| 581|0x0000000748a00000, 0x0000000748a00000, 0x0000000748c00000|  0%| F|  |TAMS 0x0000000748a00000| PB 0x0000000748a00000| Untracked 
| 582|0x0000000748c00000, 0x0000000748c00000, 0x0000000748e00000|  0%| F|  |TAMS 0x0000000748c00000| PB 0x0000000748c00000| Untracked 
| 583|0x0000000748e00000, 0x0000000748e00000, 0x0000000749000000|  0%| F|  |TAMS 0x0000000748e00000| PB 0x0000000748e00000| Untracked 
| 584|0x0000000749000000, 0x0000000749000000, 0x0000000749200000|  0%| F|  |TAMS 0x0000000749000000| PB 0x0000000749000000| Untracked 
| 585|0x0000000749200000, 0x0000000749200000, 0x0000000749400000|  0%| F|  |TAMS 0x0000000749200000| PB 0x0000000749200000| Untracked 
| 586|0x0000000749400000, 0x0000000749400000, 0x0000000749600000|  0%| F|  |TAMS 0x0000000749400000| PB 0x0000000749400000| Untracked 
| 587|0x0000000749600000, 0x0000000749600000, 0x0000000749800000|  0%| F|  |TAMS 0x0000000749600000| PB 0x0000000749600000| Untracked 
| 588|0x0000000749800000, 0x0000000749800000, 0x0000000749a00000|  0%| F|  |TAMS 0x0000000749800000| PB 0x0000000749800000| Untracked 
| 589|0x0000000749a00000, 0x0000000749a00000, 0x0000000749c00000|  0%| F|  |TAMS 0x0000000749a00000| PB 0x0000000749a00000| Untracked 
| 590|0x0000000749c00000, 0x0000000749c00000, 0x0000000749e00000|  0%| F|  |TAMS 0x0000000749c00000| PB 0x0000000749c00000| Untracked 
| 591|0x0000000749e00000, 0x0000000749e00000, 0x000000074a000000|  0%| F|  |TAMS 0x0000000749e00000| PB 0x0000000749e00000| Untracked 
| 592|0x000000074a000000, 0x000000074a000000, 0x000000074a200000|  0%| F|  |TAMS 0x000000074a000000| PB 0x000000074a000000| Untracked 
| 593|0x000000074a200000, 0x000000074a200000, 0x000000074a400000|  0%| F|  |TAMS 0x000000074a200000| PB 0x000000074a200000| Untracked 
| 594|0x000000074a400000, 0x000000074a400000, 0x000000074a600000|  0%| F|  |TAMS 0x000000074a400000| PB 0x000000074a400000| Untracked 
| 595|0x000000074a600000, 0x000000074a600000, 0x000000074a800000|  0%| F|  |TAMS 0x000000074a600000| PB 0x000000074a600000| Untracked 
| 596|0x000000074a800000, 0x000000074a800000, 0x000000074aa00000|  0%| F|  |TAMS 0x000000074a800000| PB 0x000000074a800000| Untracked 
| 597|0x000000074aa00000, 0x000000074aa00000, 0x000000074ac00000|  0%| F|  |TAMS 0x000000074aa00000| PB 0x000000074aa00000| Untracked 
| 598|0x000000074ac00000, 0x000000074ac00000, 0x000000074ae00000|  0%| F|  |TAMS 0x000000074ac00000| PB 0x000000074ac00000| Untracked 
| 599|0x000000074ae00000, 0x000000074ae00000, 0x000000074b000000|  0%| F|  |TAMS 0x000000074ae00000| PB 0x000000074ae00000| Untracked 
| 600|0x000000074b000000, 0x000000074b000000, 0x000000074b200000|  0%| F|  |TAMS 0x000000074b000000| PB 0x000000074b000000| Untracked 
| 601|0x000000074b200000, 0x000000074b200000, 0x000000074b400000|  0%| F|  |TAMS 0x000000074b200000| PB 0x000000074b200000| Untracked 
| 602|0x000000074b400000, 0x000000074b400000, 0x000000074b600000|  0%| F|  |TAMS 0x000000074b400000| PB 0x000000074b400000| Untracked 
| 603|0x000000074b600000, 0x000000074b600000, 0x000000074b800000|  0%| F|  |TAMS 0x000000074b600000| PB 0x000000074b600000| Untracked 
| 604|0x000000074b800000, 0x000000074b800000, 0x000000074ba00000|  0%| F|  |TAMS 0x000000074b800000| PB 0x000000074b800000| Untracked 
| 605|0x000000074ba00000, 0x000000074ba00000, 0x000000074bc00000|  0%| F|  |TAMS 0x000000074ba00000| PB 0x000000074ba00000| Untracked 
| 606|0x000000074bc00000, 0x000000074bc00000, 0x000000074be00000|  0%| F|  |TAMS 0x000000074bc00000| PB 0x000000074bc00000| Untracked 
| 607|0x000000074be00000, 0x000000074be00000, 0x000000074c000000|  0%| F|  |TAMS 0x000000074be00000| PB 0x000000074be00000| Untracked 
| 608|0x000000074c000000, 0x000000074c000000, 0x000000074c200000|  0%| F|  |TAMS 0x000000074c000000| PB 0x000000074c000000| Untracked 
| 609|0x000000074c200000, 0x000000074c200000, 0x000000074c400000|  0%| F|  |TAMS 0x000000074c200000| PB 0x000000074c200000| Untracked 
| 610|0x000000074c400000, 0x000000074c400000, 0x000000074c600000|  0%| F|  |TAMS 0x000000074c400000| PB 0x000000074c400000| Untracked 
| 611|0x000000074c600000, 0x000000074c600000, 0x000000074c800000|  0%| F|  |TAMS 0x000000074c600000| PB 0x000000074c600000| Untracked 
| 612|0x000000074c800000, 0x000000074c800000, 0x000000074ca00000|  0%| F|  |TAMS 0x000000074c800000| PB 0x000000074c800000| Untracked 
| 613|0x000000074ca00000, 0x000000074ca00000, 0x000000074cc00000|  0%| F|  |TAMS 0x000000074ca00000| PB 0x000000074ca00000| Untracked 
| 614|0x000000074cc00000, 0x000000074cc00000, 0x000000074ce00000|  0%| F|  |TAMS 0x000000074cc00000| PB 0x000000074cc00000| Untracked 
| 615|0x000000074ce00000, 0x000000074ce00000, 0x000000074d000000|  0%| F|  |TAMS 0x000000074ce00000| PB 0x000000074ce00000| Untracked 
| 616|0x000000074d000000, 0x000000074d000000, 0x000000074d200000|  0%| F|  |TAMS 0x000000074d000000| PB 0x000000074d000000| Untracked 
| 617|0x000000074d200000, 0x000000074d200000, 0x000000074d400000|  0%| F|  |TAMS 0x000000074d200000| PB 0x000000074d200000| Untracked 
| 618|0x000000074d400000, 0x000000074d400000, 0x000000074d600000|  0%| F|  |TAMS 0x000000074d400000| PB 0x000000074d400000| Untracked 
| 619|0x000000074d600000, 0x000000074d600000, 0x000000074d800000|  0%| F|  |TAMS 0x000000074d600000| PB 0x000000074d600000| Untracked 
| 620|0x000000074d800000, 0x000000074d800000, 0x000000074da00000|  0%| F|  |TAMS 0x000000074d800000| PB 0x000000074d800000| Untracked 
| 621|0x000000074da00000, 0x000000074da00000, 0x000000074dc00000|  0%| F|  |TAMS 0x000000074da00000| PB 0x000000074da00000| Untracked 
| 622|0x000000074dc00000, 0x000000074dc00000, 0x000000074de00000|  0%| F|  |TAMS 0x000000074dc00000| PB 0x000000074dc00000| Untracked 
| 623|0x000000074de00000, 0x000000074de00000, 0x000000074e000000|  0%| F|  |TAMS 0x000000074de00000| PB 0x000000074de00000| Untracked 
| 624|0x000000074e000000, 0x000000074e000000, 0x000000074e200000|  0%| F|  |TAMS 0x000000074e000000| PB 0x000000074e000000| Untracked 
| 625|0x000000074e200000, 0x000000074e200000, 0x000000074e400000|  0%| F|  |TAMS 0x000000074e200000| PB 0x000000074e200000| Untracked 
| 626|0x000000074e400000, 0x000000074e400000, 0x000000074e600000|  0%| F|  |TAMS 0x000000074e400000| PB 0x000000074e400000| Untracked 
| 627|0x000000074e600000, 0x000000074e600000, 0x000000074e800000|  0%| F|  |TAMS 0x000000074e600000| PB 0x000000074e600000| Untracked 
| 628|0x000000074e800000, 0x000000074e800000, 0x000000074ea00000|  0%| F|  |TAMS 0x000000074e800000| PB 0x000000074e800000| Untracked 
| 629|0x000000074ea00000, 0x000000074ea00000, 0x000000074ec00000|  0%| F|  |TAMS 0x000000074ea00000| PB 0x000000074ea00000| Untracked 
| 630|0x000000074ec00000, 0x000000074ec00000, 0x000000074ee00000|  0%| F|  |TAMS 0x000000074ec00000| PB 0x000000074ec00000| Untracked 
| 631|0x000000074ee00000, 0x000000074ee00000, 0x000000074f000000|  0%| F|  |TAMS 0x000000074ee00000| PB 0x000000074ee00000| Untracked 
| 632|0x000000074f000000, 0x000000074f000000, 0x000000074f200000|  0%| F|  |TAMS 0x000000074f000000| PB 0x000000074f000000| Untracked 
| 633|0x000000074f200000, 0x000000074f200000, 0x000000074f400000|  0%| F|  |TAMS 0x000000074f200000| PB 0x000000074f200000| Untracked 
| 634|0x000000074f400000, 0x000000074f400000, 0x000000074f600000|  0%| F|  |TAMS 0x000000074f400000| PB 0x000000074f400000| Untracked 
| 635|0x000000074f600000, 0x000000074f600000, 0x000000074f800000|  0%| F|  |TAMS 0x000000074f600000| PB 0x000000074f600000| Untracked 
| 636|0x000000074f800000, 0x000000074f800000, 0x000000074fa00000|  0%| F|  |TAMS 0x000000074f800000| PB 0x000000074f800000| Untracked 
| 637|0x000000074fa00000, 0x000000074fa00000, 0x000000074fc00000|  0%| F|  |TAMS 0x000000074fa00000| PB 0x000000074fa00000| Untracked 
| 638|0x000000074fc00000, 0x000000074fc00000, 0x000000074fe00000|  0%| F|  |TAMS 0x000000074fc00000| PB 0x000000074fc00000| Untracked 
| 639|0x000000074fe00000, 0x000000074fe00000, 0x0000000750000000|  0%| F|  |TAMS 0x000000074fe00000| PB 0x000000074fe00000| Untracked 
| 640|0x0000000750000000, 0x0000000750000000, 0x0000000750200000|  0%| F|  |TAMS 0x0000000750000000| PB 0x0000000750000000| Untracked 
| 641|0x0000000750200000, 0x0000000750200000, 0x0000000750400000|  0%| F|  |TAMS 0x0000000750200000| PB 0x0000000750200000| Untracked 
| 642|0x0000000750400000, 0x0000000750400000, 0x0000000750600000|  0%| F|  |TAMS 0x0000000750400000| PB 0x0000000750400000| Untracked 
| 643|0x0000000750600000, 0x0000000750600000, 0x0000000750800000|  0%| F|  |TAMS 0x0000000750600000| PB 0x0000000750600000| Untracked 
| 644|0x0000000750800000, 0x0000000750800000, 0x0000000750a00000|  0%| F|  |TAMS 0x0000000750800000| PB 0x0000000750800000| Untracked 
| 645|0x0000000750a00000, 0x0000000750a00000, 0x0000000750c00000|  0%| F|  |TAMS 0x0000000750a00000| PB 0x0000000750a00000| Untracked 
| 646|0x0000000750c00000, 0x0000000750c00000, 0x0000000750e00000|  0%| F|  |TAMS 0x0000000750c00000| PB 0x0000000750c00000| Untracked 
| 647|0x0000000750e00000, 0x0000000750e00000, 0x0000000751000000|  0%| F|  |TAMS 0x0000000750e00000| PB 0x0000000750e00000| Untracked 
| 648|0x0000000751000000, 0x0000000751000000, 0x0000000751200000|  0%| F|  |TAMS 0x0000000751000000| PB 0x0000000751000000| Untracked 
| 649|0x0000000751200000, 0x0000000751200000, 0x0000000751400000|  0%| F|  |TAMS 0x0000000751200000| PB 0x0000000751200000| Untracked 
| 650|0x0000000751400000, 0x0000000751400000, 0x0000000751600000|  0%| F|  |TAMS 0x0000000751400000| PB 0x0000000751400000| Untracked 
| 651|0x0000000751600000, 0x0000000751600000, 0x0000000751800000|  0%| F|  |TAMS 0x0000000751600000| PB 0x0000000751600000| Untracked 
| 652|0x0000000751800000, 0x0000000751800000, 0x0000000751a00000|  0%| F|  |TAMS 0x0000000751800000| PB 0x0000000751800000| Untracked 
| 653|0x0000000751a00000, 0x0000000751a00000, 0x0000000751c00000|  0%| F|  |TAMS 0x0000000751a00000| PB 0x0000000751a00000| Untracked 
| 654|0x0000000751c00000, 0x0000000751c00000, 0x0000000751e00000|  0%| F|  |TAMS 0x0000000751c00000| PB 0x0000000751c00000| Untracked 
| 655|0x0000000751e00000, 0x0000000751e00000, 0x0000000752000000|  0%| F|  |TAMS 0x0000000751e00000| PB 0x0000000751e00000| Untracked 
| 656|0x0000000752000000, 0x0000000752000000, 0x0000000752200000|  0%| F|  |TAMS 0x0000000752000000| PB 0x0000000752000000| Untracked 
| 657|0x0000000752200000, 0x0000000752200000, 0x0000000752400000|  0%| F|  |TAMS 0x0000000752200000| PB 0x0000000752200000| Untracked 
| 658|0x0000000752400000, 0x0000000752400000, 0x0000000752600000|  0%| F|  |TAMS 0x0000000752400000| PB 0x0000000752400000| Untracked 
| 659|0x0000000752600000, 0x0000000752600000, 0x0000000752800000|  0%| F|  |TAMS 0x0000000752600000| PB 0x0000000752600000| Untracked 
| 660|0x0000000752800000, 0x0000000752800000, 0x0000000752a00000|  0%| F|  |TAMS 0x0000000752800000| PB 0x0000000752800000| Untracked 
| 661|0x0000000752a00000, 0x0000000752a00000, 0x0000000752c00000|  0%| F|  |TAMS 0x0000000752a00000| PB 0x0000000752a00000| Untracked 
| 662|0x0000000752c00000, 0x0000000752c00000, 0x0000000752e00000|  0%| F|  |TAMS 0x0000000752c00000| PB 0x0000000752c00000| Untracked 
| 663|0x0000000752e00000, 0x0000000752e00000, 0x0000000753000000|  0%| F|  |TAMS 0x0000000752e00000| PB 0x0000000752e00000| Untracked 
| 664|0x0000000753000000, 0x0000000753000000, 0x0000000753200000|  0%| F|  |TAMS 0x0000000753000000| PB 0x0000000753000000| Untracked 
| 665|0x0000000753200000, 0x0000000753200000, 0x0000000753400000|  0%| F|  |TAMS 0x0000000753200000| PB 0x0000000753200000| Untracked 
| 666|0x0000000753400000, 0x0000000753400000, 0x0000000753600000|  0%| F|  |TAMS 0x0000000753400000| PB 0x0000000753400000| Untracked 
| 667|0x0000000753600000, 0x0000000753600000, 0x0000000753800000|  0%| F|  |TAMS 0x0000000753600000| PB 0x0000000753600000| Untracked 
| 668|0x0000000753800000, 0x0000000753800000, 0x0000000753a00000|  0%| F|  |TAMS 0x0000000753800000| PB 0x0000000753800000| Untracked 
| 669|0x0000000753a00000, 0x0000000753a00000, 0x0000000753c00000|  0%| F|  |TAMS 0x0000000753a00000| PB 0x0000000753a00000| Untracked 
| 670|0x0000000753c00000, 0x0000000753c00000, 0x0000000753e00000|  0%| F|  |TAMS 0x0000000753c00000| PB 0x0000000753c00000| Untracked 
| 671|0x0000000753e00000, 0x0000000753e00000, 0x0000000754000000|  0%| F|  |TAMS 0x0000000753e00000| PB 0x0000000753e00000| Untracked 
| 672|0x0000000754000000, 0x0000000754000000, 0x0000000754200000|  0%| F|  |TAMS 0x0000000754000000| PB 0x0000000754000000| Untracked 
| 673|0x0000000754200000, 0x0000000754200000, 0x0000000754400000|  0%| F|  |TAMS 0x0000000754200000| PB 0x0000000754200000| Untracked 
| 674|0x0000000754400000, 0x0000000754400000, 0x0000000754600000|  0%| F|  |TAMS 0x0000000754400000| PB 0x0000000754400000| Untracked 
| 675|0x0000000754600000, 0x0000000754600000, 0x0000000754800000|  0%| F|  |TAMS 0x0000000754600000| PB 0x0000000754600000| Untracked 
| 676|0x0000000754800000, 0x0000000754800000, 0x0000000754a00000|  0%| F|  |TAMS 0x0000000754800000| PB 0x0000000754800000| Untracked 
| 677|0x0000000754a00000, 0x0000000754a00000, 0x0000000754c00000|  0%| F|  |TAMS 0x0000000754a00000| PB 0x0000000754a00000| Untracked 
| 678|0x0000000754c00000, 0x0000000754c00000, 0x0000000754e00000|  0%| F|  |TAMS 0x0000000754c00000| PB 0x0000000754c00000| Untracked 
| 679|0x0000000754e00000, 0x0000000754e00000, 0x0000000755000000|  0%| F|  |TAMS 0x0000000754e00000| PB 0x0000000754e00000| Untracked 
| 680|0x0000000755000000, 0x0000000755000000, 0x0000000755200000|  0%| F|  |TAMS 0x0000000755000000| PB 0x0000000755000000| Untracked 
| 681|0x0000000755200000, 0x0000000755200000, 0x0000000755400000|  0%| F|  |TAMS 0x0000000755200000| PB 0x0000000755200000| Untracked 
| 682|0x0000000755400000, 0x0000000755400000, 0x0000000755600000|  0%| F|  |TAMS 0x0000000755400000| PB 0x0000000755400000| Untracked 
| 683|0x0000000755600000, 0x0000000755800000, 0x0000000755800000|100%| O|  |TAMS 0x0000000755600000| PB 0x0000000755600000| Untracked 
| 684|0x0000000755800000, 0x0000000755800000, 0x0000000755a00000|  0%| F|  |TAMS 0x0000000755800000| PB 0x0000000755800000| Untracked 
| 685|0x0000000755a00000, 0x0000000755a00000, 0x0000000755c00000|  0%| F|  |TAMS 0x0000000755a00000| PB 0x0000000755a00000| Untracked 
| 686|0x0000000755c00000, 0x0000000755c00000, 0x0000000755e00000|  0%| F|  |TAMS 0x0000000755c00000| PB 0x0000000755c00000| Untracked 
| 687|0x0000000755e00000, 0x0000000755e00000, 0x0000000756000000|  0%| F|  |TAMS 0x0000000755e00000| PB 0x0000000755e00000| Untracked 
| 688|0x0000000756000000, 0x0000000756200000, 0x0000000756200000|100%| S|CS|TAMS 0x0000000756000000| PB 0x0000000756000000| Complete 
| 689|0x0000000756200000, 0x0000000756400000, 0x0000000756400000|100%| S|CS|TAMS 0x0000000756200000| PB 0x0000000756200000| Complete 
| 690|0x0000000756400000, 0x0000000756600000, 0x0000000756600000|100%| S|CS|TAMS 0x0000000756400000| PB 0x0000000756400000| Complete 
| 691|0x0000000756600000, 0x0000000756800000, 0x0000000756800000|100%| S|CS|TAMS 0x0000000756600000| PB 0x0000000756600000| Complete 
| 692|0x0000000756800000, 0x0000000756a00000, 0x0000000756a00000|100%| S|CS|TAMS 0x0000000756800000| PB 0x0000000756800000| Complete 
| 693|0x0000000756a00000, 0x0000000756c00000, 0x0000000756c00000|100%| S|CS|TAMS 0x0000000756a00000| PB 0x0000000756a00000| Complete 
| 694|0x0000000756c00000, 0x0000000756e00000, 0x0000000756e00000|100%| S|CS|TAMS 0x0000000756c00000| PB 0x0000000756c00000| Complete 
| 695|0x0000000756e00000, 0x0000000757000000, 0x0000000757000000|100%| S|CS|TAMS 0x0000000756e00000| PB 0x0000000756e00000| Complete 
| 696|0x0000000757000000, 0x0000000757200000, 0x0000000757200000|100%| S|CS|TAMS 0x0000000757000000| PB 0x0000000757000000| Complete 
| 697|0x0000000757200000, 0x0000000757400000, 0x0000000757400000|100%| S|CS|TAMS 0x0000000757200000| PB 0x0000000757200000| Complete 
| 698|0x0000000757400000, 0x0000000757600000, 0x0000000757600000|100%| S|CS|TAMS 0x0000000757400000| PB 0x0000000757400000| Complete 
| 699|0x0000000757600000, 0x0000000757800000, 0x0000000757800000|100%| S|CS|TAMS 0x0000000757600000| PB 0x0000000757600000| Complete 
| 700|0x0000000757800000, 0x0000000757a00000, 0x0000000757a00000|100%| S|CS|TAMS 0x0000000757800000| PB 0x0000000757800000| Complete 
| 701|0x0000000757a00000, 0x0000000757c00000, 0x0000000757c00000|100%| S|CS|TAMS 0x0000000757a00000| PB 0x0000000757a00000| Complete 
| 702|0x0000000757c00000, 0x0000000757e00000, 0x0000000757e00000|100%| S|CS|TAMS 0x0000000757c00000| PB 0x0000000757c00000| Complete 
| 703|0x0000000757e00000, 0x0000000758000000, 0x0000000758000000|100%| S|CS|TAMS 0x0000000757e00000| PB 0x0000000757e00000| Complete 
| 704|0x0000000758000000, 0x0000000758200000, 0x0000000758200000|100%| S|CS|TAMS 0x0000000758000000| PB 0x0000000758000000| Complete 
| 705|0x0000000758200000, 0x0000000758400000, 0x0000000758400000|100%| S|CS|TAMS 0x0000000758200000| PB 0x0000000758200000| Complete 
| 706|0x0000000758400000, 0x0000000758600000, 0x0000000758600000|100%| S|CS|TAMS 0x0000000758400000| PB 0x0000000758400000| Complete 
| 707|0x0000000758600000, 0x0000000758800000, 0x0000000758800000|100%| S|CS|TAMS 0x0000000758600000| PB 0x0000000758600000| Complete 
| 708|0x0000000758800000, 0x0000000758a00000, 0x0000000758a00000|100%| S|CS|TAMS 0x0000000758800000| PB 0x0000000758800000| Complete 
| 709|0x0000000758a00000, 0x0000000758c00000, 0x0000000758c00000|100%| S|CS|TAMS 0x0000000758a00000| PB 0x0000000758a00000| Complete 
| 710|0x0000000758c00000, 0x0000000758e00000, 0x0000000758e00000|100%| S|CS|TAMS 0x0000000758c00000| PB 0x0000000758c00000| Complete 
| 711|0x0000000758e00000, 0x0000000759000000, 0x0000000759000000|100%| S|CS|TAMS 0x0000000758e00000| PB 0x0000000758e00000| Complete 
| 712|0x0000000759000000, 0x0000000759200000, 0x0000000759200000|100%| S|CS|TAMS 0x0000000759000000| PB 0x0000000759000000| Complete 
| 713|0x0000000759200000, 0x0000000759400000, 0x0000000759400000|100%| S|CS|TAMS 0x0000000759200000| PB 0x0000000759200000| Complete 
| 714|0x0000000759400000, 0x0000000759600000, 0x0000000759600000|100%| S|CS|TAMS 0x0000000759400000| PB 0x0000000759400000| Complete 
| 715|0x0000000759600000, 0x0000000759800000, 0x0000000759800000|100%| S|CS|TAMS 0x0000000759600000| PB 0x0000000759600000| Complete 
| 716|0x0000000759800000, 0x0000000759a00000, 0x0000000759a00000|100%| S|CS|TAMS 0x0000000759800000| PB 0x0000000759800000| Complete 
| 717|0x0000000759a00000, 0x0000000759c00000, 0x0000000759c00000|100%| S|CS|TAMS 0x0000000759a00000| PB 0x0000000759a00000| Complete 
| 718|0x0000000759c00000, 0x0000000759e00000, 0x0000000759e00000|100%| S|CS|TAMS 0x0000000759c00000| PB 0x0000000759c00000| Complete 
| 719|0x0000000759e00000, 0x0000000759e00000, 0x000000075a000000|  0%| F|  |TAMS 0x0000000759e00000| PB 0x0000000759e00000| Untracked 
| 720|0x000000075a000000, 0x000000075a000000, 0x000000075a200000|  0%| F|  |TAMS 0x000000075a000000| PB 0x000000075a000000| Untracked 
| 721|0x000000075a200000, 0x000000075a200000, 0x000000075a400000|  0%| F|  |TAMS 0x000000075a200000| PB 0x000000075a200000| Untracked 
| 722|0x000000075a400000, 0x000000075a400000, 0x000000075a600000|  0%| F|  |TAMS 0x000000075a400000| PB 0x000000075a400000| Untracked 
| 723|0x000000075a600000, 0x000000075a600000, 0x000000075a800000|  0%| F|  |TAMS 0x000000075a600000| PB 0x000000075a600000| Untracked 
| 724|0x000000075a800000, 0x000000075a800000, 0x000000075aa00000|  0%| F|  |TAMS 0x000000075a800000| PB 0x000000075a800000| Untracked 
| 725|0x000000075aa00000, 0x000000075aa00000, 0x000000075ac00000|  0%| F|  |TAMS 0x000000075aa00000| PB 0x000000075aa00000| Untracked 
| 726|0x000000075ac00000, 0x000000075ac00000, 0x000000075ae00000|  0%| F|  |TAMS 0x000000075ac00000| PB 0x000000075ac00000| Untracked 
| 727|0x000000075ae00000, 0x000000075ae00000, 0x000000075b000000|  0%| F|  |TAMS 0x000000075ae00000| PB 0x000000075ae00000| Untracked 
| 728|0x000000075b000000, 0x000000075b000000, 0x000000075b200000|  0%| F|  |TAMS 0x000000075b000000| PB 0x000000075b000000| Untracked 
| 729|0x000000075b200000, 0x000000075b200000, 0x000000075b400000|  0%| F|  |TAMS 0x000000075b200000| PB 0x000000075b200000| Untracked 
| 730|0x000000075b400000, 0x000000075b400000, 0x000000075b600000|  0%| F|  |TAMS 0x000000075b400000| PB 0x000000075b400000| Untracked 
| 731|0x000000075b600000, 0x000000075b600000, 0x000000075b800000|  0%| F|  |TAMS 0x000000075b600000| PB 0x000000075b600000| Untracked 
| 732|0x000000075b800000, 0x000000075b800000, 0x000000075ba00000|  0%| F|  |TAMS 0x000000075b800000| PB 0x000000075b800000| Untracked 
| 733|0x000000075ba00000, 0x000000075ba00000, 0x000000075bc00000|  0%| F|  |TAMS 0x000000075ba00000| PB 0x000000075ba00000| Untracked 
| 734|0x000000075bc00000, 0x000000075bc00000, 0x000000075be00000|  0%| F|  |TAMS 0x000000075bc00000| PB 0x000000075bc00000| Untracked 
| 735|0x000000075be00000, 0x000000075be00000, 0x000000075c000000|  0%| F|  |TAMS 0x000000075be00000| PB 0x000000075be00000| Untracked 
| 736|0x000000075c000000, 0x000000075c000000, 0x000000075c200000|  0%| F|  |TAMS 0x000000075c000000| PB 0x000000075c000000| Untracked 
| 737|0x000000075c200000, 0x000000075c200000, 0x000000075c400000|  0%| F|  |TAMS 0x000000075c200000| PB 0x000000075c200000| Untracked 
| 738|0x000000075c400000, 0x000000075c400000, 0x000000075c600000|  0%| F|  |TAMS 0x000000075c400000| PB 0x000000075c400000| Untracked 
| 739|0x000000075c600000, 0x000000075c600000, 0x000000075c800000|  0%| F|  |TAMS 0x000000075c600000| PB 0x000000075c600000| Untracked 
| 740|0x000000075c800000, 0x000000075c800000, 0x000000075ca00000|  0%| F|  |TAMS 0x000000075c800000| PB 0x000000075c800000| Untracked 
| 741|0x000000075ca00000, 0x000000075ca00000, 0x000000075cc00000|  0%| F|  |TAMS 0x000000075ca00000| PB 0x000000075ca00000| Untracked 
| 742|0x000000075cc00000, 0x000000075cc00000, 0x000000075ce00000|  0%| F|  |TAMS 0x000000075cc00000| PB 0x000000075cc00000| Untracked 
| 743|0x000000075ce00000, 0x000000075d000000, 0x000000075d000000|100%| O|  |TAMS 0x000000075ce00000| PB 0x000000075ce00000| Untracked 
| 744|0x000000075d000000, 0x000000075d000000, 0x000000075d200000|  0%| F|  |TAMS 0x000000075d000000| PB 0x000000075d000000| Untracked 
| 745|0x000000075d200000, 0x000000075d200000, 0x000000075d400000|  0%| F|  |TAMS 0x000000075d200000| PB 0x000000075d200000| Untracked 
| 746|0x000000075d400000, 0x000000075d400000, 0x000000075d600000|  0%| F|  |TAMS 0x000000075d400000| PB 0x000000075d400000| Untracked 
| 747|0x000000075d600000, 0x000000075d600000, 0x000000075d800000|  0%| F|  |TAMS 0x000000075d600000| PB 0x000000075d600000| Untracked 
| 748|0x000000075d800000, 0x000000075d800000, 0x000000075da00000|  0%| F|  |TAMS 0x000000075d800000| PB 0x000000075d800000| Untracked 
| 749|0x000000075da00000, 0x000000075da00000, 0x000000075dc00000|  0%| F|  |TAMS 0x000000075da00000| PB 0x000000075da00000| Untracked 
| 750|0x000000075dc00000, 0x000000075dc00000, 0x000000075de00000|  0%| F|  |TAMS 0x000000075dc00000| PB 0x000000075dc00000| Untracked 
| 751|0x000000075de00000, 0x000000075de00000, 0x000000075e000000|  0%| F|  |TAMS 0x000000075de00000| PB 0x000000075de00000| Untracked 
| 752|0x000000075e000000, 0x000000075e000000, 0x000000075e200000|  0%| F|  |TAMS 0x000000075e000000| PB 0x000000075e000000| Untracked 
| 753|0x000000075e200000, 0x000000075e200000, 0x000000075e400000|  0%| F|  |TAMS 0x000000075e200000| PB 0x000000075e200000| Untracked 
| 754|0x000000075e400000, 0x000000075e400000, 0x000000075e600000|  0%| F|  |TAMS 0x000000075e400000| PB 0x000000075e400000| Untracked 
| 755|0x000000075e600000, 0x000000075e600000, 0x000000075e800000|  0%| F|  |TAMS 0x000000075e600000| PB 0x000000075e600000| Untracked 
| 756|0x000000075e800000, 0x000000075e800000, 0x000000075ea00000|  0%| F|  |TAMS 0x000000075e800000| PB 0x000000075e800000| Untracked 
| 757|0x000000075ea00000, 0x000000075ea00000, 0x000000075ec00000|  0%| F|  |TAMS 0x000000075ea00000| PB 0x000000075ea00000| Untracked 
| 758|0x000000075ec00000, 0x000000075ec00000, 0x000000075ee00000|  0%| F|  |TAMS 0x000000075ec00000| PB 0x000000075ec00000| Untracked 
| 759|0x000000075ee00000, 0x000000075ee00000, 0x000000075f000000|  0%| F|  |TAMS 0x000000075ee00000| PB 0x000000075ee00000| Untracked 
| 760|0x000000075f000000, 0x000000075f000000, 0x000000075f200000|  0%| F|  |TAMS 0x000000075f000000| PB 0x000000075f000000| Untracked 
| 761|0x000000075f200000, 0x000000075f200000, 0x000000075f400000|  0%| F|  |TAMS 0x000000075f200000| PB 0x000000075f200000| Untracked 
| 762|0x000000075f400000, 0x000000075f400000, 0x000000075f600000|  0%| F|  |TAMS 0x000000075f400000| PB 0x000000075f400000| Untracked 
| 763|0x000000075f600000, 0x000000075f600000, 0x000000075f800000|  0%| F|  |TAMS 0x000000075f600000| PB 0x000000075f600000| Untracked 
| 764|0x000000075f800000, 0x000000075f800000, 0x000000075fa00000|  0%| F|  |TAMS 0x000000075f800000| PB 0x000000075f800000| Untracked 
| 765|0x000000075fa00000, 0x000000075fa00000, 0x000000075fc00000|  0%| F|  |TAMS 0x000000075fa00000| PB 0x000000075fa00000| Untracked 
| 766|0x000000075fc00000, 0x000000075fc00000, 0x000000075fe00000|  0%| F|  |TAMS 0x000000075fc00000| PB 0x000000075fc00000| Untracked 
| 767|0x000000075fe00000, 0x000000075fe00000, 0x0000000760000000|  0%| F|  |TAMS 0x000000075fe00000| PB 0x000000075fe00000| Untracked 
| 768|0x0000000760000000, 0x0000000760000000, 0x0000000760200000|  0%| F|  |TAMS 0x0000000760000000| PB 0x0000000760000000| Untracked 
| 769|0x0000000760200000, 0x0000000760200000, 0x0000000760400000|  0%| F|  |TAMS 0x0000000760200000| PB 0x0000000760200000| Untracked 
| 770|0x0000000760400000, 0x0000000760400000, 0x0000000760600000|  0%| F|  |TAMS 0x0000000760400000| PB 0x0000000760400000| Untracked 
| 771|0x0000000760600000, 0x0000000760600000, 0x0000000760800000|  0%| F|  |TAMS 0x0000000760600000| PB 0x0000000760600000| Untracked 
| 772|0x0000000760800000, 0x0000000760800000, 0x0000000760a00000|  0%| F|  |TAMS 0x0000000760800000| PB 0x0000000760800000| Untracked 
| 773|0x0000000760a00000, 0x0000000760a00000, 0x0000000760c00000|  0%| F|  |TAMS 0x0000000760a00000| PB 0x0000000760a00000| Untracked 
| 774|0x0000000760c00000, 0x0000000760c00000, 0x0000000760e00000|  0%| F|  |TAMS 0x0000000760c00000| PB 0x0000000760c00000| Untracked 
| 775|0x0000000760e00000, 0x0000000760e00000, 0x0000000761000000|  0%| F|  |TAMS 0x0000000760e00000| PB 0x0000000760e00000| Untracked 
| 776|0x0000000761000000, 0x0000000761000000, 0x0000000761200000|  0%| F|  |TAMS 0x0000000761000000| PB 0x0000000761000000| Untracked 
| 777|0x0000000761200000, 0x0000000761200000, 0x0000000761400000|  0%| F|  |TAMS 0x0000000761200000| PB 0x0000000761200000| Untracked 
| 778|0x0000000761400000, 0x0000000761400000, 0x0000000761600000|  0%| F|  |TAMS 0x0000000761400000| PB 0x0000000761400000| Untracked 
| 779|0x0000000761600000, 0x0000000761600000, 0x0000000761800000|  0%| F|  |TAMS 0x0000000761600000| PB 0x0000000761600000| Untracked 
| 780|0x0000000761800000, 0x0000000761800000, 0x0000000761a00000|  0%| F|  |TAMS 0x0000000761800000| PB 0x0000000761800000| Untracked 
| 781|0x0000000761a00000, 0x0000000761a00000, 0x0000000761c00000|  0%| F|  |TAMS 0x0000000761a00000| PB 0x0000000761a00000| Untracked 
| 782|0x0000000761c00000, 0x0000000761c00000, 0x0000000761e00000|  0%| F|  |TAMS 0x0000000761c00000| PB 0x0000000761c00000| Untracked 
| 783|0x0000000761e00000, 0x0000000761e00000, 0x0000000762000000|  0%| F|  |TAMS 0x0000000761e00000| PB 0x0000000761e00000| Untracked 
| 784|0x0000000762000000, 0x0000000762000000, 0x0000000762200000|  0%| F|  |TAMS 0x0000000762000000| PB 0x0000000762000000| Untracked 
| 785|0x0000000762200000, 0x0000000762200000, 0x0000000762400000|  0%| F|  |TAMS 0x0000000762200000| PB 0x0000000762200000| Untracked 
| 786|0x0000000762400000, 0x0000000762400000, 0x0000000762600000|  0%| F|  |TAMS 0x0000000762400000| PB 0x0000000762400000| Untracked 
| 787|0x0000000762600000, 0x0000000762600000, 0x0000000762800000|  0%| F|  |TAMS 0x0000000762600000| PB 0x0000000762600000| Untracked 
| 788|0x0000000762800000, 0x0000000762800000, 0x0000000762a00000|  0%| F|  |TAMS 0x0000000762800000| PB 0x0000000762800000| Untracked 
| 789|0x0000000762a00000, 0x0000000762a00000, 0x0000000762c00000|  0%| F|  |TAMS 0x0000000762a00000| PB 0x0000000762a00000| Untracked 
| 790|0x0000000762c00000, 0x0000000762c00000, 0x0000000762e00000|  0%| F|  |TAMS 0x0000000762c00000| PB 0x0000000762c00000| Untracked 
| 791|0x0000000762e00000, 0x0000000762e00000, 0x0000000763000000|  0%| F|  |TAMS 0x0000000762e00000| PB 0x0000000762e00000| Untracked 
| 792|0x0000000763000000, 0x0000000763000000, 0x0000000763200000|  0%| F|  |TAMS 0x0000000763000000| PB 0x0000000763000000| Untracked 
| 793|0x0000000763200000, 0x0000000763200000, 0x0000000763400000|  0%| F|  |TAMS 0x0000000763200000| PB 0x0000000763200000| Untracked 
| 794|0x0000000763400000, 0x0000000763400000, 0x0000000763600000|  0%| F|  |TAMS 0x0000000763400000| PB 0x0000000763400000| Untracked 
| 795|0x0000000763600000, 0x0000000763600000, 0x0000000763800000|  0%| F|  |TAMS 0x0000000763600000| PB 0x0000000763600000| Untracked 
| 796|0x0000000763800000, 0x0000000763800000, 0x0000000763a00000|  0%| F|  |TAMS 0x0000000763800000| PB 0x0000000763800000| Untracked 
| 797|0x0000000763a00000, 0x0000000763a00000, 0x0000000763c00000|  0%| F|  |TAMS 0x0000000763a00000| PB 0x0000000763a00000| Untracked 
| 798|0x0000000763c00000, 0x0000000763c00000, 0x0000000763e00000|  0%| F|  |TAMS 0x0000000763c00000| PB 0x0000000763c00000| Untracked 
| 799|0x0000000763e00000, 0x0000000763e00000, 0x0000000764000000|  0%| F|  |TAMS 0x0000000763e00000| PB 0x0000000763e00000| Untracked 
| 800|0x0000000764000000, 0x0000000764000000, 0x0000000764200000|  0%| F|  |TAMS 0x0000000764000000| PB 0x0000000764000000| Untracked 
| 801|0x0000000764200000, 0x0000000764200000, 0x0000000764400000|  0%| F|  |TAMS 0x0000000764200000| PB 0x0000000764200000| Untracked 
| 802|0x0000000764400000, 0x0000000764400000, 0x0000000764600000|  0%| F|  |TAMS 0x0000000764400000| PB 0x0000000764400000| Untracked 
| 803|0x0000000764600000, 0x0000000764600000, 0x0000000764800000|  0%| F|  |TAMS 0x0000000764600000| PB 0x0000000764600000| Untracked 
| 804|0x0000000764800000, 0x0000000764800000, 0x0000000764a00000|  0%| F|  |TAMS 0x0000000764800000| PB 0x0000000764800000| Untracked 
| 805|0x0000000764a00000, 0x0000000764a00000, 0x0000000764c00000|  0%| F|  |TAMS 0x0000000764a00000| PB 0x0000000764a00000| Untracked 
| 806|0x0000000764c00000, 0x0000000764c00000, 0x0000000764e00000|  0%| F|  |TAMS 0x0000000764c00000| PB 0x0000000764c00000| Untracked 
| 807|0x0000000764e00000, 0x0000000764e00000, 0x0000000765000000|  0%| F|  |TAMS 0x0000000764e00000| PB 0x0000000764e00000| Untracked 
| 808|0x0000000765000000, 0x0000000765000000, 0x0000000765200000|  0%| F|  |TAMS 0x0000000765000000| PB 0x0000000765000000| Untracked 
| 809|0x0000000765200000, 0x0000000765200000, 0x0000000765400000|  0%| F|  |TAMS 0x0000000765200000| PB 0x0000000765200000| Untracked 
| 810|0x0000000765400000, 0x0000000765400000, 0x0000000765600000|  0%| F|  |TAMS 0x0000000765400000| PB 0x0000000765400000| Untracked 
| 811|0x0000000765600000, 0x0000000765600000, 0x0000000765800000|  0%| F|  |TAMS 0x0000000765600000| PB 0x0000000765600000| Untracked 
| 812|0x0000000765800000, 0x0000000765800000, 0x0000000765a00000|  0%| F|  |TAMS 0x0000000765800000| PB 0x0000000765800000| Untracked 
| 813|0x0000000765a00000, 0x0000000765a00000, 0x0000000765c00000|  0%| F|  |TAMS 0x0000000765a00000| PB 0x0000000765a00000| Untracked 
| 814|0x0000000765c00000, 0x0000000765c00000, 0x0000000765e00000|  0%| F|  |TAMS 0x0000000765c00000| PB 0x0000000765c00000| Untracked 
| 815|0x0000000765e00000, 0x0000000765e00000, 0x0000000766000000|  0%| F|  |TAMS 0x0000000765e00000| PB 0x0000000765e00000| Untracked 
| 816|0x0000000766000000, 0x0000000766000000, 0x0000000766200000|  0%| F|  |TAMS 0x0000000766000000| PB 0x0000000766000000| Untracked 
| 817|0x0000000766200000, 0x0000000766200000, 0x0000000766400000|  0%| F|  |TAMS 0x0000000766200000| PB 0x0000000766200000| Untracked 
| 818|0x0000000766400000, 0x0000000766400000, 0x0000000766600000|  0%| F|  |TAMS 0x0000000766400000| PB 0x0000000766400000| Untracked 
| 819|0x0000000766600000, 0x0000000766600000, 0x0000000766800000|  0%| F|  |TAMS 0x0000000766600000| PB 0x0000000766600000| Untracked 
| 820|0x0000000766800000, 0x0000000766800000, 0x0000000766a00000|  0%| F|  |TAMS 0x0000000766800000| PB 0x0000000766800000| Untracked 
| 821|0x0000000766a00000, 0x0000000766a00000, 0x0000000766c00000|  0%| F|  |TAMS 0x0000000766a00000| PB 0x0000000766a00000| Untracked 
| 822|0x0000000766c00000, 0x0000000766c00000, 0x0000000766e00000|  0%| F|  |TAMS 0x0000000766c00000| PB 0x0000000766c00000| Untracked 
| 823|0x0000000766e00000, 0x0000000766e00000, 0x0000000767000000|  0%| F|  |TAMS 0x0000000766e00000| PB 0x0000000766e00000| Untracked 
| 824|0x0000000767000000, 0x0000000767000000, 0x0000000767200000|  0%| F|  |TAMS 0x0000000767000000| PB 0x0000000767000000| Untracked 
| 825|0x0000000767200000, 0x0000000767200000, 0x0000000767400000|  0%| F|  |TAMS 0x0000000767200000| PB 0x0000000767200000| Untracked 
| 826|0x0000000767400000, 0x0000000767400000, 0x0000000767600000|  0%| F|  |TAMS 0x0000000767400000| PB 0x0000000767400000| Untracked 
| 827|0x0000000767600000, 0x0000000767600000, 0x0000000767800000|  0%| F|  |TAMS 0x0000000767600000| PB 0x0000000767600000| Untracked 
| 828|0x0000000767800000, 0x0000000767800000, 0x0000000767a00000|  0%| F|  |TAMS 0x0000000767800000| PB 0x0000000767800000| Untracked 
| 829|0x0000000767a00000, 0x0000000767a00000, 0x0000000767c00000|  0%| F|  |TAMS 0x0000000767a00000| PB 0x0000000767a00000| Untracked 
| 830|0x0000000767c00000, 0x0000000767c00000, 0x0000000767e00000|  0%| F|  |TAMS 0x0000000767c00000| PB 0x0000000767c00000| Untracked 
| 831|0x0000000767e00000, 0x0000000767e00000, 0x0000000768000000|  0%| F|  |TAMS 0x0000000767e00000| PB 0x0000000767e00000| Untracked 
| 832|0x0000000768000000, 0x0000000768000000, 0x0000000768200000|  0%| F|  |TAMS 0x0000000768000000| PB 0x0000000768000000| Untracked 
| 833|0x0000000768200000, 0x0000000768200000, 0x0000000768400000|  0%| F|  |TAMS 0x0000000768200000| PB 0x0000000768200000| Untracked 
| 834|0x0000000768400000, 0x0000000768400000, 0x0000000768600000|  0%| F|  |TAMS 0x0000000768400000| PB 0x0000000768400000| Untracked 
| 835|0x0000000768600000, 0x0000000768600000, 0x0000000768800000|  0%| F|  |TAMS 0x0000000768600000| PB 0x0000000768600000| Untracked 
| 836|0x0000000768800000, 0x0000000768800000, 0x0000000768a00000|  0%| F|  |TAMS 0x0000000768800000| PB 0x0000000768800000| Untracked 
| 837|0x0000000768a00000, 0x0000000768a00000, 0x0000000768c00000|  0%| F|  |TAMS 0x0000000768a00000| PB 0x0000000768a00000| Untracked 
| 838|0x0000000768c00000, 0x0000000768c00000, 0x0000000768e00000|  0%| F|  |TAMS 0x0000000768c00000| PB 0x0000000768c00000| Untracked 
| 839|0x0000000768e00000, 0x0000000768e00000, 0x0000000769000000|  0%| F|  |TAMS 0x0000000768e00000| PB 0x0000000768e00000| Untracked 
| 840|0x0000000769000000, 0x0000000769000000, 0x0000000769200000|  0%| F|  |TAMS 0x0000000769000000| PB 0x0000000769000000| Untracked 
| 841|0x0000000769200000, 0x0000000769200000, 0x0000000769400000|  0%| F|  |TAMS 0x0000000769200000| PB 0x0000000769200000| Untracked 
| 842|0x0000000769400000, 0x0000000769400000, 0x0000000769600000|  0%| F|  |TAMS 0x0000000769400000| PB 0x0000000769400000| Untracked 
| 843|0x0000000769600000, 0x0000000769600000, 0x0000000769800000|  0%| F|  |TAMS 0x0000000769600000| PB 0x0000000769600000| Untracked 
| 844|0x0000000769800000, 0x0000000769800000, 0x0000000769a00000|  0%| F|  |TAMS 0x0000000769800000| PB 0x0000000769800000| Untracked 
| 845|0x0000000769a00000, 0x0000000769a00000, 0x0000000769c00000|  0%| F|  |TAMS 0x0000000769a00000| PB 0x0000000769a00000| Untracked 
| 846|0x0000000769c00000, 0x0000000769c00000, 0x0000000769e00000|  0%| F|  |TAMS 0x0000000769c00000| PB 0x0000000769c00000| Untracked 
| 847|0x0000000769e00000, 0x0000000769e00000, 0x000000076a000000|  0%| F|  |TAMS 0x0000000769e00000| PB 0x0000000769e00000| Untracked 
| 848|0x000000076a000000, 0x000000076a000000, 0x000000076a200000|  0%| F|  |TAMS 0x000000076a000000| PB 0x000000076a000000| Untracked 
| 849|0x000000076a200000, 0x000000076a200000, 0x000000076a400000|  0%| F|  |TAMS 0x000000076a200000| PB 0x000000076a200000| Untracked 
| 850|0x000000076a400000, 0x000000076a400000, 0x000000076a600000|  0%| F|  |TAMS 0x000000076a400000| PB 0x000000076a400000| Untracked 
| 851|0x000000076a600000, 0x000000076a600000, 0x000000076a800000|  0%| F|  |TAMS 0x000000076a600000| PB 0x000000076a600000| Untracked 
| 852|0x000000076a800000, 0x000000076a800000, 0x000000076aa00000|  0%| F|  |TAMS 0x000000076a800000| PB 0x000000076a800000| Untracked 
| 853|0x000000076aa00000, 0x000000076aa00000, 0x000000076ac00000|  0%| F|  |TAMS 0x000000076aa00000| PB 0x000000076aa00000| Untracked 
| 854|0x000000076ac00000, 0x000000076ac00000, 0x000000076ae00000|  0%| F|  |TAMS 0x000000076ac00000| PB 0x000000076ac00000| Untracked 
| 855|0x000000076ae00000, 0x000000076ae00000, 0x000000076b000000|  0%| F|  |TAMS 0x000000076ae00000| PB 0x000000076ae00000| Untracked 
| 856|0x000000076b000000, 0x000000076b000000, 0x000000076b200000|  0%| F|  |TAMS 0x000000076b000000| PB 0x000000076b000000| Untracked 
| 857|0x000000076b200000, 0x000000076b200000, 0x000000076b400000|  0%| F|  |TAMS 0x000000076b200000| PB 0x000000076b200000| Untracked 
| 858|0x000000076b400000, 0x000000076b400000, 0x000000076b600000|  0%| F|  |TAMS 0x000000076b400000| PB 0x000000076b400000| Untracked 
| 859|0x000000076b600000, 0x000000076b600000, 0x000000076b800000|  0%| F|  |TAMS 0x000000076b600000| PB 0x000000076b600000| Untracked 
| 860|0x000000076b800000, 0x000000076b800000, 0x000000076ba00000|  0%| F|  |TAMS 0x000000076b800000| PB 0x000000076b800000| Untracked 
| 861|0x000000076ba00000, 0x000000076ba00000, 0x000000076bc00000|  0%| F|  |TAMS 0x000000076ba00000| PB 0x000000076ba00000| Untracked 
| 862|0x000000076bc00000, 0x000000076bc00000, 0x000000076be00000|  0%| F|  |TAMS 0x000000076bc00000| PB 0x000000076bc00000| Untracked 
| 863|0x000000076be00000, 0x000000076be00000, 0x000000076c000000|  0%| F|  |TAMS 0x000000076be00000| PB 0x000000076be00000| Untracked 
| 864|0x000000076c000000, 0x000000076c000000, 0x000000076c200000|  0%| F|  |TAMS 0x000000076c000000| PB 0x000000076c000000| Untracked 
| 865|0x000000076c200000, 0x000000076c200000, 0x000000076c400000|  0%| F|  |TAMS 0x000000076c200000| PB 0x000000076c200000| Untracked 
| 866|0x000000076c400000, 0x000000076c400000, 0x000000076c600000|  0%| F|  |TAMS 0x000000076c400000| PB 0x000000076c400000| Untracked 
| 867|0x000000076c600000, 0x000000076c600000, 0x000000076c800000|  0%| F|  |TAMS 0x000000076c600000| PB 0x000000076c600000| Untracked 
| 868|0x000000076c800000, 0x000000076c800000, 0x000000076ca00000|  0%| F|  |TAMS 0x000000076c800000| PB 0x000000076c800000| Untracked 
| 869|0x000000076ca00000, 0x000000076ca00000, 0x000000076cc00000|  0%| F|  |TAMS 0x000000076ca00000| PB 0x000000076ca00000| Untracked 
| 870|0x000000076cc00000, 0x000000076cc00000, 0x000000076ce00000|  0%| F|  |TAMS 0x000000076cc00000| PB 0x000000076cc00000| Untracked 
| 871|0x000000076ce00000, 0x000000076ce00000, 0x000000076d000000|  0%| F|  |TAMS 0x000000076ce00000| PB 0x000000076ce00000| Untracked 
| 872|0x000000076d000000, 0x000000076d000000, 0x000000076d200000|  0%| F|  |TAMS 0x000000076d000000| PB 0x000000076d000000| Untracked 
| 873|0x000000076d200000, 0x000000076d200000, 0x000000076d400000|  0%| F|  |TAMS 0x000000076d200000| PB 0x000000076d200000| Untracked 
| 874|0x000000076d400000, 0x000000076d400000, 0x000000076d600000|  0%| F|  |TAMS 0x000000076d400000| PB 0x000000076d400000| Untracked 
| 875|0x000000076d600000, 0x000000076d600000, 0x000000076d800000|  0%| F|  |TAMS 0x000000076d600000| PB 0x000000076d600000| Untracked 
| 876|0x000000076d800000, 0x000000076d800000, 0x000000076da00000|  0%| F|  |TAMS 0x000000076d800000| PB 0x000000076d800000| Untracked 
| 877|0x000000076da00000, 0x000000076da00000, 0x000000076dc00000|  0%| F|  |TAMS 0x000000076da00000| PB 0x000000076da00000| Untracked 
| 878|0x000000076dc00000, 0x000000076dc00000, 0x000000076de00000|  0%| F|  |TAMS 0x000000076dc00000| PB 0x000000076dc00000| Untracked 
| 879|0x000000076de00000, 0x000000076de00000, 0x000000076e000000|  0%| F|  |TAMS 0x000000076de00000| PB 0x000000076de00000| Untracked 
| 880|0x000000076e000000, 0x000000076e000000, 0x000000076e200000|  0%| F|  |TAMS 0x000000076e000000| PB 0x000000076e000000| Untracked 
| 881|0x000000076e200000, 0x000000076e200000, 0x000000076e400000|  0%| F|  |TAMS 0x000000076e200000| PB 0x000000076e200000| Untracked 
| 882|0x000000076e400000, 0x000000076e400000, 0x000000076e600000|  0%| F|  |TAMS 0x000000076e400000| PB 0x000000076e400000| Untracked 
| 883|0x000000076e600000, 0x000000076e600000, 0x000000076e800000|  0%| F|  |TAMS 0x000000076e600000| PB 0x000000076e600000| Untracked 
| 884|0x000000076e800000, 0x000000076e800000, 0x000000076ea00000|  0%| F|  |TAMS 0x000000076e800000| PB 0x000000076e800000| Untracked 
| 885|0x000000076ea00000, 0x000000076ea00000, 0x000000076ec00000|  0%| F|  |TAMS 0x000000076ea00000| PB 0x000000076ea00000| Untracked 
| 886|0x000000076ec00000, 0x000000076ec00000, 0x000000076ee00000|  0%| F|  |TAMS 0x000000076ec00000| PB 0x000000076ec00000| Untracked 
| 887|0x000000076ee00000, 0x000000076ee00000, 0x000000076f000000|  0%| F|  |TAMS 0x000000076ee00000| PB 0x000000076ee00000| Untracked 
| 888|0x000000076f000000, 0x000000076f000000, 0x000000076f200000|  0%| F|  |TAMS 0x000000076f000000| PB 0x000000076f000000| Untracked 
| 889|0x000000076f200000, 0x000000076f200000, 0x000000076f400000|  0%| F|  |TAMS 0x000000076f200000| PB 0x000000076f200000| Untracked 
| 890|0x000000076f400000, 0x000000076f400000, 0x000000076f600000|  0%| F|  |TAMS 0x000000076f400000| PB 0x000000076f400000| Untracked 
| 891|0x000000076f600000, 0x000000076f600000, 0x000000076f800000|  0%| F|  |TAMS 0x000000076f600000| PB 0x000000076f600000| Untracked 
| 892|0x000000076f800000, 0x000000076f800000, 0x000000076fa00000|  0%| F|  |TAMS 0x000000076f800000| PB 0x000000076f800000| Untracked 
| 893|0x000000076fa00000, 0x000000076fa00000, 0x000000076fc00000|  0%| F|  |TAMS 0x000000076fa00000| PB 0x000000076fa00000| Untracked 
| 894|0x000000076fc00000, 0x000000076fc00000, 0x000000076fe00000|  0%| F|  |TAMS 0x000000076fc00000| PB 0x000000076fc00000| Untracked 
| 895|0x000000076fe00000, 0x000000076fe00000, 0x0000000770000000|  0%| F|  |TAMS 0x000000076fe00000| PB 0x000000076fe00000| Untracked 
| 896|0x0000000770000000, 0x0000000770000000, 0x0000000770200000|  0%| F|  |TAMS 0x0000000770000000| PB 0x0000000770000000| Untracked 
| 897|0x0000000770200000, 0x0000000770200000, 0x0000000770400000|  0%| F|  |TAMS 0x0000000770200000| PB 0x0000000770200000| Untracked 
| 898|0x0000000770400000, 0x0000000770400000, 0x0000000770600000|  0%| F|  |TAMS 0x0000000770400000| PB 0x0000000770400000| Untracked 
| 899|0x0000000770600000, 0x0000000770600000, 0x0000000770800000|  0%| F|  |TAMS 0x0000000770600000| PB 0x0000000770600000| Untracked 
| 900|0x0000000770800000, 0x0000000770800000, 0x0000000770a00000|  0%| F|  |TAMS 0x0000000770800000| PB 0x0000000770800000| Untracked 
| 901|0x0000000770a00000, 0x0000000770a00000, 0x0000000770c00000|  0%| F|  |TAMS 0x0000000770a00000| PB 0x0000000770a00000| Untracked 
| 902|0x0000000770c00000, 0x0000000770c00000, 0x0000000770e00000|  0%| F|  |TAMS 0x0000000770c00000| PB 0x0000000770c00000| Untracked 
| 903|0x0000000770e00000, 0x0000000770e00000, 0x0000000771000000|  0%| F|  |TAMS 0x0000000770e00000| PB 0x0000000770e00000| Untracked 
| 904|0x0000000771000000, 0x0000000771000000, 0x0000000771200000|  0%| F|  |TAMS 0x0000000771000000| PB 0x0000000771000000| Untracked 
| 905|0x0000000771200000, 0x0000000771200000, 0x0000000771400000|  0%| F|  |TAMS 0x0000000771200000| PB 0x0000000771200000| Untracked 
| 906|0x0000000771400000, 0x0000000771400000, 0x0000000771600000|  0%| F|  |TAMS 0x0000000771400000| PB 0x0000000771400000| Untracked 
| 907|0x0000000771600000, 0x0000000771600000, 0x0000000771800000|  0%| F|  |TAMS 0x0000000771600000| PB 0x0000000771600000| Untracked 
| 908|0x0000000771800000, 0x0000000771800000, 0x0000000771a00000|  0%| F|  |TAMS 0x0000000771800000| PB 0x0000000771800000| Untracked 
| 909|0x0000000771a00000, 0x0000000771a00000, 0x0000000771c00000|  0%| F|  |TAMS 0x0000000771a00000| PB 0x0000000771a00000| Untracked 
| 910|0x0000000771c00000, 0x0000000771c00000, 0x0000000771e00000|  0%| F|  |TAMS 0x0000000771c00000| PB 0x0000000771c00000| Untracked 
| 911|0x0000000771e00000, 0x0000000771e00000, 0x0000000772000000|  0%| F|  |TAMS 0x0000000771e00000| PB 0x0000000771e00000| Untracked 
| 912|0x0000000772000000, 0x0000000772000000, 0x0000000772200000|  0%| F|  |TAMS 0x0000000772000000| PB 0x0000000772000000| Untracked 
| 913|0x0000000772200000, 0x0000000772200000, 0x0000000772400000|  0%| F|  |TAMS 0x0000000772200000| PB 0x0000000772200000| Untracked 
| 914|0x0000000772400000, 0x0000000772400000, 0x0000000772600000|  0%| F|  |TAMS 0x0000000772400000| PB 0x0000000772400000| Untracked 
| 915|0x0000000772600000, 0x0000000772600000, 0x0000000772800000|  0%| F|  |TAMS 0x0000000772600000| PB 0x0000000772600000| Untracked 
| 916|0x0000000772800000, 0x0000000772800000, 0x0000000772a00000|  0%| F|  |TAMS 0x0000000772800000| PB 0x0000000772800000| Untracked 
| 917|0x0000000772a00000, 0x0000000772a00000, 0x0000000772c00000|  0%| F|  |TAMS 0x0000000772a00000| PB 0x0000000772a00000| Untracked 
| 918|0x0000000772c00000, 0x0000000772c00000, 0x0000000772e00000|  0%| F|  |TAMS 0x0000000772c00000| PB 0x0000000772c00000| Untracked 
| 919|0x0000000772e00000, 0x0000000772e00000, 0x0000000773000000|  0%| F|  |TAMS 0x0000000772e00000| PB 0x0000000772e00000| Untracked 
| 920|0x0000000773000000, 0x0000000773000000, 0x0000000773200000|  0%| F|  |TAMS 0x0000000773000000| PB 0x0000000773000000| Untracked 
| 921|0x0000000773200000, 0x0000000773200000, 0x0000000773400000|  0%| F|  |TAMS 0x0000000773200000| PB 0x0000000773200000| Untracked 
| 922|0x0000000773400000, 0x0000000773400000, 0x0000000773600000|  0%| F|  |TAMS 0x0000000773400000| PB 0x0000000773400000| Untracked 
| 923|0x0000000773600000, 0x0000000773600000, 0x0000000773800000|  0%| F|  |TAMS 0x0000000773600000| PB 0x0000000773600000| Untracked 
| 924|0x0000000773800000, 0x0000000773800000, 0x0000000773a00000|  0%| F|  |TAMS 0x0000000773800000| PB 0x0000000773800000| Untracked 
| 925|0x0000000773a00000, 0x0000000773a00000, 0x0000000773c00000|  0%| F|  |TAMS 0x0000000773a00000| PB 0x0000000773a00000| Untracked 
| 926|0x0000000773c00000, 0x0000000773c00000, 0x0000000773e00000|  0%| F|  |TAMS 0x0000000773c00000| PB 0x0000000773c00000| Untracked 
| 927|0x0000000773e00000, 0x0000000773e00000, 0x0000000774000000|  0%| F|  |TAMS 0x0000000773e00000| PB 0x0000000773e00000| Untracked 
| 928|0x0000000774000000, 0x0000000774000000, 0x0000000774200000|  0%| F|  |TAMS 0x0000000774000000| PB 0x0000000774000000| Untracked 
| 929|0x0000000774200000, 0x0000000774200000, 0x0000000774400000|  0%| F|  |TAMS 0x0000000774200000| PB 0x0000000774200000| Untracked 
| 930|0x0000000774400000, 0x0000000774400000, 0x0000000774600000|  0%| F|  |TAMS 0x0000000774400000| PB 0x0000000774400000| Untracked 
| 931|0x0000000774600000, 0x0000000774600000, 0x0000000774800000|  0%| F|  |TAMS 0x0000000774600000| PB 0x0000000774600000| Untracked 
| 932|0x0000000774800000, 0x0000000774800000, 0x0000000774a00000|  0%| F|  |TAMS 0x0000000774800000| PB 0x0000000774800000| Untracked 
| 933|0x0000000774a00000, 0x0000000774a00000, 0x0000000774c00000|  0%| F|  |TAMS 0x0000000774a00000| PB 0x0000000774a00000| Untracked 
| 934|0x0000000774c00000, 0x0000000774c00000, 0x0000000774e00000|  0%| F|  |TAMS 0x0000000774c00000| PB 0x0000000774c00000| Untracked 
| 935|0x0000000774e00000, 0x0000000774e00000, 0x0000000775000000|  0%| F|  |TAMS 0x0000000774e00000| PB 0x0000000774e00000| Untracked 
| 936|0x0000000775000000, 0x0000000775000000, 0x0000000775200000|  0%| F|  |TAMS 0x0000000775000000| PB 0x0000000775000000| Untracked 
| 937|0x0000000775200000, 0x0000000775200000, 0x0000000775400000|  0%| F|  |TAMS 0x0000000775200000| PB 0x0000000775200000| Untracked 
| 938|0x0000000775400000, 0x0000000775400000, 0x0000000775600000|  0%| F|  |TAMS 0x0000000775400000| PB 0x0000000775400000| Untracked 
| 939|0x0000000775600000, 0x0000000775600000, 0x0000000775800000|  0%| F|  |TAMS 0x0000000775600000| PB 0x0000000775600000| Untracked 
| 940|0x0000000775800000, 0x0000000775800000, 0x0000000775a00000|  0%| F|  |TAMS 0x0000000775800000| PB 0x0000000775800000| Untracked 
| 941|0x0000000775a00000, 0x0000000775a00000, 0x0000000775c00000|  0%| F|  |TAMS 0x0000000775a00000| PB 0x0000000775a00000| Untracked 
| 942|0x0000000775c00000, 0x0000000775c00000, 0x0000000775e00000|  0%| F|  |TAMS 0x0000000775c00000| PB 0x0000000775c00000| Untracked 
| 943|0x0000000775e00000, 0x0000000775e00000, 0x0000000776000000|  0%| F|  |TAMS 0x0000000775e00000| PB 0x0000000775e00000| Untracked 
| 944|0x0000000776000000, 0x0000000776000000, 0x0000000776200000|  0%| F|  |TAMS 0x0000000776000000| PB 0x0000000776000000| Untracked 
| 945|0x0000000776200000, 0x0000000776200000, 0x0000000776400000|  0%| F|  |TAMS 0x0000000776200000| PB 0x0000000776200000| Untracked 
| 946|0x0000000776400000, 0x0000000776400000, 0x0000000776600000|  0%| F|  |TAMS 0x0000000776400000| PB 0x0000000776400000| Untracked 
| 947|0x0000000776600000, 0x0000000776600000, 0x0000000776800000|  0%| F|  |TAMS 0x0000000776600000| PB 0x0000000776600000| Untracked 
| 948|0x0000000776800000, 0x0000000776800000, 0x0000000776a00000|  0%| F|  |TAMS 0x0000000776800000| PB 0x0000000776800000| Untracked 
| 949|0x0000000776a00000, 0x0000000776b00000, 0x0000000776c00000| 50%| E|  |TAMS 0x0000000776a00000| PB 0x0000000776a00000| Complete 
| 950|0x0000000776c00000, 0x0000000776e00000, 0x0000000776e00000|100%| E|CS|TAMS 0x0000000776c00000| PB 0x0000000776c00000| Complete 
| 951|0x0000000776e00000, 0x0000000777000000, 0x0000000777000000|100%| E|CS|TAMS 0x0000000776e00000| PB 0x0000000776e00000| Complete 
| 952|0x0000000777000000, 0x0000000777200000, 0x0000000777200000|100%| E|CS|TAMS 0x0000000777000000| PB 0x0000000777000000| Complete 
| 953|0x0000000777200000, 0x0000000777400000, 0x0000000777400000|100%| E|CS|TAMS 0x0000000777200000| PB 0x0000000777200000| Complete 
| 954|0x0000000777400000, 0x0000000777600000, 0x0000000777600000|100%| E|CS|TAMS 0x0000000777400000| PB 0x0000000777400000| Complete 
| 955|0x0000000777600000, 0x0000000777800000, 0x0000000777800000|100%| E|CS|TAMS 0x0000000777600000| PB 0x0000000777600000| Complete 
| 956|0x0000000777800000, 0x0000000777a00000, 0x0000000777a00000|100%| E|CS|TAMS 0x0000000777800000| PB 0x0000000777800000| Complete 
| 957|0x0000000777a00000, 0x0000000777c00000, 0x0000000777c00000|100%| E|CS|TAMS 0x0000000777a00000| PB 0x0000000777a00000| Complete 
| 958|0x0000000777c00000, 0x0000000777e00000, 0x0000000777e00000|100%| E|CS|TAMS 0x0000000777c00000| PB 0x0000000777c00000| Complete 
| 959|0x0000000777e00000, 0x0000000778000000, 0x0000000778000000|100%| E|CS|TAMS 0x0000000777e00000| PB 0x0000000777e00000| Complete 
| 960|0x0000000778000000, 0x0000000778200000, 0x0000000778200000|100%| E|CS|TAMS 0x0000000778000000| PB 0x0000000778000000| Complete 
| 961|0x0000000778200000, 0x0000000778400000, 0x0000000778400000|100%| E|CS|TAMS 0x0000000778200000| PB 0x0000000778200000| Complete 
| 962|0x0000000778400000, 0x0000000778600000, 0x0000000778600000|100%| E|CS|TAMS 0x0000000778400000| PB 0x0000000778400000| Complete 
| 963|0x0000000778600000, 0x0000000778800000, 0x0000000778800000|100%| E|CS|TAMS 0x0000000778600000| PB 0x0000000778600000| Complete 
| 964|0x0000000778800000, 0x0000000778a00000, 0x0000000778a00000|100%| E|CS|TAMS 0x0000000778800000| PB 0x0000000778800000| Complete 
| 965|0x0000000778a00000, 0x0000000778c00000, 0x0000000778c00000|100%| E|CS|TAMS 0x0000000778a00000| PB 0x0000000778a00000| Complete 
| 966|0x0000000778c00000, 0x0000000778e00000, 0x0000000778e00000|100%| E|CS|TAMS 0x0000000778c00000| PB 0x0000000778c00000| Complete 
| 967|0x0000000778e00000, 0x0000000779000000, 0x0000000779000000|100%| E|CS|TAMS 0x0000000778e00000| PB 0x0000000778e00000| Complete 
|1968|0x00000007f6000000, 0x00000007f6200000, 0x00000007f6200000|100%| O|  |TAMS 0x00000007f6000000| PB 0x00000007f6000000| Untracked 

Card table byte_map: [0x000001ae76f30000,0x000001ae77730000] _byte_map_base: 0x000001ae73730000

Marking Bits: (CMBitMap*) 0x000001ae63da95e0
 Bits: [0x000001ae77730000, 0x000001ae7b730000)

Polling page: 0x000001ae61c90000

Metaspace:

Usage:
  Non-class:    290.76 MB used.
      Class:     39.85 MB used.
       Both:    330.62 MB used.

Virtual space:
  Non-class space:      320.00 MB reserved,     292.31 MB ( 91%) committed,  5 nodes.
      Class space:        1.00 GB reserved,      41.25 MB (  4%) committed,  1 nodes.
             Both:        1.31 GB reserved,     333.56 MB ( 25%) committed. 

Chunk freelists:
   Non-Class:  10.78 MB
       Class:  6.70 MB
        Both:  17.48 MB

MaxMetaspaceSize: unlimited
CompressedClassSpaceSize: 1.00 GB
Initial GC threshold: 21.00 MB
Current GC threshold: 565.62 MB
CDS: off
 - commit_granule_bytes: 65536.
 - commit_granule_words: 8192.
 - virtual_space_node_default_size: 8388608.
 - enlarge_chunks_in_place: 1.
 - use_allocation_guard: 0.


Internal statistics:

num_allocs_failed_limit: 9.
num_arena_births: 13102.
num_arena_deaths: 7930.
num_vsnodes_births: 6.
num_vsnodes_deaths: 0.
num_space_committed: 13320.
num_space_uncommitted: 4140.
num_chunks_returned_to_freelist: 45624.
num_chunks_taken_from_freelist: 67667.
num_chunk_merges: 11454.
num_chunk_splits: 38420.
num_chunks_enlarged: 30892.
num_inconsistent_stats: 0.

CodeHeap 'non-profiled nmethods': size=119168Kb used=62133Kb max_used=88298Kb free=57034Kb
 bounds [0x000001ae6ea40000, 0x000001ae74080000, 0x000001ae75ea0000]
CodeHeap 'profiled nmethods': size=119104Kb used=45043Kb max_used=87180Kb free=74060Kb
 bounds [0x000001ae66ea0000, 0x000001ae6c490000, 0x000001ae6e2f0000]
CodeHeap 'non-nmethods': size=7488Kb used=3590Kb max_used=5466Kb free=3897Kb
 bounds [0x000001ae6e2f0000, 0x000001ae6e860000, 0x000001ae6ea40000]
CodeCache: size=245760Kb, used=110766Kb, max_used=180944Kb, free=134991Kb
 total_blobs=27901, nmethods=26458, adapters=1341, full_count=0
Compilation: enabled, stopped_count=0, restarted_count=0

Compilation events (20 events):
Event: 12661.737 Thread 0x000001ae7eaacbe0 nmethod 1236766 0x000001ae717b3210 code [0x000001ae717b33a0, 0x000001ae717b3470]
Event: 12661.737 Thread 0x000001ae7eaacbe0 1236767       2       java.lang.ref.Finalizer::register (29 bytes)
Event: 12661.737 Thread 0x000001ae7eaacbe0 nmethod 1236767 0x000001ae6b558310 code [0x000001ae6b5584c0, 0x000001ae6b558628]
Event: 12661.737 Thread 0x000001ae7eaacbe0 1236768   !   2       java.lang.ref.Finalizer::<init> (49 bytes)
Event: 12661.737 Thread 0x000001ae7eaacbe0 nmethod 1236768 0x000001ae6a253a10 code [0x000001ae6a253be0, 0x000001ae6a254030]
Event: 12661.737 Thread 0x000001ae7eaacbe0 1236769       2       java.lang.ref.FinalReference::<init> (7 bytes)
Event: 12661.737 Thread 0x000001ae7eaacbe0 nmethod 1236769 0x000001ae6c18a410 code [0x000001ae6c18a5c0, 0x000001ae6c18a7a0]
Event: 12661.743 Thread 0x000001ae7eaacbe0 1236770       2       jdk.nio.zipfs.ZipConstants::ENDCOM (9 bytes)
Event: 12661.744 Thread 0x000001ae7eaacbe0 nmethod 1236770 0x000001ae6b56f690 code [0x000001ae6b56f820, 0x000001ae6b56f968]
Event: 12661.744 Thread 0x000001ae7eaacbe0 1236772       2       jdk.nio.zipfs.ZipConstants::ENDTOT (7 bytes)
Event: 12661.744 Thread 0x000001ae7eaacbe0 nmethod 1236772 0x000001ae6b5a8310 code [0x000001ae6b5a84a0, 0x000001ae6b5a85e0]
Event: 12661.744 Thread 0x000001ae7eaacbe0 1236773       2       jdk.nio.zipfs.ZipConstants::ENDSIZ (7 bytes)
Event: 12661.744 Thread 0x000001ae7eaacbe0 nmethod 1236773 0x000001ae6be5e890 code [0x000001ae6be5ea40, 0x000001ae6be5ebf8]
Event: 12661.744 Thread 0x000001ae7eaacbe0 1236775   !   2       jdk.nio.zipfs.ZipFileSystem::isMultiReleaseJar (71 bytes)
Event: 12661.744 Thread 0x000001ae7eaacbe0 nmethod 1236775 0x000001ae69bfe090 code [0x000001ae69bfe2c0, 0x000001ae69bfe730]
Event: 12661.744 Thread 0x000001ae7eaacbe0 1236771       2       jdk.nio.zipfs.ZipFileSystem$END::<init> (5 bytes)
Event: 12661.744 Thread 0x000001ae7eaacbe0 nmethod 1236771 0x000001ae6be9c210 code [0x000001ae6be9c3a0, 0x000001ae6be9c4a8]
Event: 12661.744 Thread 0x000001ae7eaacbe0 1236774       2       jdk.nio.zipfs.ZipConstants::ENDOFF (7 bytes)
Event: 12661.744 Thread 0x000001ae7eaacbe0 nmethod 1236774 0x000001ae6beb2c90 code [0x000001ae6beb2e40, 0x000001ae6beb2ff8]
Event: 12662.726 Thread 0x000001ae7eaacbe0 1236779       2       com.sun.tools.javac.file.JavacFileManager$PathAndContainer::<init> (20 bytes)

GC Heap History (20 events):
Event: 12584.764 GC heap before
{Heap before GC invocations=597 (full 2):
 garbage-first heap   total 1529856K, used 1122054K [0x0000000700000000, 0x0000000800000000)
  region size 2048K, 286 young (585728K), 48 survivors (98304K)
 Metaspace       used 312105K, committed 317056K, reserved 1376256K
  class space    used 37526K, committed 40960K, reserved 1048576K
}
Event: 12584.839 GC heap after
{Heap after GC invocations=598 (full 2):
 garbage-first heap   total 1529856K, used 729163K [0x0000000700000000, 0x0000000800000000)
  region size 2048K, 51 young (104448K), 51 survivors (104448K)
 Metaspace       used 312105K, committed 317056K, reserved 1376256K
  class space    used 37526K, committed 40960K, reserved 1048576K
}
Event: 12592.223 GC heap before
{Heap before GC invocations=599 (full 2):
 garbage-first heap   total 1529856K, used 1028171K [0x0000000700000000, 0x0000000800000000)
  region size 2048K, 198 young (405504K), 51 survivors (104448K)
 Metaspace       used 312115K, committed 317056K, reserved 1376256K
  class space    used 37526K, committed 40960K, reserved 1048576K
}
Event: 12592.266 GC heap after
{Heap after GC invocations=600 (full 2):
 garbage-first heap   total 1529856K, used 806590K [0x0000000700000000, 0x0000000800000000)
  region size 2048K, 39 young (79872K), 39 survivors (79872K)
 Metaspace       used 312115K, committed 317056K, reserved 1376256K
  class space    used 37526K, committed 40960K, reserved 1048576K
}
Event: 12597.719 GC heap before
{Heap before GC invocations=601 (full 2):
 garbage-first heap   total 1529856K, used 1318590K [0x0000000700000000, 0x0000000800000000)
  region size 2048K, 294 young (602112K), 39 survivors (79872K)
 Metaspace       used 312117K, committed 317056K, reserved 1376256K
  class space    used 37526K, committed 40960K, reserved 1048576K
}
Event: 12597.778 GC heap after
{Heap after GC invocations=602 (full 2):
 garbage-first heap   total 1529856K, used 921278K [0x0000000700000000, 0x0000000800000000)
  region size 2048K, 37 young (75776K), 37 survivors (75776K)
 Metaspace       used 312117K, committed 317056K, reserved 1376256K
  class space    used 37526K, committed 40960K, reserved 1048576K
}
Event: 12600.140 GC heap before
{Heap before GC invocations=602 (full 2):
 garbage-first heap   total 1529856K, used 1228478K [0x0000000700000000, 0x0000000800000000)
  region size 2048K, 188 young (385024K), 37 survivors (75776K)
 Metaspace       used 312118K, committed 317056K, reserved 1376256K
  class space    used 37526K, committed 40960K, reserved 1048576K
}
Event: 12600.208 GC heap after
{Heap after GC invocations=603 (full 2):
 garbage-first heap   total 1529856K, used 999102K [0x0000000700000000, 0x0000000800000000)
  region size 2048K, 30 young (61440K), 30 survivors (61440K)
 Metaspace       used 312118K, committed 317056K, reserved 1376256K
  class space    used 37526K, committed 40960K, reserved 1048576K
}
Event: 12603.097 GC heap before
{Heap before GC invocations=604 (full 2):
 garbage-first heap   total 1669120K, used 1341118K [0x0000000700000000, 0x0000000800000000)
  region size 2048K, 197 young (403456K), 30 survivors (61440K)
 Metaspace       used 312124K, committed 317056K, reserved 1376256K
  class space    used 37526K, committed 40960K, reserved 1048576K
}
Event: 12603.159 GC heap after
{Heap after GC invocations=605 (full 2):
 garbage-first heap   total 1669120K, used 1086142K [0x0000000700000000, 0x0000000800000000)
  region size 2048K, 25 young (51200K), 25 survivors (51200K)
 Metaspace       used 312124K, committed 317056K, reserved 1376256K
  class space    used 37526K, committed 40960K, reserved 1048576K
}
Event: 12610.453 GC heap before
{Heap before GC invocations=605 (full 2):
 garbage-first heap   total 1669120K, used 1458878K [0x0000000700000000, 0x0000000800000000)
  region size 2048K, 207 young (423936K), 25 survivors (51200K)
 Metaspace       used 322860K, committed 326464K, reserved 1376256K
  class space    used 38879K, committed 40960K, reserved 1048576K
}
Event: 12610.508 GC heap after
{Heap after GC invocations=606 (full 2):
 garbage-first heap   total 1669120K, used 1106230K [0x0000000700000000, 0x0000000800000000)
  region size 2048K, 26 young (53248K), 26 survivors (53248K)
 Metaspace       used 322860K, committed 326464K, reserved 1376256K
  class space    used 38879K, committed 40960K, reserved 1048576K
}
Event: 12611.143 GC heap before
{Heap before GC invocations=606 (full 2):
 garbage-first heap   total 1669120K, used 1141046K [0x0000000700000000, 0x0000000800000000)
  region size 2048K, 44 young (90112K), 26 survivors (53248K)
 Metaspace       used 325010K, committed 328320K, reserved 1376256K
  class space    used 39164K, committed 40960K, reserved 1048576K
}
Event: 12611.169 GC heap after
{Heap after GC invocations=607 (full 2):
 garbage-first heap   total 1669120K, used 1121590K [0x0000000700000000, 0x0000000800000000)
  region size 2048K, 4 young (8192K), 4 survivors (8192K)
 Metaspace       used 325010K, committed 328320K, reserved 1376256K
  class space    used 39164K, committed 40960K, reserved 1048576K
}
Event: 12618.938 GC heap before
{Heap before GC invocations=608 (full 2):
 garbage-first heap   total 1873920K, used 1500470K [0x0000000700000000, 0x0000000800000000)
  region size 2048K, 189 young (387072K), 4 survivors (8192K)
 Metaspace       used 332397K, committed 335360K, reserved 1376256K
  class space    used 40268K, committed 41664K, reserved 1048576K
}
Event: 12618.965 GC heap after
{Heap after GC invocations=609 (full 2):
 garbage-first heap   total 1873920K, used 1160928K [0x0000000700000000, 0x0000000800000000)
  region size 2048K, 24 young (49152K), 24 survivors (49152K)
 Metaspace       used 332397K, committed 335360K, reserved 1376256K
  class space    used 40268K, committed 41664K, reserved 1048576K
}
Event: 12625.734 GC heap before
{Heap before GC invocations=609 (full 2):
 garbage-first heap   total 1873920K, used 1298144K [0x0000000700000000, 0x0000000800000000)
  region size 2048K, 92 young (188416K), 24 survivors (49152K)
 Metaspace       used 332411K, committed 335360K, reserved 1376256K
  class space    used 40271K, committed 41664K, reserved 1048576K
}
Event: 12625.771 GC heap after
{Heap after GC invocations=610 (full 2):
 garbage-first heap   total 1873920K, used 1183114K [0x0000000700000000, 0x0000000800000000)
  region size 2048K, 14 young (28672K), 14 survivors (28672K)
 Metaspace       used 332411K, committed 335360K, reserved 1376256K
  class space    used 40271K, committed 41664K, reserved 1048576K
}
Event: 12660.257 GC heap before
{Heap before GC invocations=611 (full 2):
 garbage-first heap   total 1984512K, used 1676682K [0x0000000700000000, 0x0000000800000000)
  region size 2048K, 248 young (507904K), 14 survivors (28672K)
 Metaspace       used 338551K, committed 341568K, reserved 1376256K
  class space    used 40809K, committed 42240K, reserved 1048576K
}
Event: 12660.294 GC heap after
{Heap after GC invocations=612 (full 2):
 garbage-first heap   total 1984512K, used 1242524K [0x0000000700000000, 0x0000000800000000)
  region size 2048K, 31 young (63488K), 31 survivors (63488K)
 Metaspace       used 338551K, committed 341568K, reserved 1376256K
  class space    used 40809K, committed 42240K, reserved 1048576K
}

Dll operation events (20 events):
Event: 252.958 Unloaded dll "C:\Users\xpfasd\AppData\Local\Temp\sqlite-3.41.2.2-c61ff9ef-da7d-41b9-b7bd-60971a203624-sqlitejdbc.dll" [0x00007fff3d070000]
Event: 305.688 Unloaded dll "C:\Users\xpfasd\AppData\Local\Temp\sqlite-3.41.2.2-f3698ca8-633f-4349-829f-adc14acee3c7-sqlitejdbc.dll" [0x00007fff3d070000]
Event: 377.273 Unloaded dll "C:\Users\xpfasd\AppData\Local\Temp\sqlite-3.41.2.2-e919564c-160b-4e0e-87d2-8ad0c3039f93-sqlitejdbc.dll" [0x00007fff3d070000]
Event: 445.841 Unloaded dll "C:\Users\xpfasd\AppData\Local\Temp\sqlite-3.41.2.2-26f39fdc-ff2a-42c0-a981-8ff7fa6552f2-sqlitejdbc.dll" [0x00007fff3d070000]
Event: 581.126 Unloaded dll "C:\Users\xpfasd\AppData\Local\Temp\sqlite-3.41.2.2-d1b6a5bc-7514-41ed-8118-bf14a663f89e-sqlitejdbc.dll" [0x00007fff05b70000]
Event: 720.925 Unloaded dll "C:\Users\xpfasd\AppData\Local\Temp\sqlite-3.41.2.2-f650a0bd-4c20-46d4-8608-d24b14bab6ac-sqlitejdbc.dll" [0x00007fff05b70000]
Event: 877.116 Unloaded dll "C:\Users\xpfasd\AppData\Local\Temp\sqlite-3.41.2.2-66eadbc6-eae4-404d-903c-fc34d9e77ac8-sqlitejdbc.dll" [0x00007fff3d070000]
Event: 907.053 Unloaded dll "C:\Users\xpfasd\AppData\Local\Temp\sqlite-3.41.2.2-5ee6cea7-0164-4708-b3cd-aaea9afd7e86-sqlitejdbc.dll" [0x00007fff3d070000]
Event: 1553.687 Unloaded dll "C:\Users\xpfasd\AppData\Local\Temp\sqlite-3.41.2.2-61275ae0-d764-4c30-8213-4b83e78827cb-sqlitejdbc.dll" [0x00007fff05390000]
Event: 1607.674 Unloaded dll "C:\Users\xpfasd\AppData\Local\Temp\sqlite-3.41.2.2-be464dc9-e17e-485b-b012-096a3b48d907-sqlitejdbc.dll" [0x00007fff05390000]
Event: 1766.019 Unloaded dll "C:\Users\xpfasd\AppData\Local\Temp\sqlite-3.41.2.2-95126907-31f6-4dce-add9-282da2b3d824-sqlitejdbc.dll" [0x00007fff3d070000]
Event: 1887.293 Unloaded dll "C:\Users\xpfasd\AppData\Local\Temp\sqlite-3.41.2.2-6822531f-99ac-4015-9194-a5289208c676-sqlitejdbc.dll" [0x00007fff3d070000]
Event: 2455.581 Unloaded dll "C:\Users\xpfasd\AppData\Local\Temp\sqlite-3.41.2.2-06f5f0ca-ee1f-45a9-b54f-bb3dfa4551e3-sqlitejdbc.dll" [0x00007fff05390000]
Event: 2540.718 Unloaded dll "C:\Users\xpfasd\AppData\Local\Temp\sqlite-3.41.2.2-31ef00b2-1b6d-4eb0-90c9-9d942412cde4-sqlitejdbc.dll" [0x00007fff05390000]
Event: 2951.486 Unloaded dll "C:\Users\xpfasd\AppData\Local\Temp\sqlite-3.41.2.2-7c047bf2-f34d-4af9-a793-c11700aba827-sqlitejdbc.dll" [0x00007ffee6f40000]
Event: 3180.624 Unloaded dll "C:\Users\xpfasd\AppData\Local\Temp\sqlite-3.41.2.2-96ef5c7d-6e26-4795-ab65-546fee60b958-sqlitejdbc.dll" [0x00007fff02930000]
Event: 3294.210 Unloaded dll "C:\Users\xpfasd\AppData\Local\Temp\sqlite-3.41.2.2-95a40fec-1c1a-4946-aba2-ba69098d046e-sqlitejdbc.dll" [0x00007fff3d070000]
Event: 3760.601 Unloaded dll "C:\Users\xpfasd\AppData\Local\Temp\sqlite-3.41.2.2-69c62e1e-9c54-4664-b429-f78a76252cf4-sqlitejdbc.dll" [0x00007fff05b70000]
Event: 3844.117 Unloaded dll "C:\Users\xpfasd\AppData\Local\Temp\sqlite-3.41.2.2-b6de8073-6d39-462e-ad12-23ad866b261c-sqlitejdbc.dll" [0x00007fff05b70000]
Event: 12497.280 Unloaded dll "C:\Users\xpfasd\AppData\Local\Temp\sqlite-3.41.2.2-ad284fb0-243f-4f4c-937b-984c0e3ca4ec-sqlitejdbc.dll" [0x00007fff00a70000]

Deoptimization events (20 events):
Event: 12630.540 Thread 0x000001ae339d6b90 Uncommon trap: trap_request=0xffffff45 fr.pc=0x000001ae737dc944 relative=0x0000000000004304
Event: 12630.540 Thread 0x000001ae339d6b90 Uncommon trap: reason=unstable_if action=reinterpret pc=0x000001ae737dc944 method=org.jetbrains.org.objectweb.asm.ClassReader.readMethod(Lorg/jetbrains/org/objectweb/asm/ClassVisitor;Lorg/jetbrains/org/objectweb/asm/Context;I)I @ 180 c2
Event: 12630.540 Thread 0x000001ae339d6b90 DEOPT PACKING pc=0x000001ae737dc944 sp=0x00000064b15fe490
Event: 12630.540 Thread 0x000001ae339d6b90 DEOPT UNPACKING pc=0x000001ae6e347ba2 sp=0x00000064b15fe4a8 mode 2
Event: 12630.603 Thread 0x000001ae339d6b90 Uncommon trap: trap_request=0xffffffc6 fr.pc=0x000001ae70aee50c relative=0x000000000000012c
Event: 12630.603 Thread 0x000001ae339d6b90 Uncommon trap: reason=bimorphic_or_optimized_type_check action=maybe_recompile pc=0x000001ae70aee50c method=org.jetbrains.org.objectweb.asm.ClassVisitor.visitMethod(ILjava/lang/String;Ljava/lang/String;Ljava/lang/String;[Ljava/lang/String;)Lorg/jetbrains/
Event: 12630.603 Thread 0x000001ae339d6b90 DEOPT PACKING pc=0x000001ae70aee50c sp=0x00000064b15fe1d0
Event: 12630.603 Thread 0x000001ae339d6b90 DEOPT UNPACKING pc=0x000001ae6e347ba2 sp=0x00000064b15fe168 mode 2
Event: 12630.640 Thread 0x000001ae339d6b90 Uncommon trap: trap_request=0xffffffc6 fr.pc=0x000001ae70aee50c relative=0x000000000000012c
Event: 12630.640 Thread 0x000001ae339d6b90 Uncommon trap: reason=bimorphic_or_optimized_type_check action=maybe_recompile pc=0x000001ae70aee50c method=org.jetbrains.org.objectweb.asm.ClassVisitor.visitMethod(ILjava/lang/String;Ljava/lang/String;Ljava/lang/String;[Ljava/lang/String;)Lorg/jetbrains/
Event: 12630.640 Thread 0x000001ae339d6b90 DEOPT PACKING pc=0x000001ae70aee50c sp=0x00000064b15fe1d0
Event: 12630.640 Thread 0x000001ae339d6b90 DEOPT UNPACKING pc=0x000001ae6e347ba2 sp=0x00000064b15fe168 mode 2
Event: 12630.640 Thread 0x000001ae339d6b90 Uncommon trap: trap_request=0xffffffc6 fr.pc=0x000001ae70aee50c relative=0x000000000000012c
Event: 12630.640 Thread 0x000001ae339d6b90 Uncommon trap: reason=bimorphic_or_optimized_type_check action=maybe_recompile pc=0x000001ae70aee50c method=org.jetbrains.org.objectweb.asm.ClassVisitor.visitMethod(ILjava/lang/String;Ljava/lang/String;Ljava/lang/String;[Ljava/lang/String;)Lorg/jetbrains/
Event: 12630.640 Thread 0x000001ae339d6b90 DEOPT PACKING pc=0x000001ae70aee50c sp=0x00000064b15fe1d0
Event: 12630.640 Thread 0x000001ae339d6b90 DEOPT UNPACKING pc=0x000001ae6e347ba2 sp=0x00000064b15fe168 mode 2
Event: 12649.516 Thread 0x000001ae05d3fa60 DEOPT PACKING pc=0x000001ae6b891bfc sp=0x00000064b6efd0c0
Event: 12649.516 Thread 0x000001ae05d3fa60 DEOPT UNPACKING pc=0x000001ae6e3486e2 sp=0x00000064b6efc530 mode 0
Event: 12660.256 Thread 0x000001ae05d3fa60 DEOPT PACKING pc=0x000001ae69418297 sp=0x00000064b6efa4e0
Event: 12660.256 Thread 0x000001ae05d3fa60 DEOPT UNPACKING pc=0x000001ae6e3486e2 sp=0x00000064b6ef9998 mode 0

Classes loaded (20 events):
Event: 2549.749 Loading class java/lang/Throwable$PrintStreamOrWriter
Event: 2549.749 Loading class java/lang/Throwable$PrintStreamOrWriter done
Event: 2549.779 Loading class java/util/Collections$EmptyListIterator
Event: 2549.779 Loading class java/util/Collections$EmptyListIterator done
Event: 2549.818 Loading class java/net/UrlDeserializedState
Event: 2549.819 Loading class java/net/UrlDeserializedState done
Event: 2718.581 Loading class sun/nio/cs/US_ASCII$Decoder
Event: 2718.582 Loading class sun/nio/cs/US_ASCII$Decoder done
Event: 2721.286 Loading class sun/nio/cs/US_ASCII$Encoder
Event: 2721.286 Loading class sun/nio/cs/US_ASCII$Encoder done
Event: 2721.297 Loading class java/util/TreeMap$AscendingSubMap
Event: 2721.297 Loading class java/util/TreeMap$AscendingSubMap done
Event: 2721.298 Loading class java/util/TreeMap$NavigableSubMap$SubMapKeyIterator
Event: 2721.298 Loading class java/util/TreeMap$NavigableSubMap$SubMapKeyIterator done
Event: 2935.953 Loading class sun/nio/cs/ISO_8859_1$Encoder
Event: 2935.954 Loading class sun/nio/cs/ISO_8859_1$Encoder done
Event: 3175.277 Loading class com/sun/org/apache/xerces/internal/xni/grammars/XMLGrammarPool
Event: 3175.278 Loading class com/sun/org/apache/xerces/internal/xni/grammars/XMLGrammarPool done
Event: 7451.640 Loading class sun/rmi/transport/ObjectTable$1
Event: 7451.642 Loading class sun/rmi/transport/ObjectTable$1 done

Classes unloaded (20 events):
Event: 12561.192 Thread 0x000001ae7e9655b0 Unloading class 0x0000000800643770 'jdk/internal/jimage/ImageHeader'
Event: 12561.192 Thread 0x000001ae7e9655b0 Unloading class 0x0000000800643508 'jdk/internal/jimage/BasicImageReader$2'
Event: 12561.192 Thread 0x000001ae7e9655b0 Unloading class 0x00000008006432a0 'jdk/internal/jimage/BasicImageReader$1'
Event: 12561.192 Thread 0x000001ae7e9655b0 Unloading class 0x0000000800643000 'jdk/internal/jimage/ImageReader$Resource'
Event: 12561.192 Thread 0x000001ae7e9655b0 Unloading class 0x0000000800642d60 'jdk/internal/jimage/ImageReader$LinkNode'
Event: 12561.192 Thread 0x000001ae7e9655b0 Unloading class 0x0000000800642ac0 'jdk/internal/jimage/ImageReader$Directory'
Event: 12561.192 Thread 0x000001ae7e9655b0 Unloading class 0x0000000800642820 'jdk/internal/jimage/ImageReader$Node'
Event: 12561.192 Thread 0x000001ae7e9655b0 Unloading class 0x00000008006425f0 'jdk/internal/jimage/ImageStrings'
Event: 12561.192 Thread 0x000001ae7e9655b0 Unloading class 0x00000008006422f8 'jdk/internal/jimage/ImageReader$SharedImageReader'
Event: 12561.192 Thread 0x000001ae7e9655b0 Unloading class 0x0000000800642000 'jdk/internal/jimage/BasicImageReader'
Event: 12561.192 Thread 0x000001ae7e9655b0 Unloading class 0x0000000802794bd8 'jdk/internal/jimage/ImageReader'
Event: 12561.192 Thread 0x000001ae7e9655b0 Unloading class 0x0000000802794978 'jdk/internal/jrtfs/SystemImage$2'
Event: 12561.192 Thread 0x000001ae7e9655b0 Unloading class 0x0000000802794728 'jdk/internal/jrtfs/SystemImage$$Lambda+0x0000000802794728'
Event: 12561.192 Thread 0x000001ae7e9655b0 Unloading class 0x00000008027944c0 'jdk/internal/jrtfs/ExplodedImage'
Event: 12561.192 Thread 0x000001ae7e9655b0 Unloading class 0x0000000802794250 'jdk/internal/jrtfs/SystemImage$1'
Event: 12561.192 Thread 0x000001ae7e9655b0 Unloading class 0x0000000802794000 'jdk/internal/jrtfs/SystemImage'
Event: 12561.192 Thread 0x000001ae7e9655b0 Unloading class 0x000000080067fbb0 'jdk/internal/jrtfs/JrtFileStore'
Event: 12561.192 Thread 0x000001ae7e9655b0 Unloading class 0x000000080067f800 'jdk/internal/jrtfs/JrtPath'
Event: 12561.192 Thread 0x000001ae7e9655b0 Unloading class 0x000000080279ab28 'jdk/internal/jrtfs/JrtFileSystem'
Event: 12561.192 Thread 0x000001ae7e9655b0 Unloading class 0x000000080279a800 'jdk/internal/jrtfs/JrtFileSystemProvider'

Classes redefined (0 events):
No events

Internal exceptions (20 events):
Event: 12652.687 Thread 0x000001ae05d3fa60 Exception <a 'sun/nio/fs/WindowsException'{0x0000000767d3b828}> (0x0000000767d3b828) 
thrown [s\src\hotspot\share\prims\jni.cpp, line 537]
Event: 12652.687 Thread 0x000001ae05d3fa60 Exception <a 'sun/nio/fs/WindowsException'{0x0000000767d3f090}> (0x0000000767d3f090) 
thrown [s\src\hotspot\share\prims\jni.cpp, line 537]
Event: 12652.688 Thread 0x000001ae05d3fa60 Exception <a 'sun/nio/fs/WindowsException'{0x0000000767d42968}> (0x0000000767d42968) 
thrown [s\src\hotspot\share\prims\jni.cpp, line 537]
Event: 12652.688 Thread 0x000001ae05d3fa60 Exception <a 'sun/nio/fs/WindowsException'{0x0000000767d46230}> (0x0000000767d46230) 
thrown [s\src\hotspot\share\prims\jni.cpp, line 537]
Event: 12652.706 Thread 0x000001ae05d3fa60 Exception <a 'sun/nio/fs/WindowsException'{0x0000000767d5f030}> (0x0000000767d5f030) 
thrown [s\src\hotspot\share\prims\jni.cpp, line 537]
Event: 12656.777 Thread 0x000001ae05d3fa60 Exception <a 'sun/nio/fs/WindowsException'{0x0000000766745758}> (0x0000000766745758) 
thrown [s\src\hotspot\share\prims\jni.cpp, line 537]
Event: 12656.838 Thread 0x000001ae05d3fa60 Exception <a 'sun/nio/fs/WindowsException'{0x00000007667c9cf0}> (0x00000007667c9cf0) 
thrown [s\src\hotspot\share\prims\jni.cpp, line 537]
Event: 12656.839 Thread 0x000001ae05d3fa60 Exception <a 'sun/nio/fs/WindowsException'{0x00000007667cf208}> (0x00000007667cf208) 
thrown [s\src\hotspot\share\prims\jni.cpp, line 537]
Event: 12656.839 Thread 0x000001ae05d3fa60 Exception <a 'sun/nio/fs/WindowsException'{0x00000007667d4880}> (0x00000007667d4880) 
thrown [s\src\hotspot\share\prims\jni.cpp, line 537]
Event: 12656.840 Thread 0x000001ae05d3fa60 Exception <a 'sun/nio/fs/WindowsException'{0x00000007667d9e00}> (0x00000007667d9e00) 
thrown [s\src\hotspot\share\prims\jni.cpp, line 537]
Event: 12656.840 Thread 0x000001ae05d3fa60 Exception <a 'sun/nio/fs/WindowsException'{0x00000007667df3a0}> (0x00000007667df3a0) 
thrown [s\src\hotspot\share\prims\jni.cpp, line 537]
Event: 12656.841 Thread 0x000001ae05d3fa60 Exception <a 'sun/nio/fs/WindowsException'{0x00000007667e4a18}> (0x00000007667e4a18) 
thrown [s\src\hotspot\share\prims\jni.cpp, line 537]
Event: 12656.953 Thread 0x000001ae05d3fa60 Exception <a 'sun/nio/fs/WindowsException'{0x00000007665415f0}> (0x00000007665415f0) 
thrown [s\src\hotspot\share\prims\jni.cpp, line 537]
Event: 12656.954 Thread 0x000001ae05d3fa60 Exception <a 'sun/nio/fs/WindowsException'{0x0000000766547068}> (0x0000000766547068) 
thrown [s\src\hotspot\share\prims\jni.cpp, line 537]
Event: 12656.955 Thread 0x000001ae05d3fa60 Exception <a 'sun/nio/fs/WindowsException'{0x000000076654cc40}> (0x000000076654cc40) 
thrown [s\src\hotspot\share\prims\jni.cpp, line 537]
Event: 12656.956 Thread 0x000001ae05d3fa60 Exception <a 'sun/nio/fs/WindowsException'{0x0000000766552720}> (0x0000000766552720) 
thrown [s\src\hotspot\share\prims\jni.cpp, line 537]
Event: 12656.957 Thread 0x000001ae05d3fa60 Exception <a 'sun/nio/fs/WindowsException'{0x0000000766558220}> (0x0000000766558220) 
thrown [s\src\hotspot\share\prims\jni.cpp, line 537]
Event: 12656.959 Thread 0x000001ae05d3fa60 Exception <a 'sun/nio/fs/WindowsException'{0x000000076655ddf8}> (0x000000076655ddf8) 
thrown [s\src\hotspot\share\prims\jni.cpp, line 537]
Event: 12659.871 Thread 0x000001ae05d3fa60 Exception <a 'sun/nio/fs/WindowsException'{0x000000075af875e8}> (0x000000075af875e8) 
thrown [s\src\hotspot\share\prims\jni.cpp, line 537]
Event: 12661.943 Thread 0x000001ae067a30c0 Exception <a 'sun/nio/fs/WindowsException'{0x0000000776c07218}> (0x0000000776c07218) 
thrown [s\src\hotspot\share\prims\jni.cpp, line 537]

ZGC Phase Switch (0 events):
No events

VM Operations (20 events):
Event: 12651.766 Executing VM operation: Cleanup
Event: 12651.766 Executing VM operation: Cleanup done
Event: 12652.772 Executing VM operation: Cleanup
Event: 12652.772 Executing VM operation: Cleanup done
Event: 12653.785 Executing VM operation: Cleanup
Event: 12653.785 Executing VM operation: Cleanup done
Event: 12655.800 Executing VM operation: Cleanup
Event: 12655.800 Executing VM operation: Cleanup done
Event: 12656.805 Executing VM operation: Cleanup
Event: 12656.805 Executing VM operation: Cleanup done
Event: 12657.815 Executing VM operation: Cleanup
Event: 12657.816 Executing VM operation: Cleanup done
Event: 12658.832 Executing VM operation: Cleanup
Event: 12658.832 Executing VM operation: Cleanup done
Event: 12659.846 Executing VM operation: Cleanup
Event: 12659.846 Executing VM operation: Cleanup done
Event: 12660.257 Executing VM operation: G1CollectForAllocation (G1 Evacuation Pause)
Event: 12660.294 Executing VM operation: G1CollectForAllocation (G1 Evacuation Pause) done
Event: 12661.297 Executing VM operation: Cleanup
Event: 12661.297 Executing VM operation: Cleanup done

Memory protections (0 events):
No events

Nmethod flushes (20 events):
Event: 12626.973 Thread 0x000001ae7e9655b0 flushing  nmethod 0x000001ae6b881990
Event: 12626.973 Thread 0x000001ae7e9655b0 flushing  nmethod 0x000001ae6b90f690
Event: 12626.973 Thread 0x000001ae7e9655b0 flushing  nmethod 0x000001ae6b910b10
Event: 12626.973 Thread 0x000001ae7e9655b0 flushing  nmethod 0x000001ae6b911010
Event: 12626.973 Thread 0x000001ae7e9655b0 flushing  nmethod 0x000001ae6b911390
Event: 12626.973 Thread 0x000001ae7e9655b0 flushing  nmethod 0x000001ae6bd68f90
Event: 12626.973 Thread 0x000001ae7e9655b0 flushing  nmethod 0x000001ae6bd6df90
Event: 12626.973 Thread 0x000001ae7e9655b0 flushing  nmethod 0x000001ae6bd71110
Event: 12626.973 Thread 0x000001ae7e9655b0 flushing  nmethod 0x000001ae6be0c590
Event: 12626.973 Thread 0x000001ae7e9655b0 flushing  nmethod 0x000001ae6be10e10
Event: 12626.973 Thread 0x000001ae7e9655b0 flushing  nmethod 0x000001ae6be11710
Event: 12626.973 Thread 0x000001ae7e9655b0 flushing  nmethod 0x000001ae6be12e10
Event: 12626.973 Thread 0x000001ae7e9655b0 flushing  nmethod 0x000001ae6be88290
Event: 12626.973 Thread 0x000001ae7e9655b0 flushing  nmethod 0x000001ae6be88890
Event: 12626.973 Thread 0x000001ae7e9655b0 flushing  nmethod 0x000001ae6be89890
Event: 12626.973 Thread 0x000001ae7e9655b0 flushing  nmethod 0x000001ae6be89c90
Event: 12626.973 Thread 0x000001ae7e9655b0 flushing  nmethod 0x000001ae6be8b290
Event: 12626.973 Thread 0x000001ae7e9655b0 flushing  nmethod 0x000001ae6be8b610
Event: 12626.973 Thread 0x000001ae7e9655b0 flushing  nmethod 0x000001ae6be8c390
Event: 12626.973 Thread 0x000001ae7e9655b0 flushing  nmethod 0x000001ae6be97710

Events (20 events):
Event: 12656.873 Thread 0x000001ae7eaacbe0 Thread added: 0x000001ae0bdfa5a0
Event: 12656.874 Thread 0x000001ae7eaacbe0 Thread added: 0x000001ae0bdf6f20
Event: 12656.877 Thread 0x000001ae7eaacbe0 Thread added: 0x000001ae0bdfce80
Event: 12658.184 Thread 0x000001ae0bdfce80 Thread exited: 0x000001ae0bdfce80
Event: 12659.765 Thread 0x000001ae0bdf6f20 Thread exited: 0x000001ae0bdf6f20
Event: 12659.788 Thread 0x000001ae0bdfa5a0 Thread exited: 0x000001ae0bdfa5a0
Event: 12659.788 Thread 0x000001ae0bdf9800 Thread exited: 0x000001ae0bdf9800
Event: 12659.788 Thread 0x000001ae0bdf9130 Thread exited: 0x000001ae0bdf9130
Event: 12659.802 Thread 0x000001ae0bdf8390 Thread exited: 0x000001ae0bdf8390
Event: 12659.917 Thread 0x000001ae7eaacbe0 Thread added: 0x000001ae2b125f70
Event: 12659.917 Thread 0x000001ae7eaacbe0 Thread added: 0x000001ae2b124b00
Event: 12659.917 Thread 0x000001ae7eaacbe0 Thread added: 0x000001ae2b122fc0
Event: 12659.917 Thread 0x000001ae7eaacbe0 Thread added: 0x000001ae2b123690
Event: 12659.917 Thread 0x000001ae7eaacbe0 Thread added: 0x000001ae2b124430
Event: 12659.917 Thread 0x000001ae7eaacbe0 Thread added: 0x000001ae2b1258a0
Event: 12660.300 Thread 0x000001ae0604abe0 Thread exited: 0x000001ae0604abe0
Event: 12660.894 Thread 0x000001ae2b1258a0 Thread exited: 0x000001ae2b1258a0
Event: 12661.102 Thread 0x000001ae2b124430 Thread exited: 0x000001ae2b124430
Event: 12661.292 Thread 0x000001ae2b123690 Thread exited: 0x000001ae2b123690
Event: 12661.292 Thread 0x000001ae2b122fc0 Thread exited: 0x000001ae2b122fc0


Dynamic libraries:
0x00007ff75d0f0000 - 0x00007ff75d0fa000 	D:\Program Files\Android\Android Studio1\jbr\bin\java.exe
0x00007fff804e0000 - 0x00007fff80747000 	C:\WINDOWS\SYSTEM32\ntdll.dll
0x00007fff7ed70000 - 0x00007fff7ee39000 	C:\WINDOWS\System32\KERNEL32.DLL
0x00007fff7dd00000 - 0x00007fff7e0f1000 	C:\WINDOWS\System32\KERNELBASE.dll
0x00007fff7db80000 - 0x00007fff7dccb000 	C:\WINDOWS\System32\ucrtbase.dll
0x00007fff4ce60000 - 0x00007fff4ce78000 	D:\Program Files\Android\Android Studio1\jbr\bin\jli.dll
0x00007fff48f70000 - 0x00007fff48f8b000 	D:\Program Files\Android\Android Studio1\jbr\bin\VCRUNTIME140.dll
0x00007fff7ee40000 - 0x00007fff7f005000 	C:\WINDOWS\System32\USER32.dll
0x00007fff7dcd0000 - 0x00007fff7dcf7000 	C:\WINDOWS\System32\win32u.dll
0x00007fff7e280000 - 0x00007fff7e2ab000 	C:\WINDOWS\System32\GDI32.dll
0x00007fff67720000 - 0x00007fff679b3000 	C:\WINDOWS\WinSxS\amd64_microsoft.windows.common-controls_6595b64144ccf1df_6.0.26100.8037_none_3e092faae333b53b\COMCTL32.dll
0x00007fff7da50000 - 0x00007fff7db7b000 	C:\WINDOWS\System32\gdi32full.dll
0x00007fff7ec80000 - 0x00007fff7ed29000 	C:\WINDOWS\System32\msvcrt.dll
0x00007fff7d9a0000 - 0x00007fff7da43000 	C:\WINDOWS\System32\msvcp_win.dll
0x00007fff7ed30000 - 0x00007fff7ed61000 	C:\WINDOWS\System32\IMM32.DLL
0x00007fff77e40000 - 0x00007fff77e4c000 	D:\Program Files\Android\Android Studio1\jbr\bin\vcruntime140_1.dll
0x00007fff2a9a0000 - 0x00007fff2aa2d000 	D:\Program Files\Android\Android Studio1\jbr\bin\msvcp140.dll
0x00007ffe9af80000 - 0x00007ffe9bc16000 	D:\Program Files\Android\Android Studio1\jbr\bin\server\jvm.dll
0x00007fff7f3a0000 - 0x00007fff7f45b000 	C:\WINDOWS\System32\ADVAPI32.dll
0x00007fff7f9b0000 - 0x00007fff7fa57000 	C:\WINDOWS\System32\sechost.dll
0x00007fff7fd40000 - 0x00007fff7fe58000 	C:\WINDOWS\System32\RPCRT4.dll
0x00007fff7f830000 - 0x00007fff7f8a4000 	C:\WINDOWS\System32\WS2_32.dll
0x00007fff7cc20000 - 0x00007fff7cc7e000 	C:\WINDOWS\SYSTEM32\POWRPROF.dll
0x00007fff75db0000 - 0x00007fff75dbb000 	C:\WINDOWS\SYSTEM32\VERSION.dll
0x00007fff75ce0000 - 0x00007fff75d15000 	C:\WINDOWS\SYSTEM32\WINMM.dll
0x00007fff7cc00000 - 0x00007fff7cc14000 	C:\WINDOWS\SYSTEM32\UMPDC.dll
0x00007fff7bb50000 - 0x00007fff7bb6b000 	C:\WINDOWS\SYSTEM32\kernel.appcore.dll
0x00007fff6aca0000 - 0x00007fff6acaa000 	D:\Program Files\Android\Android Studio1\jbr\bin\jimage.dll
0x00007fff7a360000 - 0x00007fff7a5a2000 	C:\WINDOWS\SYSTEM32\DBGHELP.DLL
0x00007fff7f010000 - 0x00007fff7f392000 	C:\WINDOWS\System32\combase.dll
0x00007fff7fc60000 - 0x00007fff7fd37000 	C:\WINDOWS\System32\OLEAUT32.dll
0x00007fff478e0000 - 0x00007fff4791b000 	C:\WINDOWS\SYSTEM32\dbgcore.DLL
0x00007fff7cf30000 - 0x00007fff7cfd5000 	C:\WINDOWS\System32\bcryptPrimitives.dll
0x00007fff70820000 - 0x00007fff7082e000 	D:\Program Files\Android\Android Studio1\jbr\bin\instrument.dll
0x00007fff48f50000 - 0x00007fff48f70000 	D:\Program Files\Android\Android Studio1\jbr\bin\java.dll
0x00007fff48310000 - 0x00007fff48328000 	D:\Program Files\Android\Android Studio1\jbr\bin\zip.dll
0x00007fff7e500000 - 0x00007fff7ec5f000 	C:\WINDOWS\System32\SHELL32.dll
0x00007fff7cdc0000 - 0x00007fff7cf2a000 	C:\WINDOWS\System32\wintypes.dll
0x00007fff7cfe0000 - 0x00007fff7d844000 	C:\WINDOWS\System32\windows.storage.dll
0x00007fff7f8b0000 - 0x00007fff7f9a7000 	C:\WINDOWS\System32\SHCORE.dll
0x00007fff7e410000 - 0x00007fff7e477000 	C:\WINDOWS\System32\shlwapi.dll
0x00007fff7cce0000 - 0x00007fff7cd09000 	C:\WINDOWS\SYSTEM32\profapi.dll
0x00007fff6a930000 - 0x00007fff6a940000 	D:\Program Files\Android\Android Studio1\jbr\bin\net.dll
0x00007fff764c0000 - 0x00007fff765e7000 	C:\WINDOWS\SYSTEM32\WINHTTP.dll
0x00007fff7c0c0000 - 0x00007fff7c12b000 	C:\WINDOWS\system32\mswsock.dll
0x00007fff473a0000 - 0x00007fff473b6000 	D:\Program Files\Android\Android Studio1\jbr\bin\nio.dll
0x00007fff48300000 - 0x00007fff48310000 	D:\Program Files\Android\Android Studio1\jbr\bin\verify.dll
0x00007fff6a450000 - 0x00007fff6a477000 	C:\Users\xpfasd\.gradle\native\660c5614fbf4a5f2a75b1949f50a0caf5cd603558e7d8a26e50b933a0cfb79d1\windows-amd64\native-platform.dll
0x00007fff3fcc0000 - 0x00007fff3fd37000 	C:\Users\xpfasd\.gradle\native\0.2.8\x86_64-windows-gnu\gradle-fileevents.dll
0x00007fff699e0000 - 0x00007fff699e9000 	D:\Program Files\Android\Android Studio1\jbr\bin\management.dll
0x00007fff4c870000 - 0x00007fff4c87b000 	D:\Program Files\Android\Android Studio1\jbr\bin\management_ext.dll
0x00007fff7fb60000 - 0x00007fff7fb68000 	C:\WINDOWS\System32\PSAPI.DLL
0x00007fff7b660000 - 0x00007fff7b693000 	C:\WINDOWS\SYSTEM32\IPHLPAPI.DLL
0x00007fff7fe80000 - 0x00007fff7fe8a000 	C:\WINDOWS\System32\NSI.dll
0x00007fff69c50000 - 0x00007fff69c59000 	D:\Program Files\Android\Android Studio1\jbr\bin\extnet.dll
0x00007fff7c3b0000 - 0x00007fff7c3cb000 	C:\WINDOWS\SYSTEM32\CRYPTSP.dll
0x00007fff7bab0000 - 0x00007fff7bae9000 	C:\WINDOWS\system32\rsaenh.dll
0x00007fff7c170000 - 0x00007fff7c1a2000 	C:\WINDOWS\SYSTEM32\USERENV.dll
0x00007fff7ccb0000 - 0x00007fff7ccda000 	C:\WINDOWS\SYSTEM32\bcrypt.dll
0x00007fff7c3a0000 - 0x00007fff7c3ac000 	C:\WINDOWS\SYSTEM32\CRYPTBASE.dll
0x00007fff03140000 - 0x00007fff03148000 	C:\WINDOWS\system32\wshunix.dll
0x00007fff7bc70000 - 0x00007fff7bca6000 	C:\WINDOWS\SYSTEM32\ntmarta.dll
0x00007fff02cf0000 - 0x00007fff02e88000 	D:\Program Files\Android\Android Studio1\jbr\bin\awt.dll
0x00007fff3e860000 - 0x00007fff3e8a4000 	D:\Program Files\Android\Android Studio1\jbr\bin\nvdaControllerClient64.dll
0x00007fff7ab00000 - 0x00007fff7ab2e000 	C:\WINDOWS\SYSTEM32\dwmapi.dll
0x00007fff676a0000 - 0x00007fff67716000 	C:\WINDOWS\SYSTEM32\OLEACC.dll
0x00007fff79830000 - 0x00007fff798cf000 	C:\WINDOWS\SYSTEM32\apphelp.dll
0x00007fff7a5b0000 - 0x00007fff7a65a000 	C:\WINDOWS\system32\uxtheme.dll
0x00007fff7e2b0000 - 0x00007fff7e40d000 	C:\WINDOWS\System32\MSCTF.dll
0x00007fff7f640000 - 0x00007fff7f7d5000 	C:\WINDOWS\System32\ole32.dll
0x00007fff4d240000 - 0x00007fff4d247000 	D:\Program Files\Android\Android Studio1\jbr\bin\rmi.dll
0x00007fff008a0000 - 0x00007fff00989000 	C:\Users\xpfasd\AppData\Local\Temp\sqlite-3.41.2.2-764ab089-434b-4758-a10b-5702b1e730cb-sqlitejdbc.dll

JVMTI agents:
C:\Users\xpfasd\.gradle\wrapper\dists\gradle-9.4.0-bin\lcvyxq3t37f6mx9miaydrrgs\gradle-9.4.0\lib\agents\gradle-instrumentation-agent-9.4.0.jar path:D:\Program Files\Android\Android Studio1\jbr\bin\instrument.dll, loaded, initialized, instrumentlib options:none

dbghelp: loaded successfully - version: 4.0.5 - missing functions: none
symbol engine: initialized successfully - sym options: 0x614 - pdb path: .;D:\Program Files\Android\Android Studio1\jbr\bin;C:\WINDOWS\SYSTEM32;C:\WINDOWS\WinSxS\amd64_microsoft.windows.common-controls_6595b64144ccf1df_6.0.26100.8037_none_3e092faae333b53b;D:\Program Files\Android\Android Studio1\jbr\bin\server;C:\Users\xpfasd\.gradle\native\660c5614fbf4a5f2a75b1949f50a0caf5cd603558e7d8a26e50b933a0cfb79d1\windows-amd64;C:\Users\xpfasd\.gradle\native\0.2.8\x86_64-windows-gnu;C:\Users\xpfasd\AppData\Local\Temp

VM Arguments:
jvm_args: --add-opens=java.base/java.lang=ALL-UNNAMED --add-opens=java.base/java.lang.invoke=ALL-UNNAMED --add-opens=java.base/java.util=ALL-UNNAMED --add-opens=java.prefs/java.util.prefs=ALL-UNNAMED --add-exports=jdk.compiler/com.sun.tools.javac.api=ALL-UNNAMED --add-exports=jdk.compiler/com.sun.tools.javac.util=ALL-UNNAMED --add-opens=java.base/java.util=ALL-UNNAMED --add-opens=java.prefs/java.util.prefs=ALL-UNNAMED --add-opens=java.base/java.nio.charset=ALL-UNNAMED --add-opens=java.base/java.net=ALL-UNNAMED --add-opens=java.base/java.util.concurrent=ALL-UNNAMED --add-opens=java.base/java.util.concurrent.atomic=ALL-UNNAMED --add-opens=java.xml/javax.xml.namespace=ALL-UNNAMED --add-opens=java.base/java.time=ALL-UNNAMED -Xmx4g -Dfile.encoding=UTF-8 -Duser.country=CN -Duser.language=zh -Duser.variant -javaagent:C:\Users\xpfasd\.gradle\wrapper\dists\gradle-9.4.0-bin\lcvyxq3t37f6mx9miaydrrgs\gradle-9.4.0\lib\agents\gradle-instrumentation-agent-9.4.0.jar 
java_command: org.gradle.launcher.daemon.bootstrap.GradleDaemon 9.4.0
java_class_path (initial): C:\Users\xpfasd\.gradle\wrapper\dists\gradle-9.4.0-bin\lcvyxq3t37f6mx9miaydrrgs\gradle-9.4.0\lib\gradle-daemon-main-9.4.0.jar
Launcher Type: SUN_STANDARD

[Global flags]
     intx CICompilerCount                          = 12                                        {product} {ergonomic}
     uint ConcGCThreads                            = 3                                         {product} {ergonomic}
     uint G1ConcRefinementThreads                  = 13                                        {product} {ergonomic}
   size_t G1HeapRegionSize                         = 2097152                                   {product} {ergonomic}
    uintx GCDrainStackTargetSize                   = 64                                        {product} {ergonomic}
   size_t InitialHeapSize                          = 465567744                                 {product} {ergonomic}
   size_t MarkStackSize                            = 4194304                                   {product} {ergonomic}
   size_t MaxHeapSize                              = 4294967296                                {product} {command line}
   size_t MaxNewSize                               = 2575302656                                {product} {ergonomic}
   size_t MinHeapDeltaBytes                        = 2097152                                   {product} {ergonomic}
   size_t MinHeapSize                              = 8388608                                   {product} {ergonomic}
    uintx NonNMethodCodeHeapSize                   = 7602480                                {pd product} {ergonomic}
    uintx NonProfiledCodeHeapSize                  = 122027880                              {pd product} {ergonomic}
    uintx ProfiledCodeHeapSize                     = 122027880                              {pd product} {ergonomic}
    uintx ReservedCodeCacheSize                    = 251658240                              {pd product} {ergonomic}
     bool SegmentedCodeCache                       = true                                      {product} {ergonomic}
   size_t SoftMaxHeapSize                          = 4294967296                             {manageable} {ergonomic}
     bool UseCompressedOops                        = true                           {product lp64_product} {ergonomic}
     bool UseG1GC                                  = true                                      {product} {ergonomic}
     bool UseLargePagesIndividualAllocation        = false                                  {pd product} {ergonomic}

Logging:
Log output configuration:
 #0: stdout all=warning uptime,level,tags foldmultilines=false
 #1: stderr all=off uptime,level,tags foldmultilines=false

Release file:
JAVA_VERSION="21.0.9" 
MODULES="java.base java.compiler java.datatransfer java.xml java.prefs java.desktop java.instrument java.logging java.management java.security.sasl java.naming java.rmi java.management.rmi java.net.http java.scripting java.security.jgss java.transaction.xa java.sql java.sql.rowset java.xml.crypto java.se java.smartcardio jdk.accessibility jdk.internal.jvmstat jdk.attach jdk.charsets jdk.internal.opt jdk.zipfs jdk.compiler jdk.crypto.ec jdk.crypto.cryptoki jdk.dynalink jdk.hotspot.agent jdk.httpserver jdk.internal.ed jdk.internal.le jdk.internal.vm.ci jdk.jartool jdk.javadoc jdk.jcmd jdk.jdeps jdk.jdwp.agent jdk.jdi jdk.jfr jdk.jlink jdk.jsobject jdk.localedata jdk.management jdk.management.agent jdk.management.jfr jdk.naming.dns jdk.naming.rmi jdk.net jdk.sctp jdk.security.auth jdk.security.jgss jdk.unsupported jdk.unsupported.desktop jdk.xml.dom" 
IMPLEMENTOR="JetBrains s.r.o." 
JAVA_RUNTIME_VERSION="21.0.9+-14787801-b1163.94" 
LIBC="default" 
OS_ARCH="x86_64" 
OS_NAME="Windows" 
SOURCE=".:git:0c757ddc9f2f" 

Environment Variables:
JAVA_HOME=C:\Program Files\Java\jdk-11\bin
PATH=c:\Users\xpfasd\AppData\Local\Programs\cursor\resources\app\bin;D:\Program Files (x86)\VMware\VMware Workstation\bin\;C:\Program Files\Common Files\Oracle\Java\javapath;C:\Program Files (x86)\Common Files\Oracle\Java\javapath;C:\Aibote;C:\Windows\system32;C:\Windows;C:\Windows\System32\Wbem;C:\Windows\System32\WindowsPowerShell\v1.0\;C:\Windows\System32\OpenSSH\;C:\Program Files (x86)\NVIDIA Corporation\PhysX\Common;C:\Program Files\NVIDIA Corporation\NVIDIA NvDLISR;D:\Program Files\Git\cmd;C:\Program Files\dotnet\;C:\Program Files\Java\jdk1.8.0_40\bin\bin;C:\Program Files\Java\jdk1.8.0_40\bin\jre\bin;D:\Program Files\ffmpeg\bin;D:\Users\xpfasd\anaconda3;D:\Users\xpfasd\anaconda3\condabin;D:\Program Files\PuTTY\;C:\Program Files (x86)\OpenSSL-1.1.1h_win32;D:\android\sdk\platform-tools;C:\chrome-win64;D:\Program Files\VideoLAN\VLC;D:\Program Files (x86;C:\Program Files\Docker\Docker\resources\bin;C:\WINDOWS\system32;C:\WINDOWS;C:\WINDOWS\System32\Wbem;C:\WINDOWS\System32\WindowsPowerShell\v1.0\;C:\WINDOWS\System32\OpenSSH\;D:\Program Files\Huawei\DevEco Studio\tools\ohpm\bin;D:\Program Files\Huawei\DevEco Studio\tools\hvigor\bin;D:\Program Files\Huawei\DevEco Studio\tools\node;C:\Program Files\Huawei\DevEco Studio\bin;C:\Program Files\Huawei\DevEco Studio\sdk\default\hms\toolchains;C:\Program Files\Huawei\DevEco Studio\tools\hvigor\bin;C:\Program Files\Huawei\DevEco Studio\tools\ohpm\bin;C:\Program Files\Huawei\DevEco Studio\tools\node;C:\Program Files\Huawei\DevEco Studio\tools\node\node_modules\npm\bin;D:\Program Files\Huawei\DevEco Studio\sdk;D:\huawei\fluttersdk\flutter_flutter\bin;C:\Program Files\Go\bin;D:\Program Files\cursor\resources\app\bin;D:\Program Files\nodejs\;C:\Users\xpfasd\AppData\Local\Programs\Python\Python310\Scripts\;C:\Users\xpfasd\AppData\Local\Programs\Python\Python310\;C:\Users\xpfasd\AppData\Local\Programs\Python\Python312\Scripts\;C:\Users\xpfasd\AppData\Local\Programs\Python\Python312\;C:\Users\xpfasd\AppData\Local\Microsoft\WindowsApps;C:\Program Files\Java\jdk1.8.0_40\bin\bin;C:\Program Files\Java\jdk1.8.0_40\bin\jre\bin;D:\Users\xpfasd\AppData\Local\Programs\Microsoft VS Code\bin;D:\Users\xpfasd\AppData\Local\Programs\Fiddler;D:\AI-Vtuber\AI-Vtuber-20240207\ffmpeg-2023-06-11\bin;D:\Program Files\Aibote\Aibote;C:\Users\xpfasd\AppData\Local\Programs\Ollama;C:\Users\xpfasd\AppData\Local\GitHubDesktop\bin;C:\Users\xpfasd\AppData\Local\Microsoft\WindowsApps;%DevEco Studio%;C:\Users\xpfasd\go\bin;D:\Program Files\Huawei\DevEco Studio\sdk\default\openharmony\toolchains;D:\Users\xpfasd\AppData\Local\Programs\Windsurf\bin;D:\Users\xpfasd\AppData\Local\Programs\Antigravity\bin;C:\Users\xpfasd\AppData\Roaming\npm;C:\Users\xpfasd\AppData\Local\Programs\Kiro\bin;C:\Users\xpfasd\AppData\Local\Microsoft\WinGet\Packages\Anthropic.ClaudeCode_Microsoft.Winget.Source_8wekyb3d8bbwe
USERNAME=xpfasd
OS=Windows_NT
PROCESSOR_IDENTIFIER=AMD64 Family 25 Model 116 Stepping 1, AuthenticAMD
TMP=C:\Users\xpfasd\AppData\Local\Temp
TEMP=C:\Users\xpfasd\AppData\Local\Temp




Periodic native trim disabled

JNI global refs:
JNI global refs: 50, weak refs: 10

JNI global refs memory usage: 835, weak refs: 1281

Process memory usage:
Resident Set Size: 2802672K (9% of 29037428K total physical memory with 1780820K free physical memory)

OOME stack traces (most recent first):
Classloader memory used:
Loader java.net.URLClassLoader                                                         : 114M
Loader org.gradle.internal.classloader.VisitableURLClassLoader$InstrumentingVisitableURLClassLoader: 87479K
Loader org.gradle.internal.classloader.VisitableURLClassLoader                         : 59946K
Loader bootstrap                                                                       : 38827K
Loader org.gradle.initialization.MixInLegacyTypesClassLoader                           : 16193K
Loader jdk.internal.loader.ClassLoaders$AppClassLoader                                 : 12970K
Loader org.gradle.internal.classloader.VisitableURLClassLoader                         : 2643K
Loader jdk.internal.loader.ClassLoaders$PlatformClassLoader                            : 1034K
Loader jdk.internal.reflect.DelegatingClassLoader                                      : 761K
Loader jdk.internal.jrtfs.JrtFileSystemProvider$JrtFsLoader                            : 604K
Loader org.gradle.groovy.scripts.internal.DefaultScriptCompilationHandler$ScriptClassLoader: 250K
Loader org.codehaus.groovy.runtime.callsite.CallSiteClassLoader                        : 110K
Loader sun.reflect.misc.MethodUtil                                                     : 2984B

Classes loaded by more than one classloader:
Class Program                                                                         : loaded 46 times (x 72B)
Class Build_gradle                                                                    : loaded 43 times (x 126B)
Class Build_gradle$1                                                                  : loaded 22 times (x 74B)
Class org.gradle.kotlin.dsl.Accessors7t09xqv4rp34sow31xff10e9cKt                      : loaded 21 times (x 71B)
Class org.gradle.kotlin.dsl.VersionCatalogAccessorsKt                                 : loaded 21 times (x 71B)
Class Build_gradle$2                                                                  : loaded 18 times (x 74B)
Class Build_gradle$addFrameworkJar$1$1                                                : loaded 17 times (x 75B)
Class Build_gradle$addFrameworkJar$1$1$2                                              : loaded 17 times (x 75B)
Class Build_gradle$addFrameworkJar$1$1$1                                              : loaded 17 times (x 75B)
Class Build_gradle$2$3$2                                                              : loaded 17 times (x 74B)
Class org.gradle.kotlin.dsl.CompileOnlyConfigurationAccessorsKt                       : loaded 17 times (x 71B)
Class org.gradle.kotlin.dsl.Accessors2sci8yewa96g0fyfhouaecr70Kt                      : loaded 17 times (x 71B)
Class Build_gradle$2$2$1                                                              : loaded 16 times (x 74B)
Class org.gradle.kotlin.dsl.ImplementationConfigurationAccessorsKt                    : loaded 15 times (x 71B)
Class org.gradle.kotlin.dsl.ApiConfigurationAccessorsKt                               : loaded 7 times (x 71B)
Class com.google.common.collect.Iterators$MergingIterator                             : loaded 4 times (x 81B)
Class com.google.common.collect.AbstractIterator                                      : loaded 4 times (x 82B)
Class kotlin.reflect.KMutableProperty                                                 : loaded 4 times (x 70B)
Class com.google.common.primitives.Ints                                               : loaded 4 times (x 71B)
Class kotlin.reflect.KMutableProperty2                                                : loaded 4 times (x 70B)
Class kotlin.collections.CollectionsKt                                                : loaded 4 times (x 71B)
Class kotlin.io.NoSuchFileException                                                   : loaded 4 times (x 82B)
Class com.google.common.collect.ImmutableList$SubList                                 : loaded 4 times (x 209B)
Class kotlin.jvm.internal.PropertyReference                                           : loaded 4 times (x 115B)
Class kotlin.io.FilesKt__FileTreeWalkKt                                               : loaded 4 times (x 71B)
Class kotlin.sequences.FilteringSequence$iterator$1                                   : loaded 4 times (x 79B)
Class kotlin.sequences.SequencesKt__SequenceBuilderKt                                 : loaded 4 times (x 71B)
Class com.google.common.collect.ForwardingObject                                      : loaded 4 times (x 72B)
Class kotlin.collections.CollectionsKt__ReversedViewsKt                               : loaded 4 times (x 71B)
Class kotlin.collections.IndexingIterator                                             : loaded 4 times (x 79B)
Class com.google.common.collect.ImmutableMap$Builder                                  : loaded 4 times (x 82B)
Class [Lkotlin.reflect.KAnnotatedElement;                                             : loaded 4 times (x 69B)
Class com.google.common.collect.BiMap                                                 : loaded 4 times (x 70B)
Class com.google.common.collect.ImmutableMap$1                                        : loaded 4 times (x 81B)
Class kotlin.reflect.KMutableProperty1                                                : loaded 4 times (x 70B)
Class com.google.common.collect.IndexedImmutableSet                                   : loaded 4 times (x 152B)
Class com.google.common.base.Objects                                                  : loaded 4 times (x 71B)
Class kotlin.reflect.KProperty                                                        : loaded 4 times (x 70B)
Class com.google.common.collect.ImmutableMultimap$EntryCollection                     : loaded 4 times (x 128B)
Class kotlin.jvm.internal.Reflection                                                  : loaded 4 times (x 71B)
Class kotlin.reflect.KClassifier                                                      : loaded 4 times (x 70B)
Class kotlin.reflect.KMutableProperty0                                                : loaded 4 times (x 70B)
Class com.google.common.primitives.IntsMethodsForWeb                                  : loaded 4 times (x 71B)
Class com.google.common.collect.ImmutableMultimap$Keys                                : loaded 4 times (x 166B)
Class com.google.common.collect.Multimap                                              : loaded 4 times (x 70B)
Class com.google.common.collect.ImmutableList                                         : loaded 4 times (x 206B)
Class kotlin.text.StringsKt__StringsJVMKt                                             : loaded 4 times (x 71B)
Class kotlin.jvm.internal.PropertyReference1Impl                                      : loaded 4 times (x 127B)
Class com.google.common.base.ExtraObjectsMethodsForWeb                                : loaded 4 times (x 71B)
Class com.google.common.collect.NullnessCasts                                         : loaded 4 times (x 71B)
Class kotlin.collections.MapsKt__MapsJVMKt                                            : loaded 4 times (x 71B)
Class kotlin.collections.EmptyList                                                    : loaded 4 times (x 174B)
Class com.google.common.collect.ImmutableEnumSet                                      : loaded 4 times (x 146B)
Class com.google.common.collect.ImmutableList$1                                       : loaded 4 times (x 97B)
Class com.google.common.collect.ImmutableMultimap$Builder                             : loaded 4 times (x 83B)
Class com.google.common.collect.Maps$KeySet                                           : loaded 4 times (x 137B)
Class kotlin.text.StringsKt__IndentKt                                                 : loaded 4 times (x 71B)
Class kotlin.internal.ProgressionUtilKt                                               : loaded 4 times (x 71B)
Class kotlin.collections.SetsKt                                                       : loaded 4 times (x 71B)
Class com.google.common.collect.SingletonImmutableList                                : loaded 4 times (x 207B)
Class kotlin.collections.IndexingIterable                                             : loaded 4 times (x 79B)
Class [Lkotlin.reflect.KProperty;                                                     : loaded 4 times (x 69B)
Class kotlin.jvm.internal.markers.KMappedMarker                                       : loaded 4 times (x 70B)
Class kotlin.reflect.KFunction                                                        : loaded 4 times (x 70B)
Class com.google.common.base.JdkPattern                                               : loaded 4 times (x 75B)
Class com.google.common.collect.RegularImmutableMap                                   : loaded 4 times (x 121B)
Class com.google.common.collect.ImmutableMap$MapViewOfValuesAsSingletonSets           : loaded 4 times (x 126B)
Class com.google.common.collect.ImmutableList$ReverseImmutableList                    : loaded 4 times (x 209B)
Class kotlin.collections.MapsKt__MapsKt                                               : loaded 4 times (x 71B)
Class kotlin.jvm.internal.Lambda                                                      : loaded 4 times (x 75B)
Class [Lkotlin.reflect.KDeclarationContainer;                                         : loaded 4 times (x 69B)
Class com.google.common.collect.ImmutableMapEntrySet                                  : loaded 4 times (x 152B)
Class com.google.common.collect.Iterators$1                                           : loaded 4 times (x 81B)
Class kotlin.UninitializedPropertyAccessException                                     : loaded 4 times (x 82B)
Class com.google.common.collect.Maps$BiMapConverter                                   : loaded 4 times (x 90B)
Class com.google.common.collect.ImmutableMapEntrySet$RegularEntrySet                  : loaded 4 times (x 152B)
Class com.google.common.collect.ImmutableMap$IteratorBasedImmutableMap                : loaded 4 times (x 126B)
Class com.google.common.collect.Lists$StringAsImmutableList                           : loaded 4 times (x 207B)
Class kotlin.reflect.KProperty$Getter                                                 : loaded 4 times (x 70B)
Class com.google.common.collect.ImmutableBiMap                                        : loaded 4 times (x 143B)
Class kotlin.NoWhenBranchMatchedException                                             : loaded 4 times (x 82B)
Class kotlin.Lazy                                                                     : loaded 4 times (x 70B)
Class com.google.common.collect.UnmodifiableListIterator                              : loaded 4 times (x 95B)
Class com.google.common.collect.Iterators$4                                           : loaded 4 times (x 82B)
Class com.google.common.collect.Iterators$5                                           : loaded 4 times (x 82B)
Class kotlin.jvm.internal.CallableReference$NoReceiver                                : loaded 4 times (x 71B)
Class com.google.common.collect.Iterators                                             : loaded 4 times (x 71B)
Class kotlin.text.StringsKt__StringBuilderKt                                          : loaded 4 times (x 71B)
Class com.google.common.collect.ImmutableMultimap$Values                              : loaded 4 times (x 126B)
Class kotlin.collections.ArraysKt__ArraysKt                                           : loaded 4 times (x 71B)
Class com.google.common.base.Joiner$2                                                 : loaded 4 times (x 79B)
Class kotlin.io.FilesKt__UtilsKt                                                      : loaded 4 times (x 71B)
Class kotlin.collections.CollectionsKt__CollectionsJVMKt                              : loaded 4 times (x 71B)
Class com.google.common.collect.ImmutableCollection                                   : loaded 4 times (x 125B)
Class com.google.common.collect.RegularImmutableAsList                                : loaded 4 times (x 217B)
Class kotlin.collections.IndexedValue                                                 : loaded 4 times (x 72B)
Class kotlin.reflect.KCallable                                                        : loaded 4 times (x 70B)
Class kotlin.collections.ArraysKt__ArraysJVMKt                                        : loaded 4 times (x 71B)
Class kotlin.sequences.SequencesKt                                                    : loaded 4 times (x 71B)
Class kotlin.io.FilesKt__FilePathComponentsKt                                         : loaded 4 times (x 71B)
Class com.google.common.collect.PeekingIterator                                       : loaded 4 times (x 70B)
Class kotlin.io.TerminateException                                                    : loaded 4 times (x 82B)
Class kotlin.collections.CollectionsKt__IteratorsKt                                   : loaded 4 times (x 71B)
Class [Lkotlin.reflect.KClass;                                                        : loaded 4 times (x 69B)
Class com.google.common.collect.Lists                                                 : loaded 4 times (x 71B)
Class com.google.common.base.Converter                                                : loaded 4 times (x 90B)
Class com.google.common.collect.ImmutableSet$CachingAsList                            : loaded 4 times (x 148B)
Class com.google.common.base.Joiner$1                                                 : loaded 4 times (x 80B)
Class kotlin.jvm.KotlinReflectionNotSupportedError                                    : loaded 4 times (x 82B)
Class com.google.common.collect.Iterators$9                                           : loaded 4 times (x 81B)
Class kotlin.LazyKt                                                                   : loaded 4 times (x 71B)
Class com.google.common.collect.ImmutableAsList                                       : loaded 4 times (x 209B)
Class kotlin.collections.SetsKt__SetsKt                                               : loaded 4 times (x 71B)
Class com.google.common.collect.Multiset                                              : loaded 4 times (x 70B)
Class kotlin.LazyKt__LazyJVMKt                                                        : loaded 4 times (x 71B)
Class com.google.common.base.Preconditions                                            : loaded 4 times (x 71B)
Class com.google.common.collect.Hashing                                               : loaded 4 times (x 71B)
Class com.google.common.collect.AbstractMultimap                                      : loaded 4 times (x 123B)
Class kotlin.collections.ArraysKt                                                     : loaded 4 times (x 71B)
Class kotlin.sequences.SequencesKt___SequencesKt                                      : loaded 4 times (x 71B)
Class kotlin.collections.AbstractList$Companion                                       : loaded 4 times (x 71B)
Class [Lcom.google.common.collect.AbstractIterator$State;                             : loaded 4 times (x 69B)
Class com.google.common.collect.Sets$ImprovedAbstractSet                              : loaded 4 times (x 135B)
Class com.google.common.collect.ImmutableList$Builder                                 : loaded 4 times (x 77B)
Class kotlin.reflect.KProperty2                                                       : loaded 4 times (x 70B)
Class kotlin.collections.CollectionsKt__MutableCollectionsKt                          : loaded 4 times (x 71B)
Class kotlin.io.CloseableKt                                                           : loaded 4 times (x 71B)
Class com.google.common.collect.ImmutableMultiset                                     : loaded 4 times (x 163B)
Class com.google.common.collect.RegularImmutableBiMap                                 : loaded 4 times (x 149B)
Class com.google.common.collect.ImmutableMultimap$2                                   : loaded 4 times (x 81B)
Class kotlin.io.FilesKt__FileReadWriteKt                                              : loaded 4 times (x 71B)
Class com.google.common.collect.AbstractIterator$State                                : loaded 4 times (x 79B)
Class kotlin.text.StringsKt__StringNumberConversionsKt                                : loaded 4 times (x 71B)
Class com.google.common.collect.Maps$EntryTransformer                                 : loaded 4 times (x 70B)
Class kotlin.ranges.RangesKt___RangesKt                                               : loaded 4 times (x 71B)
Class com.google.common.collect.Iterators$SingletonIterator                           : loaded 4 times (x 81B)
Class com.google.common.collect.AbstractMapEntry                                      : loaded 4 times (x 81B)
Class com.google.common.collect.SingletonImmutableBiMap                               : loaded 4 times (x 143B)
Class com.google.common.collect.ImmutableMultimap$1                                   : loaded 4 times (x 82B)
Class kotlin.reflect.KClass                                                           : loaded 4 times (x 70B)
Class kotlin.reflect.KProperty1                                                       : loaded 4 times (x 70B)
Class kotlin.Pair                                                                     : loaded 4 times (x 72B)
Class [Lcom.google.common.collect.ImmutableMapEntry;                                  : loaded 4 times (x 69B)
Class com.google.common.collect.AbstractIndexedListIterator                           : loaded 4 times (x 96B)
Class kotlin.KotlinNullPointerException                                               : loaded 4 times (x 83B)
Class com.google.common.base.CommonPattern                                            : loaded 4 times (x 74B)
Class kotlin.io.FileAlreadyExistsException                                            : loaded 4 times (x 82B)
Class kotlin.Function                                                                 : loaded 4 times (x 70B)
Class kotlin.jvm.internal.CallableReference                                           : loaded 4 times (x 106B)
Class com.google.common.collect.ImmutableMapEntry                                     : loaded 4 times (x 85B)
Class com.google.common.collect.RegularImmutableMap$BucketOverflowException           : loaded 4 times (x 82B)
Class kotlin.enums.EnumEntries                                                        : loaded 4 times (x 70B)
Class kotlin.collections.CollectionsKt__IterablesKt                                   : loaded 4 times (x 71B)
Class com.google.common.collect.ImmutableMapEntry$NonTerminalImmutableMapEntry        : loaded 4 times (x 85B)
Class kotlin.collections.MapsKt                                                       : loaded 4 times (x 71B)
Class com.google.common.collect.UnmodifiableIterator                                  : loaded 4 times (x 80B)
Class com.google.common.collect.Platform                                              : loaded 4 times (x 71B)
Class com.google.common.collect.RegularImmutableMap$KeySet                            : loaded 4 times (x 152B)
Class com.google.common.collect.ImmutableMultimap                                     : loaded 4 times (x 147B)
Class kotlin.text.StringsKt__AppendableKt                                             : loaded 4 times (x 71B)
Class kotlin.reflect.KProperty0                                                       : loaded 4 times (x 70B)
Class com.google.common.collect.ImmutableEnumMap                                      : loaded 4 times (x 126B)
Class com.google.common.collect.ListMultimap                                          : loaded 4 times (x 70B)
Class com.google.common.base.Equivalence                                              : loaded 4 times (x 82B)
Class com.google.common.base.Function                                                 : loaded 4 times (x 70B)
Class com.google.common.collect.RegularImmutableList                                  : loaded 4 times (x 213B)
Class kotlin.jvm.internal.Intrinsics                                                  : loaded 4 times (x 71B)
Class kotlin.reflect.KAnnotatedElement                                                : loaded 4 times (x 70B)
Class kotlin.io.FileSystemException                                                   : loaded 4 times (x 82B)
Class kotlin.jvm.internal.DefaultConstructorMarker                                    : loaded 4 times (x 71B)
Class kotlin.jvm.internal.PropertyReference1                                          : loaded 4 times (x 127B)
Class com.google.common.collect.Maps                                                  : loaded 4 times (x 71B)
Class [Lkotlin.reflect.KClassifier;                                                   : loaded 4 times (x 69B)
Class [Lkotlin.LazyThreadSafetyMode;                                                  : loaded 4 times (x 69B)
Class com.google.common.collect.BaseImmutableMultimap                                 : loaded 4 times (x 123B)
Class com.google.common.base.Joiner                                                   : loaded 4 times (x 79B)
Class com.google.common.collect.EmptyImmutableListMultimap                            : loaded 4 times (x 176B)
Class kotlin.LazyKt__LazyJVMKt$WhenMappings                                           : loaded 4 times (x 71B)
Class kotlin.collections.CollectionsKt__IteratorsJVMKt                                : loaded 4 times (x 71B)
Class kotlin.comparisons.ComparisonsKt___ComparisonsJvmKt                             : loaded 4 times (x 71B)
Class kotlin.reflect.KProperty$Accessor                                               : loaded 4 times (x 70B)
Class [Lkotlin.reflect.KCallable;                                                     : loaded 4 times (x 69B)
Class [Lcom.google.common.collect.ImmutableEntry;                                     : loaded 4 times (x 69B)
Class kotlin.LazyThreadSafetyMode                                                     : loaded 4 times (x 79B)
Class com.google.common.collect.Sets$1                                                : loaded 4 times (x 139B)
Class kotlin.collections.EmptyIterator                                                : loaded 4 times (x 89B)
Class kotlin.text.StringsKt__RegexExtensionsKt                                        : loaded 4 times (x 71B)
Class kotlin.enums.EnumEntriesKt                                                      : loaded 4 times (x 71B)
Class kotlin.collections.CollectionsKt__MutableCollectionsJVMKt                       : loaded 4 times (x 71B)
Class kotlin.SynchronizedLazyImpl                                                     : loaded 4 times (x 76B)
Class kotlin.text.StringsKt___StringsKt                                               : loaded 4 times (x 71B)
Class com.google.common.collect.ImmutableCollection$Builder                           : loaded 4 times (x 76B)
Class kotlin.collections.MapsKt__MapWithDefaultKt                                     : loaded 4 times (x 71B)
Class com.google.common.collect.Iterators$ArrayItr                                    : loaded 4 times (x 97B)
Class com.google.common.collect.SortedMapDifference                                   : loaded 4 times (x 70B)
Class com.google.common.collect.Maps$AbstractFilteredMap                              : loaded 4 times (x 127B)
Class kotlin.collections.ArraysKt___ArraysKt                                          : loaded 4 times (x 71B)
Class kotlin.collections.MapsKt___MapsKt                                              : loaded 4 times (x 71B)
Class com.google.common.collect.ImmutableListMultimap                                 : loaded 4 times (x 176B)
Class kotlin.io.FilesKt                                                               : loaded 4 times (x 71B)
Class kotlin.jvm.internal.FunctionBase                                                : loaded 4 times (x 70B)
Class kotlin.jvm.internal.FunctionReference                                           : loaded 4 times (x 122B)
Class com.google.common.collect.CollectPreconditions                                  : loaded 4 times (x 71B)
Class kotlin.enums.EnumEntriesList                                                    : loaded 4 times (x 223B)
Class kotlin.sequences.Sequence                                                       : loaded 4 times (x 70B)
Class kotlin.text.StringsKt__StringNumberConversionsJVMKt                             : loaded 4 times (x 71B)
Class kotlin.reflect.KDeclarationContainer                                            : loaded 4 times (x 70B)
Class kotlin.NotImplementedError                                                      : loaded 4 times (x 82B)
Class kotlin.sequences.SequencesKt__SequencesJVMKt                                    : loaded 4 times (x 71B)
Class kotlin.collections.AbstractList                                                 : loaded 4 times (x 197B)
Class kotlin.text.StringsKt___StringsJvmKt                                            : loaded 4 times (x 71B)
Class com.google.common.collect.Sets$2                                                : loaded 4 times (x 139B)
Class kotlin.collections.AbstractCollection                                           : loaded 4 times (x 117B)
Class com.google.common.collect.Maps$ViewCachingAbstractMap                           : loaded 4 times (x 125B)
Class com.google.common.collect.Maps$8                                                : loaded 4 times (x 82B)
Class kotlin.text.StringsKt                                                           : loaded 4 times (x 71B)
Class com.google.common.collect.ImmutableEntry                                        : loaded 4 times (x 82B)
Class [Lcom.google.common.collect.AbstractMapEntry;                                   : loaded 4 times (x 69B)
Class kotlin.collections.ArrayAsCollection                                            : loaded 4 times (x 105B)
Class kotlin.collections.CollectionsKt___CollectionsKt                                : loaded 4 times (x 71B)
Class kotlin.text.StringsKt__StringBuilderJVMKt                                       : loaded 4 times (x 71B)
Class kotlin.collections.EmptySet                                                     : loaded 4 times (x 122B)
Class kotlin.text.Regex                                                               : loaded 4 times (x 72B)
Class kotlin.LazyKt__LazyKt                                                           : loaded 4 times (x 71B)
Class kotlin.text.Regex$Companion                                                     : loaded 4 times (x 71B)
Class kotlin._Assertions                                                              : loaded 4 times (x 71B)
Class com.google.common.collect.Sets$SetView                                          : loaded 4 times (x 138B)
Class kotlin.collections.MapsKt___MapsJvmKt                                           : loaded 4 times (x 71B)
Class kotlin.jvm.internal.ReflectionFactory                                           : loaded 4 times (x 91B)
Class com.google.common.collect.ImmutableMap                                          : loaded 4 times (x 120B)
Class com.google.common.base.Predicate                                                : loaded 4 times (x 70B)
Class kotlin.UNINITIALIZED_VALUE                                                      : loaded 4 times (x 71B)
Class kotlin.comparisons.ComparisonsKt__ComparisonsKt                                 : loaded 4 times (x 71B)
Class kotlin.ranges.RangesKt__RangesKt                                                : loaded 4 times (x 71B)
Class kotlin.sequences.SequencesKt__SequencesKt                                       : loaded 4 times (x 71B)
Class com.google.common.collect.MapDifference                                         : loaded 4 times (x 70B)
Class kotlin.collections.SetsKt___SetsKt                                              : loaded 4 times (x 71B)
Class com.google.common.collect.Sets$3                                                : loaded 4 times (x 139B)
Class com.google.common.collect.TransformedIterator                                   : loaded 4 times (x 80B)
Class kotlin.collections.SetsKt__SetsJVMKt                                            : loaded 4 times (x 71B)
Class kotlin.reflect.KTypeParameter                                                   : loaded 4 times (x 70B)
Class kotlin.collections.CollectionsKt__CollectionsKt                                 : loaded 4 times (x 71B)
Class kotlin.jvm.functions.Function2                                                  : loaded 4 times (x 70B)
Class kotlin.collections.ArraysKt___ArraysJvmKt                                       : loaded 4 times (x 71B)
Class kotlin.text.StringsKt__RegexExtensionsJVMKt                                     : loaded 4 times (x 71B)
Class kotlin.text.StringsKt__StringsKt                                                : loaded 4 times (x 71B)
Class com.google.common.collect.Sets                                                  : loaded 4 times (x 71B)
Class org.gradle.kotlin.dsl.AndroidTestImplementationConfigurationAccessorsKt         : loaded 4 times (x 71B)
Class kotlin.comparisons.ComparisonsKt                                                : loaded 4 times (x 71B)
Class kotlin.jvm.functions.Function1                                                  : loaded 4 times (x 70B)
Class kotlin.comparisons.ComparisonsKt___ComparisonsKt                                : loaded 4 times (x 71B)
Class kotlin.jvm.functions.Function0                                                  : loaded 4 times (x 70B)
Class kotlin.collections.ArraysUtilJVM                                                : loaded 4 times (x 71B)
Class kotlin.sequences.FilteringSequence                                              : loaded 4 times (x 75B)
Class kotlin.reflect.KType                                                            : loaded 4 times (x 70B)
Class com.google.common.collect.Sets$FilteredSet                                      : loaded 4 times (x 137B)
Class com.google.common.collect.RegularImmutableMap$Values                            : loaded 4 times (x 207B)
Class com.google.common.collect.Sets$4                                                : loaded 4 times (x 139B)
Class com.google.common.collect.Collections2$FilteredCollection                       : loaded 4 times (x 119B)
Class kotlin.ranges.RangesKt                                                          : loaded 4 times (x 71B)
Class com.google.common.collect.ImmutableSet                                          : loaded 4 times (x 145B)
Class com.google.common.collect.ImmutableMultisetGwtSerializationDependencies         : loaded 4 times (x 125B)
Class kotlin.TuplesKt                                                                 : loaded 4 times (x 71B)
Class kotlin.sequences.SequencesKt___SequencesJvmKt                                   : loaded 4 times (x 71B)
Class kotlin.Unit                                                                     : loaded 4 times (x 71B)
Class kotlin.jvm.internal.FunctionReferenceImpl                                       : loaded 4 times (x 122B)
Class kotlin.collections.CollectionsKt___CollectionsJvmKt                             : loaded 4 times (x 71B)
Class com.google.common.cache.CacheStats                                              : loaded 3 times (x 71B)
Class kotlin.text.DelimitedRangesSequence                                             : loaded 3 times (x 75B)
Class com.google.common.base.CharMatcher$Or                                           : loaded 3 times (x 112B)
Class kotlin.jvm.functions.Function22                                                 : loaded 3 times (x 70B)
Class com.google.common.cache.LocalCache$Strength$2                                   : loaded 3 times (x 81B)
Class com.google.common.collect.ForwardingSet                                         : loaded 3 times (x 151B)
Class com.squareup.javapoet.JavaFile                                                  : loaded 3 times (x 72B)
Class com.google.common.base.CharMatcher$BitSetMatcher                                : loaded 3 times (x 112B)
Class com.google.common.base.Supplier                                                 : loaded 3 times (x 70B)
Class com.google.common.cache.LocalCache$Strength$1                                   : loaded 3 times (x 81B)
Class kotlin.io.FileTreeWalk$DirectoryState                                           : loaded 3 times (x 73B)
Class kotlin.text.CharsKt__CharJVMKt                                                  : loaded 3 times (x 71B)
Class com.squareup.javapoet.TypeSpec                                                  : loaded 3 times (x 72B)
Class com.google.common.base.AbstractIterator                                         : loaded 3 times (x 80B)
Class org.apache.commons.io.file.Counters$Counter                                     : loaded 3 times (x 70B)
Class kotlin.jvm.functions.Function21                                                 : loaded 3 times (x 70B)
Class org.apache.commons.io.output.QueueOutputStream                                  : loaded 3 times (x 87B)
Class android.databinding.tool.writer.JavaFileWriter                                  : loaded 3 times (x 74B)
Class com.google.common.base.Ticker                                                   : loaded 3 times (x 72B)
Class com.squareup.javapoet.LineWrapper$FlushType                                     : loaded 3 times (x 79B)
Class com.google.common.base.CharMatcher$FastMatcher                                  : loaded 3 times (x 111B)
Class org.apache.commons.io.FileUtils                                                 : loaded 3 times (x 71B)
Class org.apache.commons.io.file.Counters                                             : loaded 3 times (x 71B)
Class com.google.common.math.IntMath$1                                                : loaded 3 times (x 71B)
Class com.google.common.collect.Maps$FilteredEntryMap$EntrySet                        : loaded 3 times (x 152B)
Class com.squareup.javapoet.FieldSpec                                                 : loaded 3 times (x 72B)
Class com.google.common.base.Strings                                                  : loaded 3 times (x 71B)
Class [Lcom.google.common.cache.LocalCache$Segment;                                   : loaded 3 times (x 69B)
Class [Lcom.google.common.cache.LocalCache$Strength;                                  : loaded 3 times (x 69B)
Class com.google.common.cache.LocalCache$Strength$3                                   : loaded 3 times (x 81B)
Class [Lcom.google.common.cache.CacheBuilder$NullListener;                            : loaded 3 times (x 69B)
Class kotlin.collections.CollectionsKt___CollectionsKt$asSequence$$inlined$Sequence$1 : loaded 3 times (x 75B)
Class kotlin.jvm.internal.ClassBasedDeclarationContainer                              : loaded 3 times (x 70B)
Class com.google.common.collect.AllEqualOrdering                                      : loaded 3 times (x 114B)
Class com.google.common.base.Splitter$1                                               : loaded 3 times (x 77B)
Class com.google.common.cache.CacheBuilder$1                                          : loaded 3 times (x 85B)
Class com.google.common.base.AbstractIterator$State                                   : loaded 3 times (x 79B)
Class com.squareup.javapoet.LineWrapper$1                                             : loaded 3 times (x 71B)
Class com.google.common.cache.LocalCache$LocalLoadingCache                            : loaded 3 times (x 134B)
Class kotlin.jvm.functions.Function20                                                 : loaded 3 times (x 70B)
Class jdk.internal.jrtfs.SystemImage                                                  : loaded 3 times (x 74B)
Class com.google.common.graph.SuccessorsFunction                                      : loaded 3 times (x 70B)
Class [Lcom.squareup.javapoet.LineWrapper$FlushType;                                  : loaded 3 times (x 69B)
Class com.google.common.collect.ImmutableSortedSet$Builder                            : loaded 3 times (x 86B)
Class kotlin.jvm.functions.Function3                                                  : loaded 3 times (x 70B)
Class kotlin.Triple                                                                   : loaded 3 times (x 72B)
Class com.google.common.cache.LocalCache                                              : loaded 3 times (x 187B)
Class com.google.common.cache.CacheBuilder$2                                          : loaded 3 times (x 79B)
Class com.google.common.base.CharMatcher$NegatedFastMatcher                           : loaded 3 times (x 113B)
Class com.google.common.cache.CacheBuilder$NullListener                               : loaded 3 times (x 82B)
Class com.google.common.base.Predicates$CompositionPredicate                          : loaded 3 times (x 88B)
Class kotlin.io.FileTreeWalk$WalkState                                                : loaded 3 times (x 73B)
Class org.apache.commons.io.FilenameUtils                                             : loaded 3 times (x 71B)
Class kotlin.jvm.functions.Function4                                                  : loaded 3 times (x 70B)
Class com.google.common.cache.CacheBuilder$3                                          : loaded 3 times (x 72B)
Class com.google.common.collect.ArrayListMultimap                                     : loaded 3 times (x 172B)
Class kotlin.annotation.Target                                                        : loaded 3 times (x 70B)
Class com.google.common.collect.CompoundOrdering                                      : loaded 3 times (x 115B)
Class com.google.common.collect.AbstractMapBasedMultimap$WrappedList                  : loaded 3 times (x 205B)
Class jdk.internal.jimage.ImageStrings                                                : loaded 3 times (x 70B)
Class com.google.common.collect.NaturalOrdering                                       : loaded 3 times (x 115B)
Class kotlin.jvm.functions.Function5                                                  : loaded 3 times (x 70B)
Class jdk.internal.jimage.ImageReader$Directory                                       : loaded 3 times (x 84B)
Class jdk.internal.jrtfs.SystemImage$1                                                : loaded 3 times (x 78B)
Class [Lcom.google.common.base.Function;                                              : loaded 3 times (x 69B)
Class com.google.common.base.Suppliers$MemoizingSupplier                              : loaded 3 times (x 79B)
Class org.apache.commons.io.StandardLineSeparator                                     : loaded 3 times (x 79B)
Class kotlin.annotation.Retention                                                     : loaded 3 times (x 70B)
Class com.google.common.cache.CacheLoader$FunctionToCacheLoader                       : loaded 3 times (x 75B)
Class com.google.common.base.Platform                                                 : loaded 3 times (x 71B)
Class com.google.common.collect.Maps$IteratorBasedAbstractMap$1                       : loaded 3 times (x 138B)
Class kotlin.jvm.functions.Function6                                                  : loaded 3 times (x 70B)
Class com.squareup.javapoet.ArrayTypeName                                             : loaded 3 times (x 81B)
Class kotlin.jvm.functions.Function7                                                  : loaded 3 times (x 70B)
Class com.google.common.cache.LocalCache$EntryFactory                                 : loaded 3 times (x 83B)
Class com.google.common.collect.AbstractMapBasedMultimap$AsMap                        : loaded 3 times (x 128B)
Class com.google.common.collect.CollectSpliterators                                   : loaded 3 times (x 71B)
Class com.google.common.collect.Multimaps$Entries                                     : loaded 3 times (x 118B)
Class kotlin.jvm.functions.Function8                                                  : loaded 3 times (x 70B)
Class com.google.common.collect.Iterables$5                                           : loaded 3 times (x 81B)
Class kotlin.jvm.internal.ArrayIteratorKt                                             : loaded 3 times (x 71B)
Class kotlin.jvm.internal.ArrayIterator                                               : loaded 3 times (x 79B)
Class com.google.common.collect.Sets$3$1                                              : loaded 3 times (x 82B)
Class com.google.common.cache.LocalCache$LoadingValueReference                        : loaded 3 times (x 96B)
Class org.apache.commons.io.output.UnsynchronizedByteArrayOutputStream                : loaded 3 times (x 102B)
Class com.google.common.base.Splitter                                                 : loaded 3 times (x 72B)
Class javax.xml.bind.JAXBException                                                    : loaded 3 times (x 85B)
Class kotlin.UnsafeLazyImpl                                                           : loaded 3 times (x 76B)
Class org.apache.commons.io.file.PathFilter                                           : loaded 3 times (x 70B)
Class com.google.common.collect.ComparatorOrdering                                    : loaded 3 times (x 115B)
Class jdk.internal.jrtfs.SystemImage$2                                                : loaded 3 times (x 76B)
Class com.google.common.collect.NullsLastOrdering                                     : loaded 3 times (x 115B)
Class kotlin.jvm.internal.MutablePropertyReference                                    : loaded 3 times (x 119B)
Class com.squareup.javapoet.Util                                                      : loaded 3 times (x 71B)
Class com.google.common.base.MoreObjects                                              : loaded 3 times (x 71B)
Class kotlin.jvm.functions.Function10                                                 : loaded 3 times (x 70B)
Class org.apache.commons.io.output.StringBuilderWriter                                : loaded 3 times (x 100B)
Class [Lorg.apache.commons.io.StandardLineSeparator;                                  : loaded 3 times (x 69B)
Class kotlin.jvm.functions.Function9                                                  : loaded 3 times (x 70B)
Class com.squareup.javapoet.MethodSpec                                                : loaded 3 times (x 72B)
Class com.squareup.javapoet.TypeSpec$Builder                                          : loaded 3 times (x 72B)
Class jdk.internal.jimage.ImageReader$SharedImageReader$LocationVisitor               : loaded 3 times (x 70B)
Class com.squareup.javapoet.TypeVariableName                                          : loaded 3 times (x 81B)
Class com.google.common.cache.CacheLoader$InvalidCacheLoadException                   : loaded 3 times (x 82B)
Class com.google.common.collect.AbstractMapBasedMultimap$WrappedSet                   : loaded 3 times (x 142B)
Class com.google.common.collect.ImmutableMapKeySet                                    : loaded 3 times (x 152B)
Class com.google.common.collect.ImmutableSet$RegularSetBuilderImpl                    : loaded 3 times (x 77B)
Class kotlin.jvm.internal.PropertyReference0                                          : loaded 3 times (x 127B)
Class kotlin.jvm.functions.Function11                                                 : loaded 3 times (x 70B)
Class com.google.common.collect.Maps$EntryFunction                                    : loaded 3 times (x 91B)
Class org.apache.commons.io.output.ByteArrayOutputStream                              : loaded 3 times (x 102B)
Class jdk.internal.jrtfs.JrtPath                                                      : loaded 3 times (x 118B)
Class jdk.internal.jimage.ImageBufferCache                                            : loaded 3 times (x 71B)
Class org.apache.commons.io.output.AbstractByteArrayOutputStream                      : loaded 3 times (x 102B)
Class com.google.common.cache.LoadingCache                                            : loaded 3 times (x 70B)
Class com.google.common.collect.IndexedImmutableSet$1                                 : loaded 3 times (x 213B)
Class com.google.common.cache.CacheBuilder$OneWeigher                                 : loaded 3 times (x 82B)
Class com.google.common.collect.FluentIterable                                        : loaded 3 times (x 81B)
Class kotlin.collections.EmptyMap                                                     : loaded 3 times (x 108B)
Class com.google.common.collect.CollectSpliterators$1WithCharacteristics              : loaded 3 times (x 90B)
Class kotlin.ranges.IntRange$Companion                                                : loaded 3 times (x 71B)
Class jdk.internal.jrtfs.JrtFileSystem                                                : loaded 3 times (x 102B)
Class kotlin.jvm.functions.Function12                                                 : loaded 3 times (x 70B)
Class kotlin.io.FileTreeWalk$FileTreeWalkIterator                                     : loaded 3 times (x 83B)
Class com.google.common.base.Predicates                                               : loaded 3 times (x 71B)
Class [Lcom.google.common.cache.Weigher;                                              : loaded 3 times (x 69B)
Class kotlin.ranges.IntRange                                                          : loaded 3 times (x 93B)
Class org.apache.commons.io.file.Counters$AbstractPathCounters                        : loaded 3 times (x 82B)
Class kotlin.properties.ReadOnlyProperty                                              : loaded 3 times (x 70B)
Class com.google.common.base.Suppliers$NonSerializableMemoizingSupplier               : loaded 3 times (x 79B)
Class com.google.common.math.IntMath                                                  : loaded 3 times (x 71B)
Class com.google.common.collect.RegularImmutableSortedSet                             : loaded 3 times (x 300B)
Class com.google.common.collect.AbstractMapBasedMultimap$KeySet                       : loaded 3 times (x 137B)
Class kotlin.io.FileTreeWalk$FileTreeWalkIterator$TopDownDirectoryState               : loaded 3 times (x 74B)
Class org.apache.commons.io.CloseableURLConnection                                    : loaded 3 times (x 116B)
Class org.apache.commons.io.function.IOBiFunction                                     : loaded 3 times (x 70B)
Class com.google.common.base.CharMatcher$IsNot                                        : loaded 3 times (x 111B)
Class kotlin.jvm.functions.Function13                                                 : loaded 3 times (x 70B)
Class com.squareup.javapoet.LineWrapper$RecordingAppendable                           : loaded 3 times (x 77B)
Class com.google.common.cache.LocalCache$LocalManualCache                             : loaded 3 times (x 99B)
Class com.squareup.javapoet.LineWrapper                                               : loaded 3 times (x 72B)
Class com.google.common.collect.ImmutableSortedSet                                    : loaded 3 times (x 300B)
Class jdk.internal.jrtfs.JrtFileSystemProvider                                        : loaded 3 times (x 101B)
Class [Lcom.google.common.cache.LocalCache$EntryFactory;                              : loaded 3 times (x 69B)
Class com.google.common.collect.Ordering                                              : loaded 3 times (x 114B)
Class com.google.common.collect.Maps$FilteredEntryMap                                 : loaded 3 times (x 128B)
Class com.google.common.collect.AbstractMapBasedMultimap$RandomAccessWrappedList      : loaded 3 times (x 205B)
Class com.google.common.cache.LocalCache$1                                            : loaded 3 times (x 89B)
Class kotlin.text.Charsets                                                            : loaded 3 times (x 71B)
Class Build_gradle$1$3$2                                                              : loaded 3 times (x 74B)
Class com.google.common.base.Ascii                                                    : loaded 3 times (x 71B)
Class kotlin.ranges.OpenEndRange                                                      : loaded 3 times (x 70B)
Class jdk.internal.jrtfs.JrtFileAttributes                                            : loaded 3 times (x 83B)
Class [Lkotlin.Pair;                                                                  : loaded 3 times (x 69B)
Class kotlin.ranges.IntProgression                                                    : loaded 3 times (x 81B)
Class kotlin.jvm.functions.Function14                                                 : loaded 3 times (x 70B)
Class com.google.common.collect.UsingToStringOrdering                                 : loaded 3 times (x 114B)
Class com.google.common.cache.LocalCache$ValueReference                               : loaded 3 times (x 70B)
Class org.apache.commons.io.FileExistsException                                       : loaded 3 times (x 82B)
Class org.apache.commons.io.file.PathUtils                                            : loaded 3 times (x 71B)
Class jdk.internal.jimage.ImageReader$Resource                                        : loaded 3 times (x 84B)
Class kotlin.sequences.TransformingSequence$iterator$1                                : loaded 3 times (x 79B)
Class jdk.internal.jimage.decompressor.Decompressor                                   : loaded 3 times (x 72B)
Class com.google.common.base.CharMatcher$Is                                           : loaded 3 times (x 111B)
Class com.google.common.cache.CacheLoader$SupplierToCacheLoader                       : loaded 3 times (x 75B)
Class com.google.common.base.CharMatcher$Negated                                      : loaded 3 times (x 113B)
Class [Lcom.squareup.javapoet.TypeName;                                               : loaded 3 times (x 69B)
Class kotlin.jvm.functions.Function15                                                 : loaded 3 times (x 70B)
Class com.google.common.cache.LocalCache$2                                            : loaded 3 times (x 142B)
Class com.google.common.base.CharMatcher$None                                         : loaded 3 times (x 112B)
Class com.google.common.collect.AbstractSetMultimap                                   : loaded 3 times (x 174B)
Class com.google.common.collect.ReverseNaturalOrdering                                : loaded 3 times (x 114B)
Class com.google.common.base.Equivalence$Equals                                       : loaded 3 times (x 82B)
Class com.squareup.javapoet.CodeWriter$Multiset                                       : loaded 3 times (x 72B)
Class com.google.common.base.PatternCompiler                                          : loaded 3 times (x 70B)
Class kotlin.text.CharsKt__CharKt                                                     : loaded 3 times (x 71B)
Class kotlin.jvm.functions.Function16                                                 : loaded 3 times (x 70B)
Class com.google.common.base.Platform$JdkPatternCompiler                              : loaded 3 times (x 75B)
Class com.google.common.collect.AbstractMapBasedMultimap                              : loaded 3 times (x 139B)
Class com.google.common.base.FunctionalEquivalence                                    : loaded 3 times (x 83B)
Class com.squareup.javapoet.FieldSpec$Builder                                         : loaded 3 times (x 72B)
Class com.squareup.javapoet.ParameterSpec                                             : loaded 3 times (x 72B)
Class com.google.common.collect.ByFunctionOrdering                                    : loaded 3 times (x 115B)
Class org.apache.commons.io.function.IOSupplier                                       : loaded 3 times (x 70B)
Class com.google.common.collect.ImmutableSetMultimap                                  : loaded 3 times (x 180B)
Class com.squareup.javapoet.TypeName                                                  : loaded 3 times (x 81B)
Class com.google.common.base.Suppliers                                                : loaded 3 times (x 71B)
Class [Lcom.google.common.cache.CacheBuilder$OneWeigher;                              : loaded 3 times (x 69B)
Class com.google.common.cache.ReferenceEntry                                          : loaded 3 times (x 70B)
Class com.google.common.base.CharMatcher                                              : loaded 3 times (x 111B)
Class [Lcom.squareup.javapoet.TypeSpec$Kind;                                          : loaded 3 times (x 69B)
Class [Lorg.apache.commons.io.file.DeleteOption;                                      : loaded 3 times (x 69B)
Class kotlin.jvm.functions.Function17                                                 : loaded 3 times (x 70B)
Class com.google.common.cache.LocalCache$EntryFactory$1                               : loaded 3 times (x 83B)
Class [Lcom.google.common.cache.RemovalListener;                                      : loaded 3 times (x 69B)
Class com.squareup.javapoet.CodeWriter                                                : loaded 3 times (x 72B)
Class kotlin.sequences.TransformingSequence                                           : loaded 3 times (x 75B)
Class jdk.internal.jimage.BasicImageReader$1                                          : loaded 3 times (x 77B)
Class com.google.common.collect.Table                                                 : loaded 3 times (x 70B)
Class com.google.common.base.CharMatcher$AnyOf                                        : loaded 3 times (x 112B)
Class com.google.common.collect.Maps$IteratorBasedAbstractMap                         : loaded 3 times (x 125B)
Class org.apache.commons.io.function.IOFunction                                       : loaded 3 times (x 70B)
Class jdk.internal.jimage.ImageReader$Node                                            : loaded 3 times (x 84B)
Class Build_gradle$1$2$1                                                              : loaded 3 times (x 74B)
Class com.google.common.base.CharMatcher$1                                            : loaded 3 times (x 113B)
Class com.squareup.javapoet.JavaFile$1                                                : loaded 3 times (x 79B)
Class com.google.common.base.CharMatcher$ForPredicate                                 : loaded 3 times (x 112B)
Class com.google.common.base.CharMatcher$NamedFastMatcher                             : loaded 3 times (x 112B)
Class com.google.common.collect.Iterators$6                                           : loaded 3 times (x 81B)
Class com.google.common.collect.ImmutableSortedAsList                                 : loaded 3 times (x 221B)
Class com.google.common.cache.LocalCache$LocalManualCache$1                           : loaded 3 times (x 75B)
Class org.apache.commons.io.output.NullWriter                                         : loaded 3 times (x 99B)
Class com.google.common.collect.ImmutableSet$JdkBackedSetBuilderImpl                  : loaded 3 times (x 76B)
Class com.google.common.base.Optional                                                 : loaded 3 times (x 80B)
Class com.squareup.javapoet.TypeSpec$Kind                                             : loaded 3 times (x 79B)
Class kotlin.jvm.functions.Function18                                                 : loaded 3 times (x 70B)
Class com.google.common.cache.LocalCache$EntryFactory$2                               : loaded 3 times (x 83B)
Class com.google.common.base.Splitter$SplittingIterator                               : loaded 3 times (x 84B)
Class kotlin.jvm.functions.Function19                                                 : loaded 3 times (x 70B)
Class com.google.common.collect.AbstractListMultimap                                  : loaded 3 times (x 172B)
Class com.google.common.cache.LocalCache$EntryFactory$3                               : loaded 3 times (x 83B)
Class com.google.common.collect.SortedIterable                                        : loaded 3 times (x 70B)
Class com.google.common.cache.CacheLoader                                             : loaded 3 times (x 74B)
Class kotlin.SafePublicationLazyImpl                                                  : loaded 3 times (x 76B)
Class kotlin.collections.AbstractIterator                                             : loaded 3 times (x 83B)
Class kotlin.text.CharsKt                                                             : loaded 3 times (x 71B)
Class jdk.internal.jimage.ImageReader$SharedImageReader                               : loaded 3 times (x 95B)
Class com.google.common.collect.AbstractMapBasedMultimap$AsMap$AsMapEntries           : loaded 3 times (x 138B)
Class com.google.common.cache.LocalCache$Segment                                      : loaded 3 times (x 154B)
Class jdk.internal.jrtfs.JrtDirectoryStream$1                                         : loaded 3 times (x 83B)
Class jdk.internal.jimage.ImageLocation                                               : loaded 3 times (x 90B)
Class com.google.common.base.Ticker$1                                                 : loaded 3 times (x 72B)
Class com.google.common.util.concurrent.UncheckedExecutionException                   : loaded 3 times (x 82B)
Class com.google.common.collect.Multimaps                                             : loaded 3 times (x 71B)
Class com.google.common.collect.ExplicitOrdering                                      : loaded 3 times (x 115B)
Class jdk.internal.jimage.ImageReader                                                 : loaded 3 times (x 75B)
Class kotlin.Metadata                                                                 : loaded 3 times (x 70B)
Class com.google.common.collect.SingletonImmutableSet                                 : loaded 3 times (x 146B)
Class kotlin.ranges.IntProgression$Companion                                          : loaded 3 times (x 71B)
Class com.google.common.cache.LocalCache$ComputingValueReference                      : loaded 3 times (x 96B)
Class com.google.common.cache.LocalCache$EntryFactory$4                               : loaded 3 times (x 83B)
Class com.google.common.collect.SetMultimap                                           : loaded 3 times (x 70B)
Class kotlin.text.DelimitedRangesSequence$iterator$1                                  : loaded 3 times (x 79B)
Class com.google.common.base.Suppliers$SupplierOfInstance                             : loaded 3 times (x 79B)
Class jdk.internal.jimage.ImageStringsReader                                          : loaded 3 times (x 80B)
Class com.squareup.javapoet.ParameterSpec$Builder                                     : loaded 3 times (x 72B)
Class com.google.common.base.CharMatcher$InRange                                      : loaded 3 times (x 111B)
Class com.google.common.collect.ImmutableSet$Builder                                  : loaded 3 times (x 85B)
Class kotlin.sequences.ConstrainedOnceSequence                                        : loaded 3 times (x 75B)
Class com.google.common.cache.LocalCache$EntryFactory$5                               : loaded 3 times (x 83B)
Class com.google.common.collect.ReverseOrdering                                       : loaded 3 times (x 115B)
Class com.squareup.javapoet.CodeBlock                                                 : loaded 3 times (x 72B)
Class com.squareup.javapoet.AnnotationSpec                                            : loaded 3 times (x 72B)
Class com.google.common.cache.LocalCache$EntryFactory$6                               : loaded 3 times (x 83B)
Class com.google.common.collect.HashMultimap                                          : loaded 3 times (x 174B)
Class kotlin.io.FileTreeWalk$FileTreeWalkIterator$WhenMappings                        : loaded 3 times (x 71B)
Class com.google.common.cache.CacheBuilder                                            : loaded 3 times (x 72B)
Class org.apache.commons.io.output.AppendableWriter                                   : loaded 3 times (x 100B)
Class com.google.common.cache.LocalCache$EntryFactory$7                               : loaded 3 times (x 83B)
Class jdk.internal.jimage.ImageBufferCache$1                                          : loaded 3 times (x 83B)
Class com.google.common.collect.AbstractMapBasedMultimap$WrappedCollection            : loaded 3 times (x 124B)
Class com.google.common.collect.ImmutableSet$EmptySetBuilderImpl                      : loaded 3 times (x 76B)
Class org.apache.commons.io.IOUtils                                                   : loaded 3 times (x 71B)
Class com.google.common.cache.CacheLoader$UnsupportedLoadingOperationException        : loaded 3 times (x 82B)
Class com.google.common.collect.HashMultimapGwtSerializationDependencies              : loaded 3 times (x 174B)
Class kotlin.collections.IntIterator                                                  : loaded 3 times (x 82B)
Class com.google.common.base.CharMatcher$And                                          : loaded 3 times (x 112B)
Class com.google.common.util.concurrent.ExecutionError                                : loaded 3 times (x 82B)
Class kotlin.jvm.internal.MutablePropertyReference1                                   : loaded 3 times (x 137B)
Class kotlin.SafePublicationLazyImpl$Companion                                        : loaded 3 times (x 71B)
Class kotlin.ranges.ClosedRange                                                       : loaded 3 times (x 70B)
Class org.apache.commons.io.file.DeleteOption                                         : loaded 3 times (x 70B)
Class org.apache.commons.io.output.ThresholdingOutputStream                           : loaded 3 times (x 95B)
Class com.squareup.javapoet.CodeBlock$Builder                                         : loaded 3 times (x 72B)
Class [Lkotlin.io.FileWalkDirection;                                                  : loaded 3 times (x 69B)
Class jdk.internal.jrtfs.JrtDirectoryStream                                           : loaded 3 times (x 89B)
Class com.google.common.collect.Maps$EntryFunction$2                                  : loaded 3 times (x 91B)
Class com.google.common.collect.Maps$FilteredEntryMap$EntrySet$1                      : loaded 3 times (x 82B)
Class com.google.common.cache.LocalCache$EntryFactory$8                               : loaded 3 times (x 83B)
Class com.google.common.collect.Maps$EntrySet                                         : loaded 3 times (x 136B)
Class kotlin.jvm.JvmClassMappingKt                                                    : loaded 3 times (x 71B)
Class jdk.internal.jimage.ImageBufferCache$2                                          : loaded 3 times (x 91B)
Class com.google.common.collect.AbstractMapBasedMultimap$WrappedCollection$WrappedIterator: loaded 3 times (x 84B)
Class com.google.common.collect.ImmutableSet$SetBuilderImpl                           : loaded 3 times (x 76B)
Class com.google.common.collect.FluentIterable$1                                      : loaded 3 times (x 81B)
Class kotlin.io.FileTreeWalk                                                          : loaded 3 times (x 75B)
Class kotlin.jvm.internal.CollectionToArray                                           : loaded 3 times (x 71B)
Class com.squareup.javapoet.JavaFile$Builder                                          : loaded 3 times (x 72B)
Class com.google.common.base.CharMatcher$IsEither                                     : loaded 3 times (x 111B)
Class com.google.common.collect.Maps$EntryFunction$1                                  : loaded 3 times (x 91B)
Class com.google.common.base.Present                                                  : loaded 3 times (x 81B)
Class com.google.common.cache.RemovalListener                                         : loaded 3 times (x 70B)
Class [Lcom.google.common.base.AbstractIterator$State;                                : loaded 3 times (x 69B)
Class org.apache.commons.io.filefilter.IOFileFilter                                   : loaded 3 times (x 70B)
Class com.google.common.collect.SortedSetMultimap                                     : loaded 3 times (x 70B)
Class com.google.common.base.NullnessCasts                                            : loaded 3 times (x 71B)
Class com.google.common.collect.AbstractMultimap$Entries                              : loaded 3 times (x 120B)
Class com.google.common.cache.CacheLoader$1                                           : loaded 3 times (x 75B)
Class org.apache.commons.io.file.Counters$PathCounters                                : loaded 3 times (x 70B)
Class org.apache.commons.io.Charsets                                                  : loaded 3 times (x 71B)
Class com.google.common.cache.Cache                                                   : loaded 3 times (x 70B)
Class com.google.common.cache.LocalCache$Strength                                     : loaded 3 times (x 81B)
Class jdk.internal.jimage.BasicImageReader                                            : loaded 3 times (x 95B)
Class com.google.common.collect.FluentIterable$2                                      : loaded 3 times (x 81B)
Class com.google.common.base.Absent                                                   : loaded 3 times (x 80B)
Class com.google.common.collect.NullsFirstOrdering                                    : loaded 3 times (x 115B)
Class com.google.common.cache.AbstractCache$StatsCounter                              : loaded 3 times (x 70B)
Class com.google.common.collect.RegularImmutableSet                                   : loaded 3 times (x 149B)
Class jdk.internal.jimage.ImageHeader                                                 : loaded 3 times (x 71B)
Class com.squareup.javapoet.AnnotationSpec$Builder                                    : loaded 3 times (x 72B)
Class com.google.common.cache.Weigher                                                 : loaded 3 times (x 70B)
Class kotlin.io.TextStreamsKt                                                         : loaded 3 times (x 71B)
Class kotlin.ranges.IntProgressionIterator                                            : loaded 3 times (x 82B)
Class com.google.common.collect.ForwardingCollection                                  : loaded 3 times (x 130B)
Class org.apache.commons.io.output.NullOutputStream                                   : loaded 3 times (x 85B)
Class com.google.common.collect.LexicographicalOrdering                               : loaded 3 times (x 115B)
Class com.squareup.javapoet.ParameterizedTypeName                                     : loaded 3 times (x 81B)
Class com.google.common.base.Splitter$Strategy                                        : loaded 3 times (x 70B)
Class com.google.common.collect.Iterables                                             : loaded 3 times (x 71B)
Class com.squareup.javapoet.ClassName                                                 : loaded 3 times (x 84B)
Class com.google.common.collect.FluentIterable$3                                      : loaded 3 times (x 81B)
Class com.squareup.javapoet.MethodSpec$Builder                                        : loaded 3 times (x 72B)
Class com.google.common.collect.ObjectArrays                                          : loaded 3 times (x 71B)
Class kotlin.io.FileWalkDirection                                                     : loaded 3 times (x 79B)
Class com.google.common.collect.ArrayListMultimapGwtSerializationDependencies         : loaded 3 times (x 172B)
Class com.google.common.base.PairwiseEquivalence                                      : loaded 3 times (x 83B)
Class com.google.common.math.MathPreconditions                                        : loaded 3 times (x 71B)
Class com.google.common.base.Equivalence$Identity                                     : loaded 3 times (x 82B)
Class [Lcom.google.common.collect.Maps$EntryFunction;                                 : loaded 3 times (x 69B)
Class android.databinding.internal.org.antlr.v4.runtime.atn.PredictionMode$AltAndContextConfigEqualityComparator: loaded 2 times (x 77B)
Class com.sun.xml.bind.v2.runtime.property.ArrayElementProperty                       : loaded 2 times (x 105B)
Class com.sun.xml.bind.api.impl.NameUtil                                              : loaded 2 times (x 80B)
Class com.sun.xml.bind.v2.util.ByteArrayOutputStreamEx                                : loaded 2 times (x 94B)
Class com.sun.xml.bind.v2.model.impl.RuntimeBuiltinLeafInfoImpl$12                    : loaded 2 times (x 136B)
Class com.sun.xml.bind.v2.model.impl.RuntimeBuiltinLeafInfoImpl$PcdataImpl            : loaded 2 times (x 134B)
Class com.sun.xml.bind.v2.model.impl.ElementInfoImpl                                  : loaded 2 times (x 109B)
Class com.sun.xml.bind.v2.model.annotation.AbstractInlineAnnotationReaderImpl         : loaded 2 times (x 104B)
Class org.apache.commons.io.file.CountingPathVisitor                                  : loaded 2 times (x 91B)
Class android.databinding.tool.processing.scopes.LocationScopeProvider                : loaded 2 times (x 70B)
Class kotlin.Deprecated                                                               : loaded 2 times (x 70B)
Class kotlin.Result$Failure                                                           : loaded 2 times (x 72B)
Class com.android.tools.build.jetifier.core.type.JavaType$Companion                   : loaded 2 times (x 71B)
Class kotlin.reflect.jvm.internal.impl.builtins.jvm.JavaToKotlinClassMap              : loaded 2 times (x 71B)
Class kotlin.reflect.jvm.internal.KotlinReflectionInternalError                       : loaded 2 times (x 82B)
Class com.android.tools.build.jetifier.core.config.Config$JsonData                    : loaded 2 times (x 72B)
Class org.jetbrains.org.objectweb.asm.FieldVisitor                                    : loaded 2 times (x 77B)
Class com.google.common.reflect.Reflection                                            : loaded 2 times (x 71B)
Class dagger.hilt.processor.internal.optionvalues.GradleProjectType                   : loaded 2 times (x 79B)
Class android.databinding.internal.org.antlr.v4.runtime.atn.PlusLoopbackState         : loaded 2 times (x 82B)
Class com.sun.xml.bind.v2.runtime.MarshallerImpl$1                                    : loaded 2 times (x 152B)
Class com.sun.xml.bind.v2.runtime.unmarshaller.LeafPropertyXsiLoader                  : loaded 2 times (x 78B)
Class com.sun.xml.bind.v2.runtime.property.ArrayReferenceNodeProperty                 : loaded 2 times (x 104B)
Class [Lcom.sun.xml.bind.v2.runtime.property.AttributeProperty;                       : loaded 2 times (x 69B)
Class javax.xml.bind.annotation.XmlElements                                           : loaded 2 times (x 70B)
Class com.sun.xml.bind.v2.model.impl.ClassInfoImpl$ConflictException                  : loaded 2 times (x 82B)
Class com.sun.xml.bind.v2.model.annotation.XmlElementQuick                            : loaded 2 times (x 96B)
Class com.sun.xml.bind.v2.model.impl.RuntimeBuiltinLeafInfoImpl$13                    : loaded 2 times (x 137B)
Class com.sun.xml.bind.v2.model.impl.ModelBuilderI                                    : loaded 2 times (x 70B)
Class com.sun.xml.bind.v2.runtime.LeafBeanInfoImpl                                    : loaded 2 times (x 89B)
Class kotlin.ResultKt                                                                 : loaded 2 times (x 71B)
Class com.google.gson.internal.ObjectConstructor                                      : loaded 2 times (x 70B)
Class androidx.databinding.InverseBindingMethods                                      : loaded 2 times (x 70B)
Class android.databinding.tool.util.LoggedErrorException                              : loaded 2 times (x 82B)
Class ijJvmDebugger1_2ibd1ircjhebshj8xxju678qr$_run_closure1$_closure2                : loaded 2 times (x 140B)
Class org.gradle.api.internal.classpath.Module                                        : loaded 2 times (x 70B)
Class android.databinding.tool.store.GenClassInfoLog$GenClassImpl$Companion           : loaded 2 times (x 71B)
Class com.sun.xml.bind.v2.model.core.ElementInfo                                      : loaded 2 times (x 70B)
Class com.sun.xml.bind.v2.model.runtime.RuntimeEnumLeafInfo                           : loaded 2 times (x 70B)
Class com.sun.xml.bind.v2.model.impl.RuntimeBuiltinLeafInfoImpl$11                    : loaded 2 times (x 136B)
Class [Lcom.google.common.collect.LinkedHashMultimap$ValueSetLink;                    : loaded 2 times (x 69B)
Class [Lcom.sun.xml.bind.v2.runtime.unmarshaller.Scope;                               : loaded 2 times (x 69B)
Class com.android.tools.build.jetifier.core.rule.RewriteRule$Companion                : loaded 2 times (x 71B)
Class com.android.tools.build.jetifier.core.rule.RewriteRule                          : loaded 2 times (x 72B)
Class android.databinding.internal.org.antlr.v4.runtime.atn.ArrayPredictionContext    : loaded 2 times (x 80B)
Class android.databinding.parser.BindingExpressionParser$ResourceParametersContext    : loaded 2 times (x 132B)
Class android.databinding.parser.BindingExpressionParser$ClassOrInterfaceTypeContext  : loaded 2 times (x 136B)
Class com.sun.xml.bind.v2.runtime.reflect.AdaptedLister                               : loaded 2 times (x 77B)
Class com.sun.xml.bind.v2.model.nav.ReflectionNavigator$10                            : loaded 2 times (x 77B)
Class com.sun.xml.bind.v2.model.impl.RuntimeBuiltinLeafInfoImpl$UUIDImpl              : loaded 2 times (x 136B)
Class com.sun.xml.bind.v2.model.impl.RuntimeBuiltinLeafInfoImpl$14                    : loaded 2 times (x 136B)
Class com.sun.xml.bind.v2.model.core.RegistryInfo                                     : loaded 2 times (x 70B)
Class org.apache.commons.io.filefilter.FileFileFilter                                 : loaded 2 times (x 121B)
Class kotlin.KotlinVersion                                                            : loaded 2 times (x 74B)
Class org.gradle.api.internal.classpath.UnknownModuleException                        : loaded 2 times (x 82B)
Class android.databinding.internal.org.antlr.v4.runtime.atn.PlusBlockStartState       : loaded 2 times (x 83B)
Class org.gradle.api.internal.classpath.DefaultModuleRegistry$DefaultModule           : loaded 2 times (x 82B)
Class org.objectweb.asm.FieldVisitor                                                  : loaded 2 times (x 77B)
Class com.google.common.collect.AbstractMapBasedMultimap$Itr                          : loaded 2 times (x 83B)
Class com.android.tools.build.jetifier.core.type.TypesMap$Companion                   : loaded 2 times (x 71B)
Class android.databinding.parser.BindingExpressionParser$JavaLiteralContext           : loaded 2 times (x 136B)
Class android.databinding.internal.org.antlr.v4.runtime.Parser                        : loaded 2 times (x 150B)
Class android.databinding.internal.org.antlr.v4.runtime.atn.OrderedATNConfigSet       : loaded 2 times (x 148B)
Class android.databinding.internal.org.antlr.v4.runtime.RuleContext                   : loaded 2 times (x 114B)
Class com.sun.xml.bind.v2.model.impl.ClassInfoImpl$SecondaryAnnotation                : loaded 2 times (x 80B)
Class com.sun.xml.bind.v2.model.impl.RuntimeBuiltinLeafInfoImpl$15                    : loaded 2 times (x 136B)
Class com.sun.xml.bind.v2.runtime.AnyTypeBeanInfo                                     : loaded 2 times (x 92B)
Class com.sun.xml.bind.v2.model.core.MaybeElement                                     : loaded 2 times (x 70B)
Class kotlin.collections.builders.ListBuilderKt                                       : loaded 2 times (x 71B)
Class kotlin.text.LinesIterator$State                                                 : loaded 2 times (x 71B)
Class com.google.gson.internal.LinkedTreeMap                                          : loaded 2 times (x 123B)
Class com.google.gson.stream.JsonReader$1                                             : loaded 2 times (x 72B)
Class kotlin.sequences.DistinctIterator                                               : loaded 2 times (x 83B)
Class com.google.common.base.Stopwatch                                                : loaded 2 times (x 72B)
Class com.google.gson.TypeAdapter                                                     : loaded 2 times (x 73B)
Class org.jetbrains.kotlin.build.report.metrics.BuildMetricsReporter                  : loaded 2 times (x 70B)
Class com.google.gson.ToNumberStrategy                                                : loaded 2 times (x 70B)
Class com.sun.xml.bind.v2.runtime.BridgeImpl                                          : loaded 2 times (x 87B)
Class com.sun.xml.bind.v2.model.impl.RuntimeBuiltinLeafInfoImpl$9                     : loaded 2 times (x 136B)
Class android.databinding.internal.org.antlr.v4.runtime.TokenSource                   : loaded 2 times (x 70B)
Class com.sun.xml.bind.v2.model.impl.ReferencePropertyInfoImpl                        : loaded 2 times (x 127B)
Class javax.xml.bind.annotation.XmlTransient                                          : loaded 2 times (x 70B)
Class com.sun.xml.bind.v2.model.impl.AnyTypeImpl                                      : loaded 2 times (x 89B)
Class com.sun.xml.bind.v2.model.impl.RuntimeBuiltinLeafInfoImpl$16                    : loaded 2 times (x 136B)
Class com.sun.xml.bind.v2.runtime.IllegalAnnotationsException                         : loaded 2 times (x 86B)
Class com.google.gson.internal.LinkedTreeMap$1                                        : loaded 2 times (x 91B)
Class com.sun.xml.bind.v2.model.impl.RuntimeBuiltinLeafInfoImpl$10                    : loaded 2 times (x 136B)
Class android.databinding.tool.LibTypes$dataBindingComponent$2                        : loaded 2 times (x 79B)
Class com.google.common.io.AppendableWriter                                           : loaded 2 times (x 100B)
Class com.google.common.util.concurrent.AbstractFuture$Cancellation                   : loaded 2 times (x 72B)
Class org.jetbrains.org.objectweb.asm.FieldWriter                                     : loaded 2 times (x 78B)
Class org.jetbrains.org.objectweb.asm.MethodVisitor                                   : loaded 2 times (x 105B)
Class kotlin.io.ByteStreamsKt                                                         : loaded 2 times (x 71B)
Class [Lkotlin.reflect.jvm.internal.impl.builtins.PrimitiveType;                      : loaded 2 times (x 69B)
Class kotlin.reflect.jvm.internal.impl.builtins.StandardNames                         : loaded 2 times (x 71B)
Class kotlin.reflect.jvm.internal.ReflectProperties$LazySoftVal                       : loaded 2 times (x 78B)
Class com.sun.xml.bind.v2.model.annotation.XmlSchemaTypeQuick                         : loaded 2 times (x 93B)
Class com.sun.xml.bind.CycleRecoverable$Context                                       : loaded 2 times (x 70B)
Class android.databinding.internal.org.antlr.v4.runtime.atn.LexerATNSimulator         : loaded 2 times (x 102B)
Class android.databinding.internal.org.antlr.v4.runtime.ANTLRErrorStrategy            : loaded 2 times (x 70B)
Class kotlin.reflect.jvm.internal.impl.builtins.StandardNames$FqNames                 : loaded 2 times (x 71B)
Class com.google.common.collect.Maps$TransformedEntriesMap                            : loaded 2 times (x 127B)
Class com.google.common.collect.LinkedHashMultimap                                    : loaded 2 times (x 175B)
Class com.google.common.collect.ImmutableMap$IteratorBasedImmutableMap$1EntrySetImpl  : loaded 2 times (x 154B)
Class com.google.common.collect.AbstractMapBasedMultimap$AsMap$AsMapIterator          : loaded 2 times (x 83B)
Class android.databinding.internal.org.antlr.v4.runtime.misc.FlexibleHashMap          : loaded 2 times (x 125B)
Class com.sun.xml.bind.v2.runtime.reflect.Lister$ArrayLister                          : loaded 2 times (x 77B)
Class com.sun.xml.bind.v2.runtime.property.PropertyImpl                               : loaded 2 times (x 102B)
Class com.sun.xml.bind.v2.model.impl.RuntimeBuiltinLeafInfoImpl$17                    : loaded 2 times (x 136B)
Class com.sun.xml.bind.v2.runtime.BridgeAdapter                                       : loaded 2 times (x 87B)
Class com.sun.xml.bind.v2.runtime.BridgeContextImpl                                   : loaded 2 times (x 77B)
Class com.sun.xml.bind.v2.runtime.ElementBeanInfoImpl                                 : loaded 2 times (x 89B)
Class [Lcom.google.gson.ToNumberPolicy;                                               : loaded 2 times (x 69B)
Class com.google.gson.ToNumberPolicy                                                  : loaded 2 times (x 83B)
Class org.gradle.api.internal.DefaultClassPathRegistry                                : loaded 2 times (x 76B)
Class org.objectweb.asm.ClassWriter                                                   : loaded 2 times (x 106B)
Class com.google.common.collect.AbstractMapBasedMultimap$KeySet$1                     : loaded 2 times (x 82B)
Class kotlin.collections.builders.SetBuilder$Companion                                : loaded 2 times (x 71B)
Class kotlin.jvm.JvmStatic                                                            : loaded 2 times (x 70B)
Class kotlin.time.DurationUnitKt__DurationUnitJvmKt                                   : loaded 2 times (x 71B)
Class kotlin.collections.ArraysKt___ArraysKt$asSequence$$inlined$Sequence$1           : loaded 2 times (x 75B)
Class kotlin.DeprecationLevel                                                         : loaded 2 times (x 79B)
Class com.google.gson.internal.bind.ReflectiveTypeAdapterFactory$2                    : loaded 2 times (x 79B)
Class org.apache.commons.io.function.Uncheck                                          : loaded 2 times (x 71B)
Class android.databinding.internal.org.antlr.v4.runtime.tree.TerminalNodeImpl         : loaded 2 times (x 105B)
Class android.databinding.parser.BindingExpressionVisitor                             : loaded 2 times (x 70B)
Class com.sun.xml.bind.v2.model.core.PropertyInfo                                     : loaded 2 times (x 70B)
Class com.sun.xml.bind.v2.model.impl.RuntimeBuiltinLeafInfoImpl$18                    : loaded 2 times (x 136B)
Class javax.activation.MimeTypeParseException                                         : loaded 2 times (x 82B)
Class com.sun.xml.bind.WhiteSpaceProcessor                                            : loaded 2 times (x 71B)
Class com.sun.xml.bind.v2.runtime.AttributeAccessor                                   : loaded 2 times (x 70B)
Class com.sun.xml.bind.v2.model.annotation.Locatable                                  : loaded 2 times (x 70B)
Class com.google.gson.internal.ConstructorConstructor$11                              : loaded 2 times (x 75B)
Class org.apache.commons.io.filefilter.OrFileFilter                                   : loaded 2 times (x 132B)
Class com.sun.xml.bind.api.ErrorListener                                              : loaded 2 times (x 70B)
Class kotlin.annotation.AnnotationTarget                                              : loaded 2 times (x 79B)
Class com.google.common.reflect.Invokable$ConstructorInvokable                        : loaded 2 times (x 107B)
Class org.gradle.internal.classpath.DefaultClassPath$ImmutableUniqueList              : loaded 2 times (x 199B)
Class org.gradle.api.internal.ClassPathRegistry                                       : loaded 2 times (x 70B)
Class org.jetbrains.org.objectweb.asm.ByteVector                                      : loaded 2 times (x 78B)
Class kotlin.reflect.jvm.internal.impl.resolve.jvm.JvmPrimitiveType                   : loaded 2 times (x 79B)
Class com.sun.xml.bind.v2.model.impl.RuntimeBuiltinLeafInfoImpl$8                     : loaded 2 times (x 136B)
Class com.sun.istack.FinalArrayList                                                   : loaded 2 times (x 209B)
Class android.databinding.parser.BindingExpressionParser$RootLambdaContext            : loaded 2 times (x 133B)
Class com.google.common.collect.ImmutableBiMap$Builder                                : loaded 2 times (x 82B)
Class android.databinding.internal.org.antlr.v4.runtime.atn.OrderedATNConfigSet$LexerConfigHashSet: loaded 2 times (x 140B)
Class android.databinding.internal.org.antlr.v4.runtime.ANTLRErrorListener            : loaded 2 times (x 70B)
Class com.sun.xml.bind.v2.runtime.unmarshaller.XmlVisitor$TextPredictor               : loaded 2 times (x 70B)
Class javax.xml.bind.annotation.XmlRegistry                                           : loaded 2 times (x 70B)
Class com.sun.xml.bind.v2.model.impl.RuntimeBuiltinLeafInfoImpl$19                    : loaded 2 times (x 136B)
Class android.databinding.tool.store.GenClassInfoLog$GenClassImpl                     : loaded 2 times (x 72B)
Class kotlin.reflect.jvm.internal.ReflectionFactoryImpl                               : loaded 2 times (x 91B)
Class com.google.gson.internal.ConstructorConstructor$9                               : loaded 2 times (x 76B)
Class android.databinding.tool.util.Preconditions                                     : loaded 2 times (x 71B)
Class jdk.internal.jimage.decompressor.ResourceDecompressor                           : loaded 2 times (x 70B)
Class kotlin.jvm.internal.TypeIntrinsics                                              : loaded 2 times (x 71B)
Class org.gradle.kotlin.dsl.CoreLibraryDesugaringConfigurationAccessorsKt             : loaded 2 times (x 71B)
Class com.google.common.reflect.TypeToken                                             : loaded 2 times (x 73B)
Class com.google.common.collect.MapMakerInternalMap$Segment                           : loaded 2 times (x 142B)
Class [Lorg.jetbrains.org.objectweb.asm.AnnotationWriter;                             : loaded 2 times (x 69B)
Class kotlin.collections.builders.MapBuilder$EntriesItr                               : loaded 2 times (x 81B)
Class android.databinding.tool.LibTypes                                               : loaded 2 times (x 72B)
Class com.google.gson.internal.bind.ReflectiveTypeAdapterFactory$1                    : loaded 2 times (x 74B)
Class com.sun.xml.bind.v2.model.runtime.RuntimeClassInfo                              : loaded 2 times (x 70B)
Class com.google.gson.internal.ConstructorConstructor$13                              : loaded 2 times (x 75B)
Class android.databinding.parser.BindingExpressionParser$DefaultsContext              : loaded 2 times (x 132B)
Class android.databinding.internal.org.antlr.v4.runtime.atn.ATNDeserializer$1         : loaded 2 times (x 71B)
Class com.sun.xml.bind.v2.runtime.reflect.Lister$CollectionLister                     : loaded 2 times (x 77B)
Class javax.xml.bind.annotation.XmlAccessOrder                                        : loaded 2 times (x 79B)
Class com.sun.xml.bind.v2.model.impl.RuntimeAnyTypeImpl                               : loaded 2 times (x 94B)
Class com.sun.xml.bind.v2.model.nav.Navigator                                         : loaded 2 times (x 70B)
Class android.databinding.tool.util.StringUtils                                       : loaded 2 times (x 71B)
Class com.google.gson.internal.bind.ArrayTypeAdapter$1                                : loaded 2 times (x 75B)
Class com.google.gson.internal.bind.JsonTreeWriter                                    : loaded 2 times (x 98B)
Class android.databinding.tool.LibTypes$listClassNames$2                              : loaded 2 times (x 79B)
Class android.databinding.tool.LibTypes$Companion                                     : loaded 2 times (x 71B)
Class kotlin.time.DurationUnit                                                        : loaded 2 times (x 79B)
Class com.sun.xml.bind.v2.model.impl.RuntimeBuiltinLeafInfoImpl$7                     : loaded 2 times (x 136B)
Class com.google.common.cache.RemovalCause                                            : loaded 2 times (x 80B)
Class com.google.common.io.ByteSink                                                   : loaded 2 times (x 76B)
Class Settings_gradle$1                                                               : loaded 2 times (x 75B)
Class org.gradle.internal.classpath.ClassPath                                         : loaded 2 times (x 70B)
Class [Lkotlin.reflect.jvm.internal.impl.name.FqName;                                 : loaded 2 times (x 69B)
Class com.sun.xml.bind.api.impl.NameConverter$2                                       : loaded 2 times (x 93B)
Class com.google.common.collect.LinkedHashMultimap$ValueSet$1                         : loaded 2 times (x 82B)
Class com.google.common.collect.LinkedListMultimap$Node                               : loaded 2 times (x 82B)
Class com.google.common.base.Equivalence$Wrapper                                      : loaded 2 times (x 72B)
Class com.sun.xml.bind.v2.runtime.unmarshaller.Loader                                 : loaded 2 times (x 77B)
Class com.sun.xml.bind.v2.runtime.reflect.PrimitiveArrayListerDouble                  : loaded 2 times (x 76B)
Class android.databinding.internal.org.antlr.v4.runtime.WritableToken                 : loaded 2 times (x 70B)
Class javax.xml.bind.annotation.XmlElementWrapper                                     : loaded 2 times (x 70B)
Class javax.xml.bind.annotation.adapters.XmlJavaTypeAdapter                           : loaded 2 times (x 70B)
Class com.sun.xml.bind.v2.model.annotation.AnnotationSource                           : loaded 2 times (x 70B)
Class kotlin.collections.ArrayDeque                                                   : loaded 2 times (x 207B)
Class [Lcom.google.common.reflect.Types$JavaVersion;                                  : loaded 2 times (x 69B)
Class com.google.common.collect.Interners$InternerBuilder                             : loaded 2 times (x 76B)
Class com.google.common.io.Files$FileByteSource                                       : loaded 2 times (x 85B)
Class org.jetbrains.kotlin.com.intellij.openapi.diagnostic.Logger                     : loaded 2 times (x 99B)
Class android.databinding.parser.BindingExpressionLexer                               : loaded 2 times (x 141B)
Class org.jetbrains.org.objectweb.asm.ClassTooLargeException                          : loaded 2 times (x 83B)
Class com.google.common.io.ByteSink$AsCharSink                                        : loaded 2 times (x 80B)
Class com.google.common.collect.Sets$1$1                                              : loaded 2 times (x 82B)
Class kotlin.coroutines.ContinuationInterceptor$Key                                   : loaded 2 times (x 71B)
Class com.android.tools.build.jetifier.core.PackageMap$PackageRule$JsonData           : loaded 2 times (x 72B)
Class android.databinding.internal.org.antlr.v4.runtime.tree.ErrorNode                : loaded 2 times (x 70B)
Class android.databinding.internal.org.antlr.v4.runtime.atn.DecisionState             : loaded 2 times (x 82B)
Class android.databinding.internal.org.antlr.v4.runtime.atn.BasicState                : loaded 2 times (x 82B)
Class android.databinding.parser.BindingExpressionParser$ExpressionContext            : loaded 2 times (x 132B)
Class com.sun.xml.bind.annotation.OverrideAnnotationOf                                : loaded 2 times (x 70B)
Class com.sun.xml.bind.v2.model.impl.RuntimeValuePropertyInfoImpl                     : loaded 2 times (x 135B)
Class com.google.gson.internal.$Gson$Types$GenericArrayTypeImpl                       : loaded 2 times (x 79B)
Class com.google.gson.internal.JsonReaderInternalAccess                               : loaded 2 times (x 72B)
Class android.databinding.tool.LibTypes$nonNull$2                                     : loaded 2 times (x 79B)
Class kotlin.time.DurationUnitKt__DurationUnitKt                                      : loaded 2 times (x 71B)
Class com.google.common.io.CharStreams$NullWriter                                     : loaded 2 times (x 99B)
Class com.google.common.io.CharSource$CharSequenceCharSource                          : loaded 2 times (x 86B)
Class org.objectweb.asm.SymbolTable$Entry                                             : loaded 2 times (x 74B)
Class org.gradle.api.internal.classpath.DefaultModuleRegistry$DefaultModuleAlias      : loaded 2 times (x 80B)
Class kotlin.collections.MutableMapWithDefault                                        : loaded 2 times (x 70B)
Class org.jetbrains.org.objectweb.asm.ClassWriter                                     : loaded 2 times (x 106B)
Class android.databinding.tool.CompilerArguments                                      : loaded 2 times (x 72B)
Class [Lcom.google.common.base.CaseFormat;                                            : loaded 2 times (x 69B)
Class com.google.gson.internal.bind.DefaultDateTypeAdapter$DateType                   : loaded 2 times (x 73B)
Class com.google.gson.internal.ConstructorConstructor$16                              : loaded 2 times (x 75B)
Class android.databinding.internal.org.antlr.v4.runtime.atn.ATNDeserializationOptions : loaded 2 times (x 72B)
Class com.sun.xml.bind.v2.runtime.property.SingleElementLeafProperty                  : loaded 2 times (x 102B)
Class com.sun.xml.bind.api.impl.NameConverter$Standard                                : loaded 2 times (x 93B)
Class com.sun.xml.bind.v2.model.annotation.Init                                       : loaded 2 times (x 71B)
Class com.google.gson.internal.bind.ReflectiveTypeAdapterFactory                      : loaded 2 times (x 75B)
Class com.google.gson.internal.sql.SqlTimestampTypeAdapter                            : loaded 2 times (x 76B)
Class android.databinding.tool.LibTypes$observableList$2                              : loaded 2 times (x 79B)
Class kotlin.jvm.internal.markers.KMutableMap$Entry                                   : loaded 2 times (x 70B)
Class org.objectweb.asm.Edge                                                          : loaded 2 times (x 72B)
Class android.databinding.tool.store.ResourceBundle$LayoutFileBundle                  : loaded 2 times (x 103B)
Class com.sun.xml.bind.v2.model.impl.RuntimeBuiltinLeafInfoImpl$6                     : loaded 2 times (x 136B)
Class com.google.common.collect.Count                                                 : loaded 2 times (x 71B)
Class com.sun.xml.bind.api.impl.NameConverter$1                                       : loaded 2 times (x 93B)
Class com.sun.xml.bind.v2.runtime.property.SingleElementNodeProperty                  : loaded 2 times (x 102B)
Class android.databinding.internal.org.antlr.v4.runtime.atn.LL1Analyzer               : loaded 2 times (x 76B)
Class android.databinding.internal.org.antlr.v4.runtime.misc.MurmurHash               : loaded 2 times (x 71B)
Class android.databinding.internal.org.antlr.v4.runtime.Recognizer                    : loaded 2 times (x 98B)
Class com.sun.xml.bind.v2.runtime.property.ArrayReferenceNodeProperty$MixedTextLoader : loaded 2 times (x 78B)
Class com.sun.xml.bind.v2.runtime.unmarshaller.XsiNilLoader$Array                     : loaded 2 times (x 80B)
Class com.sun.xml.bind.AccessorFactory                                                : loaded 2 times (x 70B)
Class android.databinding.parser.BindingExpressionParser$GroupingContext              : loaded 2 times (x 133B)
Class com.google.gson.internal.sql.SqlDateTypeAdapter$1                               : loaded 2 times (x 75B)
Class kotlin.properties.Delegates                                                     : loaded 2 times (x 71B)
Class kotlin.collections.AbstractMutableSet                                           : loaded 2 times (x 142B)
Class com.google.devtools.ksp.processing.KSPJvmConfig                                 : loaded 2 times (x 72B)
Class com.google.common.reflect.TypeToken$1                                           : loaded 2 times (x 110B)
Class android.databinding.internal.org.antlr.v4.runtime.atn.LexerIndexedCustomAction  : loaded 2 times (x 77B)
Class [Lorg.jetbrains.kotlin.build.report.metrics.BuildTime;                          : loaded 2 times (x 69B)
Class com.google.common.util.concurrent.AbstractFuture$Trusted                        : loaded 2 times (x 70B)
Class com.google.common.collect.AbstractMapBasedMultiset                              : loaded 2 times (x 163B)
Class com.google.common.collect.MultimapBuilder                                       : loaded 2 times (x 73B)
Class com.google.common.collect.Range                                                 : loaded 2 times (x 87B)
Class [Landroid.databinding.internal.org.antlr.v4.runtime.atn.LexerAction;            : loaded 2 times (x 69B)
Class [Landroid.databinding.internal.org.antlr.v4.runtime.misc.Interval;              : loaded 2 times (x 69B)
Class android.databinding.internal.org.antlr.v4.runtime.atn.ATNState                  : loaded 2 times (x 82B)
Class android.databinding.internal.org.antlr.v4.runtime.atn.PredictionContext         : loaded 2 times (x 79B)
Class android.databinding.parser.BindingExpressionParser$MethodInvocationContext      : loaded 2 times (x 135B)
Class com.sun.xml.bind.v2.model.nav.ReflectionNavigator$BinderArg                     : loaded 2 times (x 73B)
Class com.sun.xml.bind.v2.model.annotation.SecureLoader                               : loaded 2 times (x 71B)
Class com.sun.xml.bind.v2.model.impl.PropertyInfoImpl                                 : loaded 2 times (x 108B)
Class com.sun.xml.bind.v2.runtime.output.Pcdata                                       : loaded 2 times (x 88B)
Class com.sun.xml.bind.v2.util.QNameMap                                               : loaded 2 times (x 72B)
Class com.sun.xml.bind.v2.runtime.JAXBContextImpl                                     : loaded 2 times (x 90B)
Class com.google.gson.internal.ConstructorConstructor$18                              : loaded 2 times (x 75B)
Class com.google.common.reflect.TypeToken$2                                           : loaded 2 times (x 110B)
Class ijJvmDebugger1_2ibd1ircjhebshj8xxju678qr                                        : loaded 2 times (x 171B)
Class kotlin.io.LinesSequence$iterator$1                                              : loaded 2 times (x 79B)
Class kotlin.reflect.jvm.internal.ReflectProperties                                   : loaded 2 times (x 71B)
Class com.sun.xml.bind.v2.model.impl.RuntimeBuiltinLeafInfoImpl$5                     : loaded 2 times (x 136B)
Class com.sun.xml.bind.v2.model.impl.GetterSetterPropertySeed                         : loaded 2 times (x 90B)
Class com.sun.xml.bind.v2.runtime.property.ArrayERProperty$ItemsLoader                : loaded 2 times (x 78B)
Class com.sun.xml.bind.v2.runtime.ElementBeanInfoImpl$1                               : loaded 2 times (x 106B)
Class com.sun.xml.bind.v2.runtime.unmarshaller.UnmarshallingContext$ExpectedTypeRootLoader: loaded 2 times (x 80B)
Class android.databinding.internal.org.antlr.v4.runtime.misc.IntegerList              : loaded 2 times (x 72B)
Class android.databinding.internal.org.antlr.v4.runtime.dfa.DFASerializer             : loaded 2 times (x 74B)
Class javax.xml.bind.annotation.XmlAnyAttribute                                       : loaded 2 times (x 70B)
Class com.sun.xml.bind.v2.model.impl.ValuePropertyInfoImpl                            : loaded 2 times (x 120B)
Class com.google.gson.internal.LinkedTreeMap$LinkedTreeMapIterator                    : loaded 2 times (x 80B)
Class com.google.gson.internal.ConstructorConstructor$19                              : loaded 2 times (x 76B)
Class com.google.gson.internal.bind.ReflectiveTypeAdapterFactory$Adapter              : loaded 2 times (x 77B)
Class com.google.gson.internal.bind.TypeAdapters$10                                   : loaded 2 times (x 75B)
Class kotlin.time.DurationJvmKt                                                       : loaded 2 times (x 71B)
Class [Lcom.google.common.base.Supplier;                                              : loaded 2 times (x 69B)
Class [Lorg.objectweb.asm.SymbolTable$Entry;                                          : loaded 2 times (x 69B)
Class org.gradle.api.internal.classpath.ModuleRegistry                                : loaded 2 times (x 70B)
Class org.gradle.internal.installation.GradleInstallation$1                           : loaded 2 times (x 75B)
Class org.jetbrains.org.objectweb.asm.AnnotationVisitor                               : loaded 2 times (x 78B)
Class com.sun.xml.bind.v2.runtime.unmarshaller.UnmarshallingContext$State             : loaded 2 times (x 72B)
Class android.databinding.internal.org.antlr.v4.runtime.misc.EqualityComparator       : loaded 2 times (x 70B)
Class com.google.common.collect.ImmutableRangeSet$1                                   : loaded 2 times (x 210B)
Class com.android.tools.build.jetifier.core.type.TypesMap                             : loaded 2 times (x 72B)
Class android.databinding.parser.BindingExpressionParser$ConstantValueContext         : loaded 2 times (x 134B)
Class android.databinding.internal.org.antlr.v4.runtime.atn.NotSetTransition          : loaded 2 times (x 76B)
Class com.sun.xml.bind.v2.runtime.output.UTF8XmlOutput                                : loaded 2 times (x 100B)
Class [Lcom.sun.xml.bind.v2.model.impl.ClassInfoImpl$SecondaryAnnotation;             : loaded 2 times (x 69B)
Class com.sun.xml.bind.v2.model.core.TypeInfoSet                                      : loaded 2 times (x 70B)
Class com.sun.xml.bind.api.BridgeContext                                              : loaded 2 times (x 76B)
Class kotlin.coroutines.CoroutineContext$Element                                      : loaded 2 times (x 70B)
Class com.google.gson.internal.bind.TypeAdapters$11                                   : loaded 2 times (x 75B)
Class [Lcom.google.gson.FieldNamingPolicy;                                            : loaded 2 times (x 69B)
Class jdk.internal.jimage.decompressor.ResourceDecompressorFactory                    : loaded 2 times (x 74B)
Class com.google.devtools.ksp.processing.KSPLogger                                    : loaded 2 times (x 70B)
Class com.google.common.util.concurrent.internal.InternalFutureFailureAccess          : loaded 2 times (x 72B)
Class kotlin.reflect.jvm.internal.KDeclarationContainerImpl                           : loaded 2 times (x 84B)
Class kotlin.ReplaceWith                                                              : loaded 2 times (x 70B)
Class com.google.common.collect.MultimapBuilder$ArrayListSupplier                     : loaded 2 times (x 77B)
Class kotlin.streams.jdk8.StreamsKt                                                   : loaded 2 times (x 71B)
Class com.google.gson.internal.sql.SqlTimeTypeAdapter$1                               : loaded 2 times (x 75B)
Class com.google.gson.internal.bind.MapTypeAdapterFactory$Adapter                     : loaded 2 times (x 74B)
Class com.sun.xml.bind.v2.model.runtime.RuntimeNonElement                             : loaded 2 times (x 70B)
Class com.sun.xml.bind.v2.runtime.ClassBeanInfoImpl                                   : loaded 2 times (x 92B)
Class com.android.tools.build.jetifier.core.TypeRewriter                              : loaded 2 times (x 72B)
Class android.databinding.tool.ext.Collection_extKt$joinToCamelCase$1                 : loaded 2 times (x 125B)
Class com.sun.xml.bind.v2.runtime.output.XmlOutput                                    : loaded 2 times (x 70B)
Class com.sun.xml.bind.v2.model.runtime.RuntimeReferencePropertyInfo                  : loaded 2 times (x 70B)
Class javax.xml.bind.annotation.XmlRootElement                                        : loaded 2 times (x 70B)
Class com.sun.xml.bind.v2.model.core.Ref                                              : loaded 2 times (x 72B)
Class com.sun.xml.bind.v2.model.runtime.RuntimeElementInfo                            : loaded 2 times (x 70B)
Class com.sun.xml.bind.v2.model.impl.RuntimeModelBuilder                              : loaded 2 times (x 100B)
Class com.google.gson.internal.bind.TypeAdapters$12                                   : loaded 2 times (x 75B)
Class [Lcom.google.gson.ToNumberStrategy;                                             : loaded 2 times (x 69B)
Class kotlin.text.RegexKt                                                             : loaded 2 times (x 71B)
Class kotlin.time.Duration$Companion                                                  : loaded 2 times (x 71B)
Class kotlin.coroutines.intrinsics.IntrinsicsKt__IntrinsicsKt                         : loaded 2 times (x 71B)
Class javax.xml.bind.Marshaller                                                       : loaded 2 times (x 70B)
Class com.sun.xml.bind.v2.model.core.ErrorHandler                                     : loaded 2 times (x 70B)
Class com.google.common.collect.HashBiMap$Inverse                                     : loaded 2 times (x 142B)
Class com.sun.xml.bind.v2.model.impl.RuntimeBuiltinLeafInfoImpl$4                     : loaded 2 times (x 136B)
Class com.sun.xml.bind.v2.model.runtime.RuntimeAttributePropertyInfo                  : loaded 2 times (x 70B)
Class android.databinding.internal.org.antlr.v4.runtime.atn.PredictionContextCache    : loaded 2 times (x 75B)
Class com.google.common.collect.Multimaps$CustomListMultimap                          : loaded 2 times (x 174B)
Class com.google.common.collect.LinkedListMultimap                                    : loaded 2 times (x 161B)
Class android.databinding.internal.org.antlr.v4.runtime.atn.StarLoopbackState         : loaded 2 times (x 82B)
Class android.databinding.internal.org.antlr.v4.runtime.atn.Transition$1              : loaded 2 times (x 134B)
Class com.android.tools.build.jetifier.core.pom.PomDependency                         : loaded 2 times (x 72B)
Class com.sun.xml.bind.v2.runtime.unmarshaller.UnmarshallingContext                   : loaded 2 times (x 103B)
Class com.sun.xml.bind.v2.runtime.LifecycleMethods                                    : loaded 2 times (x 72B)
Class com.sun.xml.bind.v2.model.annotation.MethodLocatable                            : loaded 2 times (x 78B)
Class com.sun.xml.bind.v2.model.runtime.RuntimeMapPropertyInfo                        : loaded 2 times (x 70B)
Class com.sun.xml.bind.v2.model.nav.TypeVisitor                                       : loaded 2 times (x 76B)
Class com.google.gson.internal.bind.TypeAdapters$13                                   : loaded 2 times (x 75B)
Class com.google.common.collect.ImmutableSortedMap$1EntrySet                          : loaded 2 times (x 155B)
Class com.google.common.collect.Multimaps$CustomSetMultimap                           : loaded 2 times (x 178B)
Class org.gradle.api.internal.classpath.DefaultModuleRegistry                         : loaded 2 times (x 84B)
Class android.databinding.internal.org.antlr.v4.runtime.misc.ObjectEqualityComparator : loaded 2 times (x 77B)
Class com.google.common.collect.SortedIterables                                       : loaded 2 times (x 71B)
Class org.jetbrains.org.objectweb.asm.AnnotationWriter                                : loaded 2 times (x 79B)
Class kotlin.reflect.jvm.internal.impl.utils.CollectionsKt                            : loaded 2 times (x 71B)
Class org.jetbrains.kotlin.build.report.metrics.GradleBuildTime$Companion             : loaded 2 times (x 71B)
Class kotlin.reflect.jvm.internal.impl.name.SpecialNames                              : loaded 2 times (x 71B)
Class com.google.common.collect.MapMakerInternalMap$AbstractStrongKeyEntry            : loaded 2 times (x 80B)
Class com.google.common.reflect.TypeToken$SimpleTypeToken                             : loaded 2 times (x 73B)
Class com.google.common.io.ByteSource$ByteArrayByteSource                             : loaded 2 times (x 85B)
Class com.google.common.collect.LinkedHashMultimap$ValueSetLink                       : loaded 2 times (x 70B)
Class com.google.common.io.CharSource$StringCharSource                                : loaded 2 times (x 86B)
Class kotlin.sequences.GeneratorSequence$iterator$1                                   : loaded 2 times (x 79B)
Class android.databinding.tool.LibTypes$bindingAdapter$2                              : loaded 2 times (x 79B)
Class android.databinding.internal.org.antlr.v4.runtime.atn.RuleStartState            : loaded 2 times (x 82B)
Class android.databinding.internal.org.antlr.v4.runtime.VocabularyImpl                : loaded 2 times (x 82B)
Class android.databinding.parser.BindingExpressionParser$SingleLambdaParameterContext : loaded 2 times (x 133B)
Class android.databinding.parser.BindingExpressionParser$GlobalMethodInvocationContext: loaded 2 times (x 134B)
Class javax.xml.bind.Unmarshaller                                                     : loaded 2 times (x 70B)
Class com.google.gson.internal.bind.NumberTypeAdapter$1                               : loaded 2 times (x 76B)
Class com.google.gson.internal.bind.TypeAdapters$1                                    : loaded 2 times (x 75B)
Class com.google.gson.internal.bind.TypeAdapters$14                                   : loaded 2 times (x 75B)
Class ijKotlinCoroutineJvmDebugInit1_94zbe8lf9k2w0vno4bybgz0nj                        : loaded 2 times (x 171B)
Class kotlin.KotlinVersionCurrentValue                                                : loaded 2 times (x 71B)
Class kotlin.collections.builders.MapBuilder$Itr                                      : loaded 2 times (x 72B)
Class com.google.common.util.concurrent.ListenableFuture                              : loaded 2 times (x 70B)
Class jdk.internal.jimage.BasicImageReader$2                                          : loaded 2 times (x 77B)
Class org.jetbrains.kotlin.com.intellij.openapi.diagnostic.Logger$DefaultFactory      : loaded 2 times (x 74B)
Class com.sun.xml.bind.v2.model.core.BuiltinLeafInfo                                  : loaded 2 times (x 70B)
Class com.google.common.base.Functions$ConstantFunction                               : loaded 2 times (x 84B)
Class com.google.common.collect.ImmutableMapValues                                    : loaded 2 times (x 126B)
Class com.sun.xml.bind.v2.model.impl.RuntimeBuiltinLeafInfoImpl$3                     : loaded 2 times (x 136B)
Class com.sun.xml.bind.v2.runtime.Name                                                : loaded 2 times (x 75B)
Class android.databinding.internal.org.antlr.v4.runtime.atn.EpsilonTransition         : loaded 2 times (x 76B)
Class [Landroid.databinding.internal.org.antlr.v4.runtime.atn.RuleStopState;          : loaded 2 times (x 69B)
Class android.databinding.internal.org.antlr.v4.runtime.atn.LexerATNSimulator$SimState: loaded 2 times (x 73B)
Class android.databinding.parser.BindingExpressionParser$ExplicitGenericInvocationSuffixContext: loaded 2 times (x 133B)
Class android.databinding.internal.org.antlr.v4.runtime.RuntimeMetaData               : loaded 2 times (x 71B)
Class com.sun.xml.bind.v2.runtime.Coordinator                                         : loaded 2 times (x 83B)
Class javax.xml.bind.ValidationEventHandler                                           : loaded 2 times (x 70B)
Class com.sun.xml.bind.v2.model.annotation.XmlRootElementQuick                        : loaded 2 times (x 92B)
Class com.sun.xml.bind.v2.runtime.NameBuilder                                         : loaded 2 times (x 72B)
Class com.google.gson.internal.bind.TypeAdapters$2                                    : loaded 2 times (x 75B)
Class com.google.gson.internal.bind.TypeAdapters$15                                   : loaded 2 times (x 75B)
Class com.google.gson.internal.sql.SqlTypesSupport$1                                  : loaded 2 times (x 74B)
Class com.google.gson.Strictness                                                      : loaded 2 times (x 79B)
Class kotlin.jvm.internal.markers.KMutableSet                                         : loaded 2 times (x 70B)
Class android.databinding.parser.BindingExpressionParser$TypeContext                  : loaded 2 times (x 133B)
Class org.gradle.kotlin.dsl.ProtobufConfigurationAccessorsKt                          : loaded 2 times (x 71B)
Class com.google.common.util.concurrent.AbstractFuture                                : loaded 2 times (x 106B)
Class com.android.tools.build.jetifier.core.TypeRewriter$Companion                    : loaded 2 times (x 71B)
Class com.google.common.collect.HashBiMap$BiEntry                                     : loaded 2 times (x 83B)
Class com.google.common.collect.ImmutableSortedMap$Builder                            : loaded 2 times (x 90B)
Class com.google.common.base.CaseFormat$StringConverter                               : loaded 2 times (x 90B)
Class android.databinding.internal.org.antlr.v4.runtime.misc.DoubleKeyMap             : loaded 2 times (x 78B)
Class android.databinding.parser.BindingExpressionParser$UnaryOpContext               : loaded 2 times (x 133B)
Class com.sun.xml.bind.v2.runtime.unmarshaller.IntData                                : loaded 2 times (x 89B)
Class android.databinding.tool.store.ResourceBundle$BindingTargetBundle$BindingBundle : loaded 2 times (x 82B)
Class javax.xml.bind.annotation.XmlSeeAlso                                            : loaded 2 times (x 70B)
Class com.sun.xml.bind.v2.model.core.PropertyKind                                     : loaded 2 times (x 79B)
Class [Lcom.sun.xml.bind.v2.model.impl.ClassInfoImpl$PropertyGroup;                   : loaded 2 times (x 69B)
Class com.sun.xml.bind.v2.runtime.unmarshaller.Receiver                               : loaded 2 times (x 70B)
Class [Lcom.sun.xml.bind.v2.model.annotation.Quick;                                   : loaded 2 times (x 69B)
Class com.google.gson.internal.bind.TypeAdapters$16                                   : loaded 2 times (x 75B)
Class com.google.gson.internal.bind.TypeAdapters$3                                    : loaded 2 times (x 75B)
Class com.google.gson.internal.sql.SqlTypesSupport$2                                  : loaded 2 times (x 74B)
Class kotlin.coroutines.jvm.internal.RestrictedContinuationImpl                       : loaded 2 times (x 87B)
Class kotlin.coroutines.CoroutineContext$Key                                          : loaded 2 times (x 70B)
Class com.google.common.io.CharStreams                                                : loaded 2 times (x 71B)
Class com.google.common.reflect.TypeResolver$TypeTable                                : loaded 2 times (x 73B)
Class org.objectweb.asm.RecordComponentVisitor                                        : loaded 2 times (x 77B)
Class android.databinding.tool.CompilerArguments$Type                                 : loaded 2 times (x 79B)
Class android.databinding.tool.LibTypes$nullable$2                                    : loaded 2 times (x 79B)
Class com.google.gson.internal.bind.TypeAdapterRuntimeTypeWrapper                     : loaded 2 times (x 74B)
Class com.sun.xml.bind.v2.util.QNameMap$Entry                                         : loaded 2 times (x 72B)
Class com.google.common.collect.Maps$AsMapView                                        : loaded 2 times (x 127B)
Class com.sun.xml.bind.v2.model.impl.RuntimeBuiltinLeafInfoImpl$2                     : loaded 2 times (x 136B)
Class com.sun.xml.bind.v2.runtime.property.ArrayERProperty                            : loaded 2 times (x 104B)
Class android.databinding.internal.org.antlr.v4.runtime.atn.SemanticContext$AND       : loaded 2 times (x 75B)
Class android.databinding.parser.BindingExpressionParser$IdentifierContext            : loaded 2 times (x 132B)
Class com.sun.xml.bind.v2.runtime.unmarshaller.SAXConnector$TagNameImpl               : loaded 2 times (x 75B)
Class javax.xml.bind.JAXBElement                                                      : loaded 2 times (x 81B)
Class javax.xml.bind.annotation.XmlAccessorOrder                                      : loaded 2 times (x 70B)
Class android.databinding.tool.processing.scopes.FileScopeProvider                    : loaded 2 times (x 70B)
Class org.apache.commons.io.file.AccumulatorPathVisitor                               : loaded 2 times (x 95B)
Class com.sun.xml.bind.v2.runtime.CompositeStructureBeanInfo                          : loaded 2 times (x 98B)
Class com.google.gson.internal.bind.TypeAdapters$4                                    : loaded 2 times (x 75B)
Class com.google.common.collect.Maps$FilteredEntryMap$EntrySet$1$1                    : loaded 2 times (x 87B)
Class kotlin.jvm.internal.markers.KMutableList                                        : loaded 2 times (x 70B)
Class com.google.common.reflect.TypeResolver$TypeTable$1                              : loaded 2 times (x 73B)
Class org.gradle.internal.service.ServiceLookupException                              : loaded 2 times (x 82B)
Class android.databinding.tool.ext.XmlResourceReference                               : loaded 2 times (x 72B)
Class org.jetbrains.kotlin.com.intellij.openapi.diagnostic.LogLevel                   : loaded 2 times (x 79B)
Class [Lkotlin.Function;                                                              : loaded 2 times (x 69B)
Class com.google.common.collect.StandardTable                                         : loaded 2 times (x 124B)
Class com.google.common.collect.LinkedListMultimap$DistinctKeyIterator                : loaded 2 times (x 82B)
Class org.gradle.internal.service.ServiceLocator                                      : loaded 2 times (x 70B)
Class [Lorg.objectweb.asm.Type;                                                       : loaded 2 times (x 69B)
Class [Landroid.databinding.internal.org.antlr.v4.runtime.atn.SemanticContext;        : loaded 2 times (x 69B)
Class android.databinding.internal.org.antlr.v4.runtime.BufferedTokenStream           : loaded 2 times (x 126B)
Class com.sun.xml.bind.v2.runtime.reflect.PrimitiveArrayListerCharacter               : loaded 2 times (x 76B)
Class com.sun.xml.bind.v2.runtime.reflect.Lister$IDREFS                               : loaded 2 times (x 77B)
Class com.sun.xml.bind.v2.model.core.TypeRef                                          : loaded 2 times (x 70B)
Class com.sun.xml.bind.v2.model.impl.FieldPropertySeed                                : loaded 2 times (x 90B)
Class com.sun.xml.bind.v2.model.annotation.Quick                                      : loaded 2 times (x 88B)
Class com.sun.xml.bind.v2.runtime.ArrayBeanInfoImpl                                   : loaded 2 times (x 89B)
Class com.google.gson.annotations.JsonAdapter                                         : loaded 2 times (x 70B)
Class com.google.gson.internal.bind.SerializationDelegatingTypeAdapter                : loaded 2 times (x 74B)
Class com.google.gson.internal.bind.TypeAdapters$18                                   : loaded 2 times (x 75B)
Class com.google.gson.internal.bind.TypeAdapters$5                                    : loaded 2 times (x 75B)
Class kotlin.sequences.SequencesKt___SequencesKt$sortedWith$1                         : loaded 2 times (x 75B)
Class [Lkotlin.sequences.Sequence;                                                    : loaded 2 times (x 69B)
Class kotlin.jvm.internal.MutablePropertyReference1Impl                               : loaded 2 times (x 137B)
Class com.google.common.collect.Lists$ReverseList                                     : loaded 2 times (x 200B)
Class org.gradle.internal.classloader.ClassLoaderFactory                              : loaded 2 times (x 70B)
Class kotlin.reflect.jvm.internal.impl.builtins.PrimitiveType                         : loaded 2 times (x 79B)
Class [Lorg.objectweb.asm.Attribute;                                                  : loaded 2 times (x 69B)
Class kotlin.Result                                                                   : loaded 2 times (x 72B)
Class com.google.gson.stream.JsonWriter                                               : loaded 2 times (x 98B)
Class android.databinding.internal.org.antlr.v4.runtime.BaseErrorListener             : loaded 2 times (x 81B)
Class com.sun.xml.bind.v2.runtime.reflect.PrimitiveArrayListerByte                    : loaded 2 times (x 76B)
Class com.sun.xml.bind.v2.runtime.property.SingleReferenceNodeProperty$1              : loaded 2 times (x 85B)
Class com.sun.xml.bind.v2.runtime.unmarshaller.XsiNilLoader                           : loaded 2 times (x 80B)
Class javax.xml.bind.MarshalException                                                 : loaded 2 times (x 85B)
Class com.google.gson.internal.Primitives                                             : loaded 2 times (x 71B)
Class [Lorg.apache.commons.io.FileSystem;                                             : loaded 2 times (x 69B)
Class android.databinding.tool.util.FileUtil                                          : loaded 2 times (x 71B)
Class com.google.gson.internal.bind.ReflectiveTypeAdapterFactory$FieldReflectionAdapter: loaded 2 times (x 77B)
Class com.google.gson.internal.bind.TypeAdapters$19                                   : loaded 2 times (x 75B)
Class com.google.gson.internal.bind.TypeAdapters$6                                    : loaded 2 times (x 75B)
Class com.google.common.collect.ImmutableMap$SerializedForm                           : loaded 2 times (x 73B)
Class org.gradle.internal.service.CachingServiceLocator                               : loaded 2 times (x 82B)
Class com.sun.xml.bind.v2.model.impl.RuntimeBuiltinLeafInfoImpl$1                     : loaded 2 times (x 76B)
Class com.sun.xml.bind.v2.model.impl.ERPropertyInfoImpl                               : loaded 2 times (x 108B)
Class com.google.common.collect.Streams                                               : loaded 2 times (x 71B)
Class com.google.common.collect.LinkedHashMultimap$ValueEntry                         : loaded 2 times (x 89B)
Class com.sun.xml.bind.v2.model.impl.ElementPropertyInfoImpl$1                        : loaded 2 times (x 200B)
Class com.sun.xml.bind.v2.runtime.property.ArrayElementLeafProperty                   : loaded 2 times (x 105B)
Class android.databinding.internal.org.antlr.v4.runtime.CommonTokenFactory            : loaded 2 times (x 79B)
Class org.apache.commons.io.filefilter.ConditionalFileFilter                          : loaded 2 times (x 70B)
Class com.google.gson.internal.$Gson$Preconditions                                    : loaded 2 times (x 71B)
Class com.google.gson.annotations.SerializedName                                      : loaded 2 times (x 70B)
Class com.google.gson.internal.bind.TypeAdapters$7                                    : loaded 2 times (x 75B)
Class kotlin.collections.AbstractList$IteratorImpl                                    : loaded 2 times (x 82B)
Class build_cz9k4fg6uxik220okpwhnujx1$_run_closure1                                   : loaded 2 times (x 139B)
Class org.jetbrains.kotlin.build.report.metrics.BuildTime                             : loaded 2 times (x 70B)
Class kotlin.reflect.jvm.internal.impl.descriptors.runtime.structure.ReflectClassUtilKt: loaded 2 times (x 71B)
Class com.sun.xml.bind.marshaller.NamespacePrefixMapper                               : loaded 2 times (x 75B)
Class android.databinding.internal.org.antlr.v4.runtime.ConsoleErrorListener          : loaded 2 times (x 81B)
Class android.databinding.tool.ext.Collection_extKt                                   : loaded 2 times (x 71B)
Class android.databinding.tool.ext.Replacement                                        : loaded 2 times (x 72B)
Class com.sun.xml.bind.v2.runtime.reflect.TransducedAccessor$CompositeContextDependentTransducedAccessorImpl: loaded 2 times (x 79B)
Class com.sun.xml.bind.v2.runtime.reflect.Accessor                                    : loaded 2 times (x 85B)
Class com.sun.xml.bind.v2.model.impl.RuntimeAttributePropertyInfoImpl                 : loaded 2 times (x 144B)
Class com.sun.xml.bind.api.AccessorException                                          : loaded 2 times (x 82B)
Class android.databinding.internal.org.antlr.v4.runtime.atn.ActionTransition          : loaded 2 times (x 76B)
Class org.apache.commons.io.filefilter.FileEqualsFileFilter                           : loaded 2 times (x 121B)
Class com.google.gson.internal.bind.CollectionTypeAdapterFactory$Adapter              : loaded 2 times (x 74B)
Class com.google.gson.internal.bind.TypeAdapters$8                                    : loaded 2 times (x 75B)
Class android.databinding.internal.org.antlr.v4.runtime.atn.ATNConfig                 : loaded 2 times (x 74B)
Class kotlin.jvm.internal.markers.KMutableMap                                         : loaded 2 times (x 70B)
Class com.google.common.reflect.Types$TypeVariableInvocationHandler                   : loaded 2 times (x 75B)
Class [Lcom.google.common.collect.HashBiMap$BiEntry;                                  : loaded 2 times (x 69B)
Class com.google.common.collect.MapMakerInternalMap$InternalEntry                     : loaded 2 times (x 70B)
Class org.jetbrains.org.objectweb.asm.Type                                            : loaded 2 times (x 72B)
Class org.jetbrains.kotlin.build.report.metrics.DoNothingBuildMetricsReporter         : loaded 2 times (x 87B)
Class android.databinding.internal.org.antlr.v4.runtime.CommonToken                   : loaded 2 times (x 110B)
Class com.android.tools.build.jetifier.core.PackageMap$Companion                      : loaded 2 times (x 71B)
Class com.android.tools.build.jetifier.core.pom.DependencyVersionsMap$Companion       : loaded 2 times (x 71B)
Class com.google.common.base.Splitter$5                                               : loaded 2 times (x 80B)
Class org.jetbrains.kotlin.build.report.metrics.GradleBuildTime                       : loaded 2 times (x 88B)
Class [Lorg.jetbrains.kotlin.com.intellij.openapi.diagnostic.LogLevel;                : loaded 2 times (x 69B)
Class android.databinding.internal.org.antlr.v4.runtime.DefaultErrorStrategy          : loaded 2 times (x 105B)
Class com.sun.xml.bind.v2.runtime.reflect.Lister$1                                    : loaded 2 times (x 76B)
Class android.databinding.tool.store.Location                                         : loaded 2 times (x 78B)
Class com.sun.xml.bind.v2.model.nav.ReflectionNavigator$1                             : loaded 2 times (x 81B)
Class com.sun.xml.bind.v2.util.TypeCast                                               : loaded 2 times (x 71B)
Class com.google.gson.internal.bind.TypeAdapters$9                                    : loaded 2 times (x 75B)
Class android.databinding.tool.LibTypes$viewBinding$2                                 : loaded 2 times (x 79B)
Class com.google.common.reflect.TypeResolver$TypeVariableKey                          : loaded 2 times (x 72B)
Class kotlin.collections.builders.ListBuilder                                         : loaded 2 times (x 207B)
Class kotlin.collections.builders.ListBuilder$Companion                               : loaded 2 times (x 71B)
Class com.sun.xml.bind.v2.runtime.reflect.Lister$2                                    : loaded 2 times (x 77B)
Class com.sun.xml.bind.v2.runtime.reflect.DefaultTransducedAccessor                   : loaded 2 times (x 79B)
Class com.sun.xml.bind.v2.model.annotation.XmlTransientQuick                          : loaded 2 times (x 90B)
Class javax.xml.bind.annotation.XmlAccessorType                                       : loaded 2 times (x 70B)
Class com.sun.xml.bind.v2.model.nav.ReflectionNavigator$2                             : loaded 2 times (x 81B)
Class com.sun.xml.bind.v2.model.impl.EnumLeafInfoImpl                                 : loaded 2 times (x 128B)
Class com.google.common.collect.Maps$1                                                : loaded 2 times (x 82B)
Class kotlin.collections.builders.AbstractMapBuilderEntrySet                          : loaded 2 times (x 144B)
Class com.google.gson.JsonParseException                                              : loaded 2 times (x 82B)
Class kotlin.jvm.internal.markers.KMutableListIterator                                : loaded 2 times (x 70B)
Class build_cz9k4fg6uxik220okpwhnujx1                                                 : loaded 2 times (x 172B)
Class com.google.gson.GsonBuilder                                                     : loaded 2 times (x 72B)
Class com.google.gson.internal.bind.DefaultDateTypeAdapter                            : loaded 2 times (x 74B)
Class org.jetbrains.kotlin.com.intellij.openapi.diagnostic.Logger$Factory             : loaded 2 times (x 70B)
Class kotlin.reflect.jvm.internal.KDeclarationContainerImpl$Companion                 : loaded 2 times (x 71B)
Class com.sun.xml.bind.v2.model.annotation.LocatableAnnotation                        : loaded 2 times (x 85B)
Class com.android.tools.build.jetifier.core.type.JavaType                             : loaded 2 times (x 72B)
Class android.databinding.internal.org.antlr.v4.runtime.NoViableAltException          : loaded 2 times (x 91B)
Class android.databinding.internal.org.antlr.v4.runtime.atn.SetTransition             : loaded 2 times (x 76B)
Class android.databinding.parser.BindingExpressionParser$BinaryOpContext              : loaded 2 times (x 134B)
Class com.sun.xml.bind.v2.model.nav.ReflectionNavigator$3                             : loaded 2 times (x 77B)
Class com.sun.xml.bind.v2.model.annotation.XmlValueQuick                              : loaded 2 times (x 90B)
Class com.sun.istack.Pool                                                             : loaded 2 times (x 70B)
Class android.databinding.tool.LibTypes$appCompatResources$2                          : loaded 2 times (x 79B)
Class kotlin.text.StringsKt__StringsKt$lineSequence$$inlined$Sequence$1               : loaded 2 times (x 75B)
Class org.gradle.kotlin.dsl.TestImplementationConfigurationAccessorsKt                : loaded 2 times (x 71B)
Class com.google.common.collect.ImmutableSortedMap                                    : loaded 2 times (x 217B)
Class com.google.common.reflect.Types$ClassOwnership$1LocalClass                      : loaded 2 times (x 71B)
Class org.gradle.internal.classloader.ClasspathUtil                                   : loaded 2 times (x 71B)
Class android.databinding.tool.store.ResourceBundle$NameTypeLocation                  : loaded 2 times (x 72B)
Class com.sun.xml.bind.v2.runtime.property.AttributeProperty                          : loaded 2 times (x 105B)
Class com.google.common.collect.Maps$3                                                : loaded 2 times (x 82B)
Class android.databinding.internal.org.antlr.v4.runtime.atn.BlockStartState           : loaded 2 times (x 83B)
Class android.databinding.parser.BindingExpressionParser$LambdaParametersContext      : loaded 2 times (x 132B)
Class com.sun.istack.SAXException2                                                    : loaded 2 times (x 83B)
Class com.sun.xml.bind.v2.runtime.output.IndentingUTF8XmlOutput                       : loaded 2 times (x 101B)
Class com.sun.xml.bind.v2.runtime.property.UnmarshallerChain                          : loaded 2 times (x 72B)
Class com.sun.xml.bind.v2.runtime.unmarshaller.TextLoader                             : loaded 2 times (x 78B)
Class android.databinding.internal.org.antlr.v4.runtime.tree.SyntaxTree               : loaded 2 times (x 70B)
Class com.sun.xml.bind.v2.TODO                                                        : loaded 2 times (x 71B)
Class com.sun.xml.bind.v2.model.runtime.RuntimeElementPropertyInfo                    : loaded 2 times (x 70B)
Class com.sun.xml.bind.v2.model.impl.RuntimeBuiltinLeafInfoImpl$20                    : loaded 2 times (x 136B)
Class [Lcom.google.common.base.StandardSystemProperty;                                : loaded 2 times (x 69B)
Class androidx.databinding.InverseMethod                                              : loaded 2 times (x 70B)
Class kotlin.sequences.EmptySequence                                                  : loaded 2 times (x 78B)
Class kotlin.collections.builders.SetBuilder                                          : loaded 2 times (x 143B)
Class com.google.common.util.concurrent.Uninterruptibles                              : loaded 2 times (x 71B)
Class org.jetbrains.org.objectweb.asm.ModuleVisitor                                   : loaded 2 times (x 81B)
Class kotlin.reflect.full.IllegalCallableAccessException                              : loaded 2 times (x 82B)
Class com.sun.xml.bind.v2.runtime.reflect.NullSafeAccessor                            : loaded 2 times (x 85B)
Class com.sun.xml.bind.v2.runtime.reflect.PrimitiveArrayListerShort                   : loaded 2 times (x 76B)
Class com.google.common.collect.HashBasedTable$Factory                                : loaded 2 times (x 79B)
Class android.databinding.internal.org.antlr.v4.runtime.TokenStream                   : loaded 2 times (x 70B)
Class android.databinding.internal.org.antlr.v4.runtime.dfa.DFAState                  : loaded 2 times (x 73B)
Class [[Landroid.databinding.internal.org.antlr.v4.runtime.atn.ATNConfig;             : loaded 2 times (x 69B)
Class com.android.tools.build.jetifier.core.config.Config                             : loaded 2 times (x 72B)
Class com.sun.xml.bind.v2.model.nav.ReflectionNavigator$5                             : loaded 2 times (x 77B)
Class com.sun.xml.bind.v2.model.impl.RuntimeBuiltinLeafInfoImpl$21                    : loaded 2 times (x 136B)
Class com.sun.xml.bind.v2.model.runtime.RuntimeTypeInfo                               : loaded 2 times (x 70B)
Class kotlin.sequences.DistinctSequence                                               : loaded 2 times (x 75B)
Class com.google.common.io.CharSource                                                 : loaded 2 times (x 85B)
Class com.google.common.util.concurrent.LazyLogger                                    : loaded 2 times (x 72B)
Class org.gradle.api.specs.Spec                                                       : loaded 2 times (x 70B)
Class com.android.tools.build.jetifier.core.utils.LogConsumer                         : loaded 2 times (x 70B)
Class com.google.common.collect.ImmutableMapEntry$NonTerminalImmutableBiMapEntry      : loaded 2 times (x 85B)
Class kotlin.jvm.internal.PropertyReference2                                          : loaded 2 times (x 127B)
Class kotlin.reflect.jvm.internal.impl.name.FqNamesUtilKt                             : loaded 2 times (x 71B)
Class com.google.common.collect.MultimapBuilder$ListMultimapBuilder                   : loaded 2 times (x 75B)
Class com.google.common.reflect.Types$ParameterizedTypeImpl                           : loaded 2 times (x 81B)
Class com.android.tools.build.jetifier.core.rule.RewriteRulesMap$Companion            : loaded 2 times (x 71B)
Class android.databinding.internal.org.antlr.v4.runtime.InputMismatchException        : loaded 2 times (x 89B)
Class android.databinding.internal.org.antlr.v4.runtime.atn.LexerAction               : loaded 2 times (x 70B)
Class com.sun.xml.bind.v2.model.impl.RuntimeBuiltinLeafInfoImpl$22                    : loaded 2 times (x 136B)
Class com.sun.xml.bind.v2.model.nav.ReflectionNavigator$6                             : loaded 2 times (x 81B)
Class com.google.common.collect.ImmutableRangeSet$AsSet                               : loaded 2 times (x 300B)
Class com.google.gson.internal.sql.SqlDateTypeAdapter                                 : loaded 2 times (x 74B)
Class [Lkotlin.coroutines.intrinsics.CoroutineSingletons;                             : loaded 2 times (x 69B)
Class com.google.common.reflect.Types$JavaVersion                                     : loaded 2 times (x 83B)
Class com.google.common.collect.MapMaker                                              : loaded 2 times (x 72B)
Class [Lkotlin.annotation.AnnotationTarget;                                           : loaded 2 times (x 69B)
Class org.jetbrains.org.objectweb.asm.Symbol                                          : loaded 2 times (x 73B)
Class [Lkotlin.reflect.jvm.internal.impl.builtins.jvm.JavaToKotlinClassMap$PlatformMutabilityMapping;: loaded 2 times (x 69B)
Class android.databinding.tool.util.L                                                 : loaded 2 times (x 71B)
Class kotlin.reflect.full.IllegalPropertyDelegateAccessException                      : loaded 2 times (x 82B)
Class org.apache.commons.io.filefilter.AbstractFileFilter                             : loaded 2 times (x 121B)
Class com.sun.xml.bind.v2.model.core.ArrayInfo                                        : loaded 2 times (x 70B)
Class com.sun.xml.bind.v2.runtime.unmarshaller.ProxyLoader                            : loaded 2 times (x 78B)
Class com.android.tools.build.jetifier.core.pom.PomRewriteRule$JsonData               : loaded 2 times (x 72B)
Class android.databinding.internal.org.antlr.v4.runtime.atn.ProfilingATNSimulator     : loaded 2 times (x 119B)
Class android.databinding.internal.org.antlr.v4.runtime.atn.StarLoopEntryState        : loaded 2 times (x 83B)
Class android.databinding.internal.org.antlr.v4.runtime.atn.TokensStartState          : loaded 2 times (x 82B)
Class android.databinding.parser.BindingExpressionParser$BindingSyntaxContext         : loaded 2 times (x 132B)
Class com.sun.xml.bind.v2.model.nav.ParameterizedTypeImpl                             : loaded 2 times (x 85B)
Class com.sun.xml.bind.v2.runtime.reflect.Accessor$GetterSetterReflection             : loaded 2 times (x 85B)
Class com.sun.xml.bind.v2.model.impl.RuntimeBuiltinLeafInfoImpl$23                    : loaded 2 times (x 136B)
Class javax.activation.DataHandler                                                    : loaded 2 times (x 92B)
Class com.sun.xml.bind.v2.model.runtime.RuntimeTypeInfoSet                            : loaded 2 times (x 70B)
Class com.sun.xml.bind.v2.model.impl.TypeInfoSetImpl                                  : loaded 2 times (x 111B)
Class com.sun.xml.bind.v2.runtime.output.C14nXmlOutput                                : loaded 2 times (x 101B)
Class com.sun.xml.bind.v2.util.XmlFactory                                             : loaded 2 times (x 71B)
Class android.databinding.parser.BindingExpressionParser$ComparisonOpContext          : loaded 2 times (x 134B)
Class android.databinding.internal.org.antlr.v4.runtime.Lexer                         : loaded 2 times (x 141B)
Class android.databinding.internal.org.antlr.v4.runtime.atn.Transition                : loaded 2 times (x 76B)
Class android.databinding.internal.org.antlr.v4.runtime.misc.AbstractEqualityComparator: loaded 2 times (x 77B)
Class dagger.hilt.processor.internal.root.ir.InvalidRootsException                    : loaded 2 times (x 82B)
Class com.android.tools.build.jetifier.core.config.ConfigParser                       : loaded 2 times (x 71B)
Class com.google.common.collect.LinkedHashMultimap$ValueSet                           : loaded 2 times (x 142B)
Class com.sun.xml.bind.v2.runtime.reflect.Lister                                      : loaded 2 times (x 76B)
Class com.sun.xml.bind.v2.model.core.NonElementRef                                    : loaded 2 times (x 70B)
Class com.sun.xml.bind.v2.model.annotation.XmlAttributeQuick                          : loaded 2 times (x 93B)
Class com.sun.xml.bind.v2.model.impl.RuntimeBuiltinLeafInfoImpl$24                    : loaded 2 times (x 137B)
Class com.sun.xml.bind.Util                                                           : loaded 2 times (x 71B)
Class org.apache.commons.io.filefilter.AndFileFilter                                  : loaded 2 times (x 132B)
Class android.databinding.tool.store.ResourceBundle                                   : loaded 2 times (x 84B)
Class com.google.gson.internal.bind.ReflectiveTypeAdapterFactory$RecordAdapter        : loaded 2 times (x 77B)
Class androidx.databinding.BindingMethods                                             : loaded 2 times (x 70B)
Class jdk.internal.jimage.decompressor.ResourceDecompressorRepository                 : loaded 2 times (x 71B)
Class kotlin.jvm.internal.SpreadBuilder                                               : loaded 2 times (x 76B)
Class [Lorg.jetbrains.org.objectweb.asm.SymbolTable$Entry;                            : loaded 2 times (x 69B)
Class com.google.common.io.LineReader$1                                               : loaded 2 times (x 75B)
Class com.google.common.reflect.Invokable$MethodInvokable                             : loaded 2 times (x 107B)
Class com.google.common.collect.MapMakerInternalMap$StrongKeyDummyValueEntry          : loaded 2 times (x 82B)
Class org.gradle.internal.classloader.InstrumentingClassLoader                        : loaded 2 times (x 70B)
Class org.gradle.internal.classpath.TransformedClassPath                              : loaded 2 times (x 96B)
Class org.objectweb.asm.FieldWriter                                                   : loaded 2 times (x 78B)
Class com.google.common.collect.MapMaker$Dummy                                        : loaded 2 times (x 79B)
Class com.google.common.reflect.Invokable                                             : loaded 2 times (x 103B)
Class android.databinding.tool.util.L$Client                                          : loaded 2 times (x 70B)
Class com.google.gson.LongSerializationPolicy                                         : loaded 2 times (x 80B)
Class android.databinding.parser.BindingExpressionParser$CastOpContext                : loaded 2 times (x 134B)
Class com.sun.xml.bind.v2.runtime.reflect.Accessor$FieldReflection                    : loaded 2 times (x 85B)
Class com.sun.xml.bind.v2.model.runtime.RuntimeNonElementRef                          : loaded 2 times (x 70B)
Class com.sun.xml.bind.v2.runtime.unmarshaller.Base64Data                             : loaded 2 times (x 89B)
Class com.google.gson.internal.reflect.ReflectionHelper$RecordNotSupportedHelper      : loaded 2 times (x 78B)
Class com.google.gson.internal.$Gson$Types                                            : loaded 2 times (x 71B)
Class com.google.gson.JsonIOException                                                 : loaded 2 times (x 82B)
Class androidx.databinding.InverseBindingAdapter                                      : loaded 2 times (x 70B)
Class kotlin.io.FilePathComponents                                                    : loaded 2 times (x 72B)
Class kotlin.coroutines.jvm.internal.RestrictedSuspendLambda                          : loaded 2 times (x 91B)
Class com.google.devtools.ksp.processing.KspGradleLogger$Companion                    : loaded 2 times (x 71B)
Class com.sun.xml.bind.v2.model.annotation.RuntimeAnnotationReader                    : loaded 2 times (x 70B)
Class [Lorg.objectweb.asm.AnnotationWriter;                                           : loaded 2 times (x 69B)
Class android.databinding.tool.writer.AnnotationJavaFileWriter                        : loaded 2 times (x 75B)
Class com.sun.xml.bind.v2.runtime.IllegalAnnotationsException$Builder                 : loaded 2 times (x 77B)
Class com.sun.xml.bind.v2.runtime.reflect.PrimitiveArrayListerInteger                 : loaded 2 times (x 76B)
Class android.databinding.parser.BindingExpressionParser$BracketOpContext             : loaded 2 times (x 134B)
Class android.databinding.parser.BindingExpressionParser$LambdaExpressionContext      : loaded 2 times (x 133B)
Class android.databinding.internal.org.antlr.v4.runtime.atn.SemanticContext$PrecedencePredicate: loaded 2 times (x 78B)
Class com.google.common.collect.Maps$9                                                : loaded 2 times (x 76B)
Class jdk.internal.jimage.ImageReader$LinkNode                                        : loaded 2 times (x 84B)
Class com.google.common.collect.Interner                                              : loaded 2 times (x 70B)
Class [Lcom.sun.xml.bind.v2.runtime.property.StructureLoaderBuilder;                  : loaded 2 times (x 69B)
Class com.sun.xml.bind.v2.model.impl.RuntimeBuiltinLeafInfoImpl$26                    : loaded 2 times (x 136B)
Class com.sun.xml.bind.v2.model.impl.RuntimeBuiltinLeafInfoImpl$10$1                  : loaded 2 times (x 356B)
Class com.sun.xml.bind.v2.runtime.BinderImpl                                          : loaded 2 times (x 86B)
Class com.sun.xml.bind.v2.model.core.TypeInfo                                         : loaded 2 times (x 70B)
Class org.apache.commons.io.filefilter.SuffixFileFilter                               : loaded 2 times (x 121B)
Class kotlin.collections.MutableMapWithDefaultImpl                                    : loaded 2 times (x 144B)
Class kotlin.sequences.SequencesKt__SequenceBuilderKt$sequence$$inlined$Sequence$1    : loaded 2 times (x 75B)
Class org.gradle.kotlin.dsl.Accessors55me7wpst1rz9iws7sgcife9rKt                      : loaded 2 times (x 71B)
Class com.google.common.collect.ImmutableRangeSet$Builder                             : loaded 2 times (x 77B)
Class [Lcom.google.common.collect.Iterators$EmptyModifiableIterator;                  : loaded 2 times (x 69B)
Class com.google.common.collect.Lists$ReverseList$1                                   : loaded 2 times (x 99B)
Class com.google.common.cache.LocalCache$StrongValueReference                         : loaded 2 times (x 90B)
Class com.google.common.collect.Interners$InternerImpl                                : loaded 2 times (x 75B)
Class com.google.common.io.ByteStreams                                                : loaded 2 times (x 71B)
Class com.google.common.collect.RegularImmutableBiMap$Inverse                         : loaded 2 times (x 143B)
Class android.databinding.tool.LibTypes$observableFields$2                            : loaded 2 times (x 79B)
Class org.apache.commons.io.IOCase                                                    : loaded 2 times (x 80B)
Class android.databinding.parser.BindingExpressionParser$LambdaParameterListContext   : loaded 2 times (x 133B)
Class android.databinding.parser.BindingExpressionParser$TernaryOpContext             : loaded 2 times (x 134B)
Class com.sun.xml.bind.v2.runtime.unmarshaller.SAXConnector                           : loaded 2 times (x 101B)
Class [Lcom.sun.xml.bind.v2.model.annotation.Locatable;                               : loaded 2 times (x 69B)
Class com.sun.xml.bind.v2.model.impl.RuntimeBuiltinLeafInfoImpl$27                    : loaded 2 times (x 136B)
Class com.sun.xml.bind.v2.model.impl.ModelBuilder                                     : loaded 2 times (x 92B)
Class [Lcom.google.gson.stream.JsonToken;                                             : loaded 2 times (x 69B)
Class com.google.gson.LongSerializationPolicy$1                                       : loaded 2 times (x 80B)
Class kotlin.jvm.internal.Ref$ObjectRef                                               : loaded 2 times (x 72B)
Class Build_gradle$4                                                                  : loaded 2 times (x 75B)
Class org.objectweb.asm.Type                                                          : loaded 2 times (x 72B)
Class org.gradle.internal.classloader.VisitableURLClassLoader$InstrumentingVisitableURLClassLoader: loaded 2 times (x 123B)
Class javax.xml.bind.annotation.XmlAnyElement                                         : loaded 2 times (x 70B)
Class android.databinding.internal.org.antlr.v4.runtime.atn.ATNType                   : loaded 2 times (x 79B)
Class android.databinding.internal.org.antlr.v4.runtime.atn.PredictionMode$AltAndContextMap: loaded 2 times (x 125B)
Class [Lkotlin.reflect.jvm.internal.impl.resolve.jvm.JvmPrimitiveType;                : loaded 2 times (x 69B)
Class com.google.common.base.CaseFormat$5                                             : loaded 2 times (x 83B)
Class com.google.common.collect.LinkedListMultimap$1                                  : loaded 2 times (x 199B)
Class com.google.common.collect.AbstractMultiset                                      : loaded 2 times (x 159B)
Class jdk.internal.jrtfs.JrtFileStore                                                 : loaded 2 times (x 83B)
Class com.google.common.util.concurrent.SettableFuture                                : loaded 2 times (x 114B)
Class [Landroid.databinding.internal.org.antlr.v4.runtime.atn.ATNState;               : loaded 2 times (x 69B)
Class android.databinding.internal.org.antlr.v4.runtime.tree.ParseTreeListener        : loaded 2 times (x 70B)
Class android.databinding.tool.processing.Scope$ScopeEntry                            : loaded 2 times (x 72B)
Class android.databinding.tool.util.ParserHelper                                      : loaded 2 times (x 71B)
Class com.sun.xml.bind.v2.runtime.unmarshaller.UnmarshallerImpl                       : loaded 2 times (x 139B)
Class com.sun.xml.bind.v2.runtime.output.NamespaceContextImpl$1                       : loaded 2 times (x 75B)
Class com.sun.xml.bind.marshaller.DataWriter                                          : loaded 2 times (x 171B)
Class com.sun.xml.bind.v2.runtime.property.StructureLoaderBuilder                     : loaded 2 times (x 70B)
Class com.sun.xml.bind.v2.model.impl.RuntimeElementPropertyInfoImpl                   : loaded 2 times (x 139B)
Class com.sun.xml.bind.v2.model.impl.RuntimeBuiltinLeafInfoImpl$28                    : loaded 2 times (x 76B)
Class [Lcom.sun.xml.bind.v2.util.QNameMap$Entry;                                      : loaded 2 times (x 69B)
Class com.sun.xml.bind.unmarshaller.InfosetScanner                                    : loaded 2 times (x 70B)
Class com.google.common.reflect.Types$ClassOwnership$3                                : loaded 2 times (x 71B)
Class kotlin.coroutines.jvm.internal.ContinuationImpl                                 : loaded 2 times (x 87B)
Class com.google.gson.LongSerializationPolicy$2                                       : loaded 2 times (x 80B)
Class android.databinding.tool.LibTypes$viewStubProxy$2                               : loaded 2 times (x 79B)
Class [Landroid.databinding.tool.CompilerArguments$Type;                              : loaded 2 times (x 69B)
Class kotlin.coroutines.Continuation                                                  : loaded 2 times (x 70B)
Class kotlin.coroutines.jvm.internal.SuspendLambda                                    : loaded 2 times (x 91B)
Class kotlin.collections.MapWithDefault                                               : loaded 2 times (x 70B)
Class Build_gradle$5                                                                  : loaded 2 times (x 74B)
Class com.google.common.collect.MapMakerInternalMap$StrongKeyDummyValueEntry$Helper   : loaded 2 times (x 79B)
Class com.google.common.io.Files$FileByteSink                                         : loaded 2 times (x 77B)
Class org.objectweb.asm.ByteVector                                                    : loaded 2 times (x 79B)
Class org.gradle.internal.classloader.VisitableURLClassLoader$Spec                    : loaded 2 times (x 74B)
Class org.gradle.internal.classpath.DefaultClassPath                                  : loaded 2 times (x 90B)
Class kotlin.annotation.AnnotationRetention                                           : loaded 2 times (x 79B)
Class kotlin.collections.builders.MapBuilderEntries                                   : loaded 2 times (x 145B)
Class android.databinding.tool.store.GenClassInfoLog$Companion                        : loaded 2 times (x 71B)
Class [Lorg.jetbrains.kotlin.build.report.metrics.GradleBuildTime;                    : loaded 2 times (x 69B)
Class com.sun.xml.bind.v2.model.impl.RuntimeArrayInfoImpl                             : loaded 2 times (x 107B)
Class javax.xml.bind.annotation.XmlID                                                 : loaded 2 times (x 70B)
Class android.databinding.internal.org.antlr.v4.runtime.atn.ATNConfigSet$ConfigEqualityComparator: loaded 2 times (x 77B)
Class com.sun.xml.bind.api.impl.NameConverter                                         : loaded 2 times (x 70B)
Class com.sun.xml.bind.v2.model.core.NonElement                                       : loaded 2 times (x 70B)
Class com.sun.xml.bind.v2.ContextFactory                                              : loaded 2 times (x 71B)
Class android.databinding.tool.LibTypes$dataBindingKtx$2                              : loaded 2 times (x 78B)
Class com.sun.xml.bind.v2.util.CollisionCheckStack                                    : loaded 2 times (x 199B)
Class jdk.internal.jimage.decompressor.ZipDecompressorFactory                         : loaded 2 times (x 74B)
Class kotlin.Result$Companion                                                         : loaded 2 times (x 71B)
Class kotlin.coroutines.jvm.internal.BaseContinuationImpl                             : loaded 2 times (x 87B)
Class com.google.devtools.ksp.processing.KspGradleLogger                              : loaded 2 times (x 79B)
Class Build_gradle$2$2$2                                                              : loaded 2 times (x 74B)
Class com.google.common.collect.ImmutableSortedMap$1EntrySet$1                        : loaded 2 times (x 213B)
Class com.google.common.reflect.Types$ClassOwnership                                  : loaded 2 times (x 80B)
Class org.objectweb.asm.Symbol                                                        : loaded 2 times (x 73B)
Class com.sun.xml.bind.v2.runtime.unmarshaller.DefaultIDResolver                      : loaded 2 times (x 76B)
Class android.databinding.internal.org.antlr.v4.runtime.FailedPredicateException      : loaded 2 times (x 93B)
Class com.android.tools.build.jetifier.core.proguard.ProGuardTypesMap$JsonData        : loaded 2 times (x 72B)
Class com.android.tools.build.jetifier.core.proguard.ProGuardTypesMap$Companion       : loaded 2 times (x 71B)
Class com.google.common.base.CaseFormat$4                                             : loaded 2 times (x 83B)
Class org.objectweb.asm.ModuleVisitor                                                 : loaded 2 times (x 81B)
Class [Landroid.databinding.internal.org.antlr.v4.runtime.atn.PredictionContext;      : loaded 2 times (x 69B)
Class com.sun.xml.bind.v2.runtime.unmarshaller.UnmarshallingContext$DefaultRootLoader : loaded 2 times (x 80B)
Class com.sun.xml.bind.v2.runtime.reflect.PrimitiveArrayListerLong                    : loaded 2 times (x 76B)
Class com.sun.xml.bind.v2.model.core.ClassInfo                                        : loaded 2 times (x 70B)
Class com.google.gson.reflect.TypeToken                                               : loaded 2 times (x 75B)
Class [Lcom.google.gson.Strictness;                                                   : loaded 2 times (x 69B)
Class com.google.common.io.Java8Compatibility                                         : loaded 2 times (x 71B)
Class com.google.common.io.Closer                                                     : loaded 2 times (x 78B)
Class org.gradle.internal.classloader.ClassLoaderSpec                                 : loaded 2 times (x 71B)
Class com.google.common.collect.MapMakerInternalMap$StrongValueEntry                  : loaded 2 times (x 70B)
Class com.google.common.io.ByteArrayDataInput                                         : loaded 2 times (x 70B)
Class kotlin.reflect.jvm.internal.ReflectProperties$Val$1                             : loaded 2 times (x 71B)
Class com.google.common.reflect.TypeResolver                                          : loaded 2 times (x 72B)
Class com.android.tools.build.jetifier.core.proguard.ProGuardType                     : loaded 2 times (x 72B)
Class android.databinding.internal.org.antlr.v4.runtime.atn.LexerATNConfig            : loaded 2 times (x 75B)
Class android.databinding.internal.org.antlr.v4.runtime.misc.IntegerStack             : loaded 2 times (x 72B)
Class com.sun.xml.bind.AccessorFactoryImpl                                            : loaded 2 times (x 81B)
Class com.sun.xml.bind.v2.model.core.MapPropertyInfo                                  : loaded 2 times (x 70B)
Class com.google.gson.internal.sql.SqlTimestampTypeAdapter$1                          : loaded 2 times (x 75B)
Class com.google.gson.JsonPrimitive                                                   : loaded 2 times (x 93B)
Class com.google.common.reflect.Types$ClassOwnership$2                                : loaded 2 times (x 80B)
Class kotlin.collections.ReversedListReadOnly                                         : loaded 2 times (x 198B)
Class com.google.common.io.ByteSource$EmptyByteSource                                 : loaded 2 times (x 85B)
Class org.objectweb.asm.AnnotationWriter                                              : loaded 2 times (x 79B)
Class android.databinding.annotationprocessor.ProcessDataBinding                      : loaded 2 times (x 87B)
Class [Lorg.apache.commons.io.IOCase;                                                 : loaded 2 times (x 69B)
Class com.sun.xml.bind.v2.runtime.JAXBContextImpl$JAXBContextBuilder                  : loaded 2 times (x 86B)
Class com.sun.xml.bind.v2.model.annotation.XmlSchemaQuick                             : loaded 2 times (x 95B)
Class com.sun.xml.bind.annotation.XmlLocation                                         : loaded 2 times (x 70B)
Class android.databinding.internal.org.antlr.v4.runtime.atn.ATNConfigSet              : loaded 2 times (x 148B)
Class com.android.tools.build.jetifier.core.proguard.ProGuardTypesMap$expandedRules$2 : loaded 2 times (x 79B)
Class [Landroid.databinding.internal.org.antlr.v4.runtime.dfa.DFAState$PredPrediction;: loaded 2 times (x 69B)
Class android.databinding.internal.org.antlr.v4.runtime.atn.PredicateTransition       : loaded 2 times (x 76B)
Class com.sun.xml.bind.DatatypeConverterImpl                                          : loaded 2 times (x 111B)
Class com.sun.xml.bind.v2.ClassFactory                                                : loaded 2 times (x 71B)
Class [Lcom.google.gson.ReflectionAccessFilter$FilterResult;                          : loaded 2 times (x 69B)
Class com.google.gson.JsonElement                                                     : loaded 2 times (x 92B)
Class kotlin.jdk7.AutoCloseableKt                                                     : loaded 2 times (x 71B)
Class kotlin.time.DurationKt                                                          : loaded 2 times (x 71B)
Class kotlin.jvm.internal.markers.KMutableIterable                                    : loaded 2 times (x 70B)
Class com.google.common.collect.Interners                                             : loaded 2 times (x 71B)
Class com.google.common.io.LineProcessor                                              : loaded 2 times (x 70B)
Class com.google.common.io.Closer$Suppressor                                          : loaded 2 times (x 70B)
Class com.google.common.collect.AbstractMapBasedMultimap$2                            : loaded 2 times (x 85B)
Class org.objectweb.asm.RecordComponentWriter                                         : loaded 2 times (x 78B)
Class com.google.common.util.concurrent.AbstractFuture$Listener                       : loaded 2 times (x 72B)
Class Settings_gradle$1$1                                                             : loaded 2 times (x 74B)
Class org.gradle.api.internal.classpath.Module$ModuleAlias                            : loaded 2 times (x 70B)
Class android.databinding.parser.BindingExpressionParser$ResourceContext              : loaded 2 times (x 133B)
Class com.google.common.base.CaseFormat$3                                             : loaded 2 times (x 83B)
Class com.google.common.collect.MultimapBuilder$SortedSetMultimapBuilder              : loaded 2 times (x 77B)
Class [Lcom.google.common.collect.LinkedHashMultimap$ValueEntry;                      : loaded 2 times (x 69B)
Class com.android.tools.build.jetifier.core.pom.PomRewriteRule$Companion              : loaded 2 times (x 71B)
Class android.databinding.internal.org.antlr.v4.runtime.atn.SemanticContext           : loaded 2 times (x 73B)
Class com.sun.xml.bind.v2.runtime.reflect.ListIterator                                : loaded 2 times (x 70B)
Class javax.xml.bind.annotation.XmlElementRefs                                        : loaded 2 times (x 70B)
Class com.sun.xml.bind.v2.model.runtime.RuntimeElement                                : loaded 2 times (x 70B)
Class kotlin.reflect.jvm.internal.impl.name.ClassId                                   : loaded 2 times (x 72B)
Class com.google.gson.internal.bind.CollectionTypeAdapterFactory                      : loaded 2 times (x 75B)
Class [Lorg.objectweb.asm.Label;                                                      : loaded 2 times (x 69B)
Class org.objectweb.asm.Attribute                                                     : loaded 2 times (x 77B)
Class org.gradle.internal.classloader.VisitableURLClassLoader                         : loaded 2 times (x 117B)
Class [Lorg.jetbrains.org.objectweb.asm.Attribute;                                    : loaded 2 times (x 69B)
Class kotlin.reflect.jvm.internal.KClassImpl                                          : loaded 2 times (x 115B)
Class android.databinding.annotationprocessor.ProcessDataBinding$Callback             : loaded 2 times (x 70B)
Class com.google.common.base.Verify                                                   : loaded 2 times (x 71B)
Class android.databinding.parser.BindingExpressionParser$PrimitiveTypeContext         : loaded 2 times (x 131B)
Class [Landroid.databinding.internal.org.antlr.v4.runtime.atn.LexerActionType;        : loaded 2 times (x 69B)
Class android.databinding.parser.BindingExpressionParser$ResourcesContext             : loaded 2 times (x 133B)
Class com.sun.xml.bind.v2.runtime.unmarshaller.Scope                                  : loaded 2 times (x 72B)
Class javax.xml.bind.helpers.DefaultValidationEventHandler                            : loaded 2 times (x 75B)
Class android.databinding.tool.store.ResourceBundle$VariableDeclaration               : loaded 2 times (x 72B)
Class javax.xml.bind.annotation.XmlElement$DEFAULT                                    : loaded 2 times (x 71B)
Class com.sun.xml.bind.v2.runtime.InternalBridge                                      : loaded 2 times (x 87B)
Class org.apache.commons.io.file.PathVisitor                                          : loaded 2 times (x 70B)
Class android.databinding.tool.store.ResourceBundle$ValidateAndFilterCallback         : loaded 2 times (x 70B)
Class [Lkotlin.DeprecationLevel;                                                      : loaded 2 times (x 69B)
Class kotlin.sequences.GeneratorSequence                                              : loaded 2 times (x 75B)
Class kotlin.sequences.FlatteningSequence$iterator$1                                  : loaded 2 times (x 79B)
Class com.google.common.io.CharSource$AsByteSource                                    : loaded 2 times (x 85B)
Class com.google.common.collect.ImmutableList$SerializedForm                          : loaded 2 times (x 73B)
Class Settings_gradle                                                                 : loaded 2 times (x 124B)
Class org.gradle.internal.Cast                                                        : loaded 2 times (x 71B)
Class org.gradle.api.Action                                                           : loaded 2 times (x 70B)
Class org.gradle.internal.service.UnknownServiceException                             : loaded 2 times (x 83B)
Class [Lorg.objectweb.asm.AnnotationVisitor;                                          : loaded 2 times (x 69B)
Class com.google.common.collect.MapMakerInternalMap$Strength$2                        : loaded 2 times (x 80B)
Class com.google.common.reflect.Types$ClassOwnership$1                                : loaded 2 times (x 80B)
Class com.google.gson.internal.LinkedTreeMap$Node                                     : loaded 2 times (x 79B)
Class com.sun.xml.bind.v2.runtime.JAXBContextImpl$6                                   : loaded 2 times (x 91B)
Class android.databinding.parser.BindingExpressionParser$TypeArgumentsContext         : loaded 2 times (x 133B)
Class android.databinding.internal.org.antlr.v4.runtime.dfa.DFA                       : loaded 2 times (x 76B)
Class com.sun.xml.bind.v2.model.runtime.RuntimeTypeRef                                : loaded 2 times (x 70B)
Class com.sun.xml.bind.v2.runtime.unmarshaller.LocatorEx                              : loaded 2 times (x 70B)
Class com.sun.xml.bind.v2.model.core.ElementPropertyInfo                              : loaded 2 times (x 70B)
Class com.sun.xml.bind.v2.model.impl.RuntimeElementInfoImpl                           : loaded 2 times (x 119B)
Class com.google.gson.internal.bind.TreeTypeAdapter                                   : loaded 2 times (x 75B)
Class com.google.gson.internal.sql.SqlTimeTypeAdapter                                 : loaded 2 times (x 74B)
Class jdk.internal.jimage.decompressor.ZipDecompressor                                : loaded 2 times (x 75B)
Class kotlin.properties.ReadWriteProperty                                             : loaded 2 times (x 70B)
Class kotlin.collections.AbstractMutableList                                          : loaded 2 times (x 206B)
Class com.google.common.collect.HashBiMap                                             : loaded 2 times (x 143B)
Class com.google.common.collect.MapMakerInternalMap                                   : loaded 2 times (x 161B)
Class org.objectweb.asm.Handler                                                       : loaded 2 times (x 72B)
Class com.sun.xml.bind.v2.runtime.property.SingleMapNodeProperty                      : loaded 2 times (x 102B)
Class android.databinding.internal.org.antlr.v4.runtime.misc.Array2DHashSet           : loaded 2 times (x 140B)
Class android.databinding.parser.BindingExpressionParser                              : loaded 2 times (x 150B)
Class com.google.common.base.CaseFormat$2                                             : loaded 2 times (x 83B)
Class com.google.common.base.Functions                                                : loaded 2 times (x 71B)
Class com.google.common.collect.MultimapBuilder$SetMultimapBuilder                    : loaded 2 times (x 75B)
Class org.gradle.api.internal.ClassPathProvider                                       : loaded 2 times (x 70B)
Class [Lorg.gradle.api.internal.ClassPathProvider;                                    : loaded 2 times (x 69B)
Class com.google.common.collect.MapMakerInternalMap$Strength$1                        : loaded 2 times (x 80B)
Class android.databinding.internal.org.antlr.v4.runtime.Recognizer$1                  : loaded 2 times (x 206B)
Class android.databinding.parser.BindingExpressionParser$QuestionQuestionOpContext    : loaded 2 times (x 134B)
Class [Landroid.databinding.tool.processing.scopes.ScopeProvider;                     : loaded 2 times (x 69B)
Class com.sun.xml.bind.v2.runtime.unmarshaller.StructureLoader                        : loaded 2 times (x 78B)
Class com.sun.xml.bind.v2.runtime.reflect.Accessor$SetterOnlyReflection               : loaded 2 times (x 85B)
Class com.sun.xml.bind.v2.model.impl.ElementPropertyInfoImpl                          : loaded 2 times (x 123B)
Class com.sun.xml.bind.v2.model.impl.TypeInfoSetImpl$1                                : loaded 2 times (x 80B)
Class com.sun.xml.bind.v2.model.runtime.RuntimeArrayInfo                              : loaded 2 times (x 70B)
Class com.google.gson.internal.LinkedTreeMap$EntrySet                                 : loaded 2 times (x 136B)
Class com.google.gson.internal.bind.TypeAdapters$20                                   : loaded 2 times (x 75B)
Class kotlin.jvm.internal.markers.KMutableIterator                                    : loaded 2 times (x 70B)
Class kotlin.KotlinNothingValueException                                              : loaded 2 times (x 82B)
Class com.google.devtools.ksp.processing.KSPConfig                                    : loaded 2 times (x 72B)
Class com.google.common.cache.RemovalCause$1                                          : loaded 2 times (x 80B)
Class org.gradle.internal.classpath.DefaultClassPath$ImmutableUniqueList$Builder      : loaded 2 times (x 75B)
Class com.google.common.io.CharSource$ConcatenatedCharSource                          : loaded 2 times (x 86B)
Class kotlin.sequences.SequenceScope                                                  : loaded 2 times (x 73B)
Class kotlin.reflect.jvm.internal.KDeclarationContainerImpl$Data                      : loaded 2 times (x 72B)
Class kotlin.collections.builders.MapBuilder$EntryRef                                 : loaded 2 times (x 81B)
Class kotlin.text.MatchResult                                                         : loaded 2 times (x 70B)
Class com.google.common.collect.LinkedListMultimap$ValueForKeyIterator                : loaded 2 times (x 99B)
Class com.google.gson.FieldNamingStrategy                                             : loaded 2 times (x 70B)
Class com.android.tools.build.jetifier.core.pom.PomRewriteRule                        : loaded 2 times (x 72B)
Class android.databinding.internal.org.antlr.v4.runtime.atn.LexerSkipAction           : loaded 2 times (x 76B)
Class [Landroid.databinding.internal.org.antlr.v4.runtime.atn.ATNType;                : loaded 2 times (x 69B)
Class com.sun.xml.bind.v2.runtime.unmarshaller.Intercepter                            : loaded 2 times (x 70B)
Class android.databinding.internal.org.antlr.v4.runtime.tree.Tree                     : loaded 2 times (x 70B)
Class [Ljavax.xml.bind.annotation.XmlAccessOrder;                                     : loaded 2 times (x 69B)
Class javax.xml.bind.annotation.adapters.XmlJavaTypeAdapters                          : loaded 2 times (x 70B)
Class com.google.gson.stream.JsonToken                                                : loaded 2 times (x 79B)
Class com.google.gson.JsonArray                                                       : loaded 2 times (x 100B)
Class com.google.gson.internal.bind.TypeAdapters$21                                   : loaded 2 times (x 75B)
Class com.google.gson.FieldNamingPolicy$1                                             : loaded 2 times (x 83B)
Class com.google.common.collect.AbstractRangeSet                                      : loaded 2 times (x 114B)
Class com.google.common.cache.RemovalCause$2                                          : loaded 2 times (x 80B)
Class com.google.common.collect.MapMakerInternalMap$WeakValueReference                : loaded 2 times (x 70B)
Class com.sun.xml.bind.v2.runtime.JAXBContextImpl$5                                   : loaded 2 times (x 74B)
Class kotlin.reflect.jvm.internal.impl.builtins.PrimitiveType$Companion               : loaded 2 times (x 71B)
Class com.sun.xml.bind.v2.model.runtime.RuntimeValuePropertyInfo                      : loaded 2 times (x 70B)
Class com.sun.xml.bind.v2.model.impl.ClassInfoImpl$PropertyGroup                      : loaded 2 times (x 79B)
Class kotlin.reflect.jvm.internal.KClassImpl$Data                                     : loaded 2 times (x 72B)
Class com.sun.xml.bind.v2.model.core.ID                                               : loaded 2 times (x 79B)
Class android.databinding.internal.org.antlr.v4.runtime.tree.RuleNode                 : loaded 2 times (x 70B)
Class com.sun.xml.bind.v2.runtime.property.ArrayProperty                              : loaded 2 times (x 102B)
Class com.sun.xml.bind.v2.runtime.property.PropertyFactory$1                          : loaded 2 times (x 71B)
Class com.android.tools.build.jetifier.core.utils.Log                                 : loaded 2 times (x 71B)
Class android.databinding.internal.org.antlr.v4.runtime.misc.Interval                 : loaded 2 times (x 83B)
Class [Lcom.sun.xml.bind.v2.runtime.property.PropertyImpl;                            : loaded 2 times (x 69B)
Class com.sun.xml.bind.v2.model.impl.RuntimeEnumLeafInfoImpl                          : loaded 2 times (x 149B)
Class javax.xml.bind.JAXBIntrospector                                                 : loaded 2 times (x 73B)
Class android.databinding.tool.store.GenClassInfoLog$GenClass                         : loaded 2 times (x 72B)
Class android.databinding.internal.org.antlr.v4.runtime.CharStream                    : loaded 2 times (x 70B)
Class com.google.gson.internal.bind.TypeAdapters$22                                   : loaded 2 times (x 75B)
Class com.google.gson.TypeAdapter$1                                                   : loaded 2 times (x 74B)
Class com.google.gson.FieldNamingPolicy$2                                             : loaded 2 times (x 83B)
Class com.google.gson.internal.Excluder$1                                             : loaded 2 times (x 74B)
Class android.databinding.tool.LibTypes$dataBindingUtil$2                             : loaded 2 times (x 79B)
Class android.databinding.tool.LibTypes$mutableStateFlow$2                            : loaded 2 times (x 78B)
Class com.google.common.cache.RemovalCause$3                                          : loaded 2 times (x 80B)
Class org.gradle.api.GradleException                                                  : loaded 2 times (x 82B)
Class com.google.common.base.CaseFormat$1                                             : loaded 2 times (x 83B)
Class org.jetbrains.org.objectweb.asm.SymbolTable$Entry                               : loaded 2 times (x 74B)
Class com.google.common.collect.LinkedHashMultimapGwtSerializationDependencies        : loaded 2 times (x 174B)
Class com.google.common.collect.LinkedListMultimap$KeyList                            : loaded 2 times (x 72B)
Class kotlin.reflect.jvm.internal.impl.builtins.jvm.JavaToKotlinClassMap$PlatformMutabilityMapping: loaded 2 times (x 72B)
Class com.google.common.collect.HashBasedTable                                        : loaded 2 times (x 124B)
Class org.gradle.api.internal.DefaultClassPathProvider                                : loaded 2 times (x 76B)
Class org.objectweb.asm.AnnotationVisitor                                             : loaded 2 times (x 78B)
Class [Landroid.databinding.internal.org.antlr.v4.runtime.atn.RuleStartState;         : loaded 2 times (x 69B)
Class android.databinding.internal.org.antlr.v4.runtime.misc.Pair                     : loaded 2 times (x 72B)
Class android.databinding.internal.org.antlr.v4.runtime.atn.ATN                       : loaded 2 times (x 80B)
Class javax.xml.bind.helpers.AbstractMarshallerImpl                                   : loaded 2 times (x 125B)
Class com.sun.xml.bind.v2.runtime.reflect.Accessor$ReadOnlyFieldReflection            : loaded 2 times (x 85B)
Class com.sun.xml.bind.v2.model.core.AttributePropertyInfo                            : loaded 2 times (x 70B)
Class com.sun.xml.bind.v2.model.impl.RuntimeReferencePropertyInfoImpl                 : loaded 2 times (x 141B)
Class javax.xml.bind.Binder                                                           : loaded 2 times (x 85B)
Class javax.xml.bind.JAXBContext                                                      : loaded 2 times (x 78B)
Class com.google.common.collect.Iterators$EmptyModifiableIterator                     : loaded 2 times (x 86B)
Class com.google.common.collect.ImmutableSet$SerializedForm                           : loaded 2 times (x 73B)
Class com.google.gson.internal.bind.TypeAdapters$23                                   : loaded 2 times (x 75B)
Class com.google.gson.FieldNamingPolicy$3                                             : loaded 2 times (x 83B)
Class com.google.common.io.CharSource$EmptyCharSource                                 : loaded 2 times (x 86B)
Class com.google.common.cache.RemovalCause$4                                          : loaded 2 times (x 80B)
Class kotlin.jvm.internal.AdaptedFunctionReference                                    : loaded 2 times (x 77B)
Class ijKotlinCoroutineJvmDebugInit1_94zbe8lf9k2w0vno4bybgz0nj$_run_closure1$_closure2: loaded 2 times (x 139B)
Class com.google.gson.FieldNamingPolicy                                               : loaded 2 times (x 83B)
Class com.google.gson.FormattingStyle                                                 : loaded 2 times (x 78B)
Class kotlin.reflect.jvm.internal.KTypeParameterOwnerImpl                             : loaded 2 times (x 70B)
Class com.google.gson.internal.bind.TypeAdapters                                      : loaded 2 times (x 71B)
Class android.databinding.tool.util.FileUtil$listAndSortFiles$$inlined$sortedBy$2     : loaded 2 times (x 89B)
Class android.databinding.internal.org.antlr.v4.runtime.TokenFactory                  : loaded 2 times (x 70B)
Class android.databinding.internal.org.antlr.v4.runtime.atn.BasicBlockStartState      : loaded 2 times (x 83B)
Class android.databinding.parser.BindingExpressionParser$InstanceOfOpContext          : loaded 2 times (x 134B)
Class android.databinding.parser.BindingExpressionParser$FunctionRefContext           : loaded 2 times (x 134B)
Class android.databinding.parser.BindingExpressionParser$AndOrOpContext               : loaded 2 times (x 134B)
Class com.sun.xml.bind.v2.runtime.reflect.PrimitiveArrayListerBoolean                 : loaded 2 times (x 76B)
Class com.sun.xml.bind.v2.runtime.property.Property                                   : loaded 2 times (x 70B)
Class com.sun.xml.bind.v2.model.impl.ClassInfoImpl$1                                  : loaded 2 times (x 71B)
Class com.sun.xml.bind.v2.runtime.reflect.Accessor$GetterOnlyReflection               : loaded 2 times (x 85B)
Class javax.xml.bind.annotation.XmlMixed                                              : loaded 2 times (x 70B)
Class com.sun.xml.bind.v2.model.nav.ReflectionNavigator                               : loaded 2 times (x 123B)
Class com.sun.xml.bind.v2.model.annotation.AnnotationReader                           : loaded 2 times (x 70B)
Class org.apache.commons.io.file.Counters$NoopPathCounters                            : loaded 2 times (x 82B)
Class com.google.gson.internal.bind.TypeAdapters$34$1                                 : loaded 2 times (x 74B)
Class com.google.gson.internal.bind.TypeAdapters$24                                   : loaded 2 times (x 75B)
Class com.google.gson.FieldNamingPolicy$4                                             : loaded 2 times (x 83B)
Class android.databinding.tool.LibTypes$bindable$2                                    : loaded 2 times (x 79B)
Class com.google.common.cache.RemovalCause$5                                          : loaded 2 times (x 80B)
Class [Lcom.google.common.collect.MapMakerInternalMap$Strength;                       : loaded 2 times (x 69B)
Class [Lcom.google.common.io.FileWriteMode;                                           : loaded 2 times (x 69B)
Class [Lorg.jetbrains.org.objectweb.asm.Symbol;                                       : loaded 2 times (x 69B)
Class com.sun.xml.bind.v2.model.core.Element                                          : loaded 2 times (x 70B)
Class com.sun.xml.bind.v2.model.impl.DummyPropertyInfo                                : loaded 2 times (x 70B)
Class kotlin.reflect.jvm.internal.impl.name.Name                                      : loaded 2 times (x 75B)
Class com.sun.xml.bind.v2.model.impl.AttributePropertyInfoImpl                        : loaded 2 times (x 124B)
Class com.google.common.collect.Maps$AsMapView$1EntrySetImpl                          : loaded 2 times (x 138B)
Class android.databinding.internal.org.antlr.v4.runtime.Vocabulary                    : loaded 2 times (x 70B)
Class javax.xml.bind.annotation.XmlInlineBinaryData                                   : loaded 2 times (x 70B)
Class com.sun.xml.bind.v2.runtime.Location                                            : loaded 2 times (x 70B)
Class com.google.gson.internal.LinkedTreeMap$EntrySet$1                               : loaded 2 times (x 81B)
Class com.google.gson.internal.bind.TypeAdapters$25                                   : loaded 2 times (x 75B)
Class com.google.gson.FieldNamingPolicy$5                                             : loaded 2 times (x 83B)
Class [Lkotlin.time.DurationUnit;                                                     : loaded 2 times (x 69B)
Class kotlin.sequences.SequencesKt___SequencesKt$asIterable$$inlined$Iterable$1       : loaded 2 times (x 79B)
Class Build_gradle$1$1                                                                : loaded 2 times (x 75B)
Class com.google.common.collect.Iterables$4                                           : loaded 2 times (x 81B)
Class com.google.common.cache.LocalCache$WriteThroughEntry                            : loaded 2 times (x 79B)
Class com.google.common.cache.LocalCache$HashIterator                                 : loaded 2 times (x 86B)
Class com.google.common.collect.MapMakerInternalMap$StrongKeyDummyValueSegment        : loaded 2 times (x 142B)
Class com.google.common.io.Files                                                      : loaded 2 times (x 71B)
Class com.sun.xml.bind.v2.model.impl.MapPropertyInfoImpl                              : loaded 2 times (x 119B)
Class com.sun.xml.bind.v2.model.impl.RuntimeMapPropertyInfoImpl                       : loaded 2 times (x 137B)
Class android.databinding.parser.BindingExpressionParser$ClassExtractionContext       : loaded 2 times (x 132B)
Class kotlin.reflect.jvm.internal.impl.name.FqNameUnsafe                              : loaded 2 times (x 72B)
Class android.databinding.internal.org.antlr.v4.runtime.atn.PredictionMode            : loaded 2 times (x 79B)
Class android.databinding.internal.org.antlr.v4.runtime.atn.SemanticContext$OR        : loaded 2 times (x 75B)
Class com.google.common.collect.ImmutableRangeSet                                     : loaded 2 times (x 115B)
Class com.google.common.base.Splitter$1$1                                             : loaded 2 times (x 86B)
Class kotlin.coroutines.ContinuationInterceptor                                       : loaded 2 times (x 70B)
Class com.sun.xml.bind.v2.runtime.JaxBeanInfo$1                                       : loaded 2 times (x 77B)
Class javax.xml.bind.ValidationEvent                                                  : loaded 2 times (x 70B)
Class com.sun.xml.bind.v2.model.impl.Utils                                            : loaded 2 times (x 71B)
Class com.google.gson.internal.bind.ArrayTypeAdapter                                  : loaded 2 times (x 74B)
Class com.google.gson.internal.bind.TypeAdapters$26                                   : loaded 2 times (x 75B)
Class com.google.gson.FieldNamingPolicy$6                                             : loaded 2 times (x 83B)
Class [Lkotlin.annotation.AnnotationRetention;                                        : loaded 2 times (x 69B)
Class kotlin.collections.builders.MapBuilder$Companion                                : loaded 2 times (x 71B)
Class com.google.common.reflect.Types$NativeTypeVariableEquals                        : loaded 2 times (x 71B)
Class com.google.common.reflect.TypeParameter                                         : loaded 2 times (x 72B)
Class [Lcom.google.common.collect.MapMaker$Dummy;                                     : loaded 2 times (x 69B)
Class com.google.common.base.CharMatcher$Whitespace                                   : loaded 2 times (x 112B)
Class com.google.common.cache.LocalCache$AbstractReferenceEntry                       : loaded 2 times (x 107B)
Class org.gradle.internal.IoActions                                                   : loaded 2 times (x 71B)
Class org.jetbrains.org.objectweb.asm.Attribute                                       : loaded 2 times (x 75B)
Class org.jetbrains.org.objectweb.asm.Label                                           : loaded 2 times (x 72B)
Class com.google.gson.internal.bind.TypeAdapters$34                                   : loaded 2 times (x 76B)
Class android.databinding.tool.util.FileUtil$listAndSortFiles$$inlined$sortedBy$1     : loaded 2 times (x 89B)
Class com.sun.xml.bind.v2.runtime.JAXBContextImpl$3                                   : loaded 2 times (x 74B)
Class com.sun.istack.Pool$Impl                                                        : loaded 2 times (x 77B)
Class kotlin.reflect.jvm.internal.EmptyContainerForLocal                              : loaded 2 times (x 84B)
Class com.sun.xml.bind.v2.runtime.Transducer                                          : loaded 2 times (x 70B)
Class com.google.common.collect.MultimapBuilder$MultimapBuilderWithKeys$1             : loaded 2 times (x 76B)
Class com.google.common.base.VerifyException                                          : loaded 2 times (x 82B)
Class com.sun.xml.bind.v2.model.impl.RuntimeClassInfoImpl                             : loaded 2 times (x 162B)
Class com.sun.xml.bind.v2.model.impl.RuntimeBuiltinLeafInfoImpl$StringImplImpl        : loaded 2 times (x 136B)
Class android.databinding.internal.org.antlr.v4.runtime.atn.ATNSimulator              : loaded 2 times (x 76B)
Class com.sun.xml.bind.v2.runtime.MarshallerImpl                                      : loaded 2 times (x 128B)
Class com.sun.xml.bind.v2.runtime.property.ArrayERProperty$ReceiverImpl               : loaded 2 times (x 75B)
Class com.sun.xml.bind.v2.runtime.reflect.Utils$1                                     : loaded 2 times (x 77B)
Class [Ljavax.xml.bind.annotation.XmlElement;                                         : loaded 2 times (x 69B)
Class javax.xml.bind.annotation.XmlType                                               : loaded 2 times (x 70B)
Class com.sun.xml.bind.v2.model.annotation.XmlEnumQuick                               : loaded 2 times (x 91B)
Class javax.xml.bind.annotation.XmlAccessType                                         : loaded 2 times (x 79B)
Class com.sun.xml.bind.v2.model.annotation.RuntimeInlineAnnotationReader              : loaded 2 times (x 106B)
Class org.apache.commons.io.filefilter.TrueFileFilter                                 : loaded 2 times (x 99B)
Class com.google.gson.internal.reflect.ReflectionHelper                               : loaded 2 times (x 71B)
Class com.google.gson.internal.bind.TypeAdapters$27                                   : loaded 2 times (x 75B)
Class com.google.gson.FieldNamingPolicy$7                                             : loaded 2 times (x 83B)
Class androidx.databinding.Untaggable                                                 : loaded 2 times (x 70B)
Class kotlin.annotation.MustBeDocumented                                              : loaded 2 times (x 70B)
Class com.google.common.collect.ImmutableRangeSet$ComplementRanges                    : loaded 2 times (x 207B)
Class org.objectweb.asm.SymbolTable                                                   : loaded 2 times (x 72B)
Class org.jetbrains.org.objectweb.asm.Frame                                           : loaded 2 times (x 73B)
Class android.databinding.internal.org.antlr.v4.runtime.ParserRuleContext             : loaded 2 times (x 131B)
Class com.sun.xml.bind.v2.runtime.reflect.ListTransducedAccessorImpl                  : loaded 2 times (x 80B)
Class javax.xml.bind.PropertyException                                                : loaded 2 times (x 85B)
Class com.sun.xml.bind.v2.runtime.unmarshaller.TagName                                : loaded 2 times (x 75B)
Class com.android.tools.build.jetifier.core.rule.RewriteRule$JsonData                 : loaded 2 times (x 72B)
Class com.google.common.collect.MultimapBuilder$MultimapBuilderWithKeys$2             : loaded 2 times (x 76B)
Class com.google.common.base.CaseFormat                                               : loaded 2 times (x 83B)
Class com.android.tools.build.jetifier.core.PackageMap$PackageRule                    : loaded 2 times (x 72B)
Class android.databinding.internal.org.antlr.v4.runtime.atn.LexerActionType           : loaded 2 times (x 79B)
Class android.databinding.internal.org.antlr.v4.runtime.tree.ParseTreeVisitor         : loaded 2 times (x 70B)
Class com.sun.xml.bind.v2.runtime.reflect.PrimitiveArrayListerFloat                   : loaded 2 times (x 76B)
Class com.sun.xml.bind.v2.util.FlattenIterator                                        : loaded 2 times (x 79B)
Class com.sun.xml.bind.v2.model.runtime.RuntimePropertyInfo                           : loaded 2 times (x 70B)
Class com.sun.xml.bind.v2.model.annotation.XmlElementRefsQuick                        : loaded 2 times (x 91B)
Class javax.xml.bind.annotation.XmlElementRef                                         : loaded 2 times (x 70B)
Class com.google.gson.internal.bind.TypeAdapters$EnumTypeAdapter                      : loaded 2 times (x 74B)
Class com.google.gson.internal.bind.TypeAdapters$28                                   : loaded 2 times (x 75B)
Class [Lcom.google.gson.LongSerializationPolicy;                                      : loaded 2 times (x 69B)
Class org.gradle.kotlin.dsl.Accessorscvl8x451nzrmsj2k23u8o6x7aKt                      : loaded 2 times (x 71B)
Class kotlin.jvm.internal.PropertyReference0Impl                                      : loaded 2 times (x 127B)
Class kotlin.jvm.internal.markers.KMutableCollection                                  : loaded 2 times (x 70B)
Class kotlin.coroutines.intrinsics.IntrinsicsKt                                       : loaded 2 times (x 71B)
Class kotlin.sequences.SequencesKt___SequencesKt$flatMap$2                            : loaded 2 times (x 125B)
Class com.google.common.cache.LocalCache$StrongEntry                                  : loaded 2 times (x 108B)
Class com.google.common.util.concurrent.AbstractFuture$TrustedFuture                  : loaded 2 times (x 114B)
Class android.databinding.tool.LibTypes$dataBinderMapper$2                            : loaded 2 times (x 79B)
Class com.google.gson.internal.bind.TypeAdapters$33                                   : loaded 2 times (x 76B)
Class com.google.gson.internal.bind.ObjectTypeAdapter                                 : loaded 2 times (x 74B)
Class com.google.common.base.StandardSystemProperty                                   : loaded 2 times (x 79B)
Class com.sun.xml.bind.v2.runtime.JAXBContextImpl$2                                   : loaded 2 times (x 78B)
Class com.google.common.collect.MultimapBuilder$MultimapBuilderWithKeys$3             : loaded 2 times (x 76B)
Class javax.xml.bind.annotation.XmlEnum                                               : loaded 2 times (x 70B)
Class [Lcom.sun.xml.bind.v2.runtime.property.Property;                                : loaded 2 times (x 69B)
Class android.databinding.parser.BindingExpressionParser$DotOpContext                 : loaded 2 times (x 134B)
Class javax.xml.bind.annotation.W3CDomHandler                                         : loaded 2 times (x 85B)
Class com.sun.xml.bind.v2.runtime.reflect.TransducedAccessor$IDREFTransducedAccessorImpl: loaded 2 times (x 80B)
Class com.sun.xml.bind.v2.runtime.unmarshaller.WildcardLoader                         : loaded 2 times (x 79B)
Class com.sun.xml.bind.v2.runtime.unmarshaller.XsiTypeLoader                          : loaded 2 times (x 78B)
Class com.sun.xml.bind.v2.runtime.reflect.AdaptedAccessor                             : loaded 2 times (x 85B)
Class com.sun.xml.bind.v2.model.impl.LeafInfoImpl                                     : loaded 2 times (x 102B)
Class com.google.gson.internal.Streams$AppendableWriter                               : loaded 2 times (x 99B)
Class com.sun.xml.bind.v2.runtime.reflect.Utils                                       : loaded 2 times (x 71B)
Class com.google.gson.internal.bind.MapTypeAdapterFactory                             : loaded 2 times (x 75B)
Class com.google.gson.internal.bind.TypeAdapters$29                                   : loaded 2 times (x 75B)
Class com.google.gson.JsonNull                                                        : loaded 2 times (x 92B)
Class kotlin.coroutines.intrinsics.CoroutineSingletons                                : loaded 2 times (x 79B)
Class javax.xml.bind.DatatypeConverterInterface                                       : loaded 2 times (x 70B)
Class android.databinding.internal.org.antlr.v4.runtime.IntStream                     : loaded 2 times (x 70B)
Class org.gradle.kotlin.dsl.KspConfigurationAccessorsKt                               : loaded 2 times (x 71B)
Class com.google.common.io.ByteStreams$LimitedInputStream                             : loaded 2 times (x 92B)
Class org.objectweb.asm.MethodWriter                                                  : loaded 2 times (x 106B)
Class android.databinding.internal.org.antlr.v4.runtime.atn.ParserATNSimulator        : loaded 2 times (x 116B)
Class [Ldagger.hilt.processor.internal.optionvalues.GradleProjectType;                : loaded 2 times (x 69B)
Class org.jetbrains.org.objectweb.asm.ClassReader                                     : loaded 2 times (x 92B)
Class com.google.common.collect.MultimapBuilder$MultimapBuilderWithKeys$4             : loaded 2 times (x 76B)
Class jdk.internal.jrtfs.ExplodedImage                                                : loaded 2 times (x 77B)
Class android.databinding.internal.org.antlr.v4.runtime.misc.FlexibleHashMap$Entry    : loaded 2 times (x 72B)
Class android.databinding.internal.org.antlr.v4.runtime.atn.AbstractPredicateTransition: loaded 2 times (x 76B)
Class android.databinding.internal.org.antlr.v4.runtime.tree.AbstractParseTreeVisitor : loaded 2 times (x 84B)
Class javax.xml.bind.ValidationEventLocator                                           : loaded 2 times (x 70B)
Class com.sun.xml.bind.v2.runtime.ElementBeanInfoImpl$IntercepterLoader               : loaded 2 times (x 81B)
Class com.sun.xml.bind.v2.model.annotation.XmlElementDeclQuick                        : loaded 2 times (x 96B)
Class com.google.common.io.ByteSource$ConcatenatedByteSource                          : loaded 2 times (x 85B)
Class android.databinding.tool.LibTypes$propertyChangedInverseListener$2              : loaded 2 times (x 79B)
Class android.databinding.tool.LibTypes$inverseBindingListener$2                      : loaded 2 times (x 79B)
Class kotlin.KotlinVersion$Companion                                                  : loaded 2 times (x 71B)
Class jdk.internal.jimage.decompressor.CompressedResourceHeader                       : loaded 2 times (x 71B)
Class kotlin.sequences.SequenceBuilderIterator                                        : loaded 2 times (x 85B)
Class Build_gradle$6$1                                                                : loaded 2 times (x 75B)
Class kotlin.jvm.internal.FloatCompanionObject                                        : loaded 2 times (x 71B)
Class kotlin.sequences.SequencesKt___SequencesKt$flatMap$1                            : loaded 2 times (x 125B)
Class android.databinding.tool.LibTypes$typeRewriter$2                                : loaded 2 times (x 78B)
Class com.google.gson.internal.bind.TypeAdapters$32                                   : loaded 2 times (x 76B)
Class com.google.common.collect.MultimapBuilder$MultimapBuilderWithKeys$5             : loaded 2 times (x 78B)
Class com.sun.xml.bind.v2.runtime.JAXBContextImpl$1                                   : loaded 2 times (x 78B)
Class com.sun.xml.bind.v2.model.impl.TypeInfoImpl                                     : loaded 2 times (x 85B)
Class com.sun.xml.bind.v2.runtime.property.Utils$1                                    : loaded 2 times (x 77B)
Class com.sun.xml.bind.marshaller.XMLWriter                                           : loaded 2 times (x 167B)
Class android.databinding.internal.org.antlr.v4.runtime.atn.WildcardTransition        : loaded 2 times (x 76B)
Class [Landroid.databinding.internal.org.antlr.v4.runtime.dfa.DFA;                    : loaded 2 times (x 69B)
Class com.sun.xml.bind.v2.runtime.property.SingleMapNodeProperty$1                    : loaded 2 times (x 78B)
Class javax.xml.bind.annotation.XmlList                                               : loaded 2 times (x 70B)
Class com.sun.xml.bind.v2.model.core.EnumLeafInfo                                     : loaded 2 times (x 70B)
Class android.databinding.tool.store.ResourceBundle$IncludedLayout$Builder            : loaded 2 times (x 76B)
Class com.google.gson.internal.bind.DefaultDateTypeAdapter$DateType$1                 : loaded 2 times (x 73B)
Class android.databinding.tool.LibTypes$liveData$2                                    : loaded 2 times (x 79B)
Class com.google.common.reflect.Types$JavaVersion$1                                   : loaded 2 times (x 83B)
Class org.jetbrains.org.objectweb.asm.Opcodes                                         : loaded 2 times (x 70B)
Class [Lorg.jetbrains.org.objectweb.asm.AnnotationVisitor;                            : loaded 2 times (x 69B)
Class org.jetbrains.kotlin.com.intellij.openapi.diagnostic.Attachment                 : loaded 2 times (x 72B)
Class com.android.tools.build.jetifier.core.pom.DependencyVersionsMap                 : loaded 2 times (x 72B)
Class org.jetbrains.org.objectweb.asm.ClassVisitor                                    : loaded 2 times (x 88B)
Class com.google.common.collect.MultimapBuilder$MultimapBuilderWithKeys$6             : loaded 2 times (x 76B)
Class com.google.common.collect.LinkedListMultimap$1KeySetImpl                        : loaded 2 times (x 136B)
Class org.gradle.internal.classloader.DefaultClassLoaderFactory                       : loaded 2 times (x 82B)
Class org.objectweb.asm.MethodTooLargeException                                       : loaded 2 times (x 83B)
Class com.google.common.collect.MapMakerInternalMap$Strength                          : loaded 2 times (x 80B)
Class android.databinding.internal.org.antlr.v4.runtime.misc.IntSet                   : loaded 2 times (x 70B)
Class android.databinding.internal.org.antlr.v4.runtime.atn.LoopEndState              : loaded 2 times (x 82B)
Class android.databinding.tool.ext.ExtKt                                              : loaded 2 times (x 71B)
Class com.google.common.collect.MapMakerInternalMap$StrongKeyDummyValueEntry$LinkedStrongKeyDummyValueEntry: loaded 2 times (x 82B)
Class javax.xml.bind.helpers.AbstractUnmarshallerImpl                                 : loaded 2 times (x 130B)
Class com.sun.xml.bind.v2.runtime.property.SingleMapNodeProperty$2                    : loaded 2 times (x 78B)
Class com.sun.xml.bind.v2.model.core.ValuePropertyInfo                                : loaded 2 times (x 70B)
Class com.sun.xml.bind.v2.runtime.RuntimeUtil                                         : loaded 2 times (x 71B)
Class com.google.gson.internal.Streams                                                : loaded 2 times (x 71B)
Class com.google.gson.internal.LazilyParsedNumber                                     : loaded 2 times (x 78B)
Class com.google.gson.JsonSyntaxException                                             : loaded 2 times (x 82B)
Class kotlin.coroutines.jvm.internal.Boxing                                           : loaded 2 times (x 71B)
Class kotlin.collections.ArrayDeque$Companion                                         : loaded 2 times (x 71B)
Class com.google.common.reflect.Types$JavaVersion$2                                   : loaded 2 times (x 83B)
Class com.google.common.reflect.Types                                                 : loaded 2 times (x 71B)
Class com.google.common.hash.PrimitiveSink                                            : loaded 2 times (x 70B)
Class com.google.common.util.concurrent.AbstractFuture$Failure                        : loaded 2 times (x 72B)
Class com.google.gson.internal.bind.TypeAdapters$31                                   : loaded 2 times (x 76B)
Class com.google.gson.internal.bind.JsonAdapterAnnotationTypeAdapterFactory$DummyTypeAdapterFactory: loaded 2 times (x 75B)
Class kotlin.io.LinesSequence                                                         : loaded 2 times (x 75B)
Class com.google.common.collect.HashMultiset                                          : loaded 2 times (x 163B)
Class android.databinding.internal.org.antlr.v4.runtime.atn.AtomTransition            : loaded 2 times (x 76B)
Class android.databinding.internal.org.antlr.v4.runtime.atn.SemanticContext$Predicate : loaded 2 times (x 73B)
Class [Landroid.databinding.internal.org.antlr.v4.runtime.atn.PredictionMode;         : loaded 2 times (x 69B)
Class kotlin.reflect.jvm.internal.impl.name.FqName                                    : loaded 2 times (x 72B)
Class com.squareup.javapoet.CodeBlock$CodeBlockJoiner                                 : loaded 2 times (x 72B)
Class org.objectweb.asm.ClassVisitor                                                  : loaded 2 times (x 88B)
Class [Lorg.objectweb.asm.Symbol;                                                     : loaded 2 times (x 69B)
Class android.databinding.internal.org.antlr.v4.runtime.atn.LexerActionExecutor       : loaded 2 times (x 75B)
Class android.databinding.internal.org.antlr.v4.runtime.atn.SemanticContext$Operator  : loaded 2 times (x 74B)
Class android.databinding.internal.org.antlr.v4.runtime.CommonTokenStream             : loaded 2 times (x 127B)
Class com.sun.xml.bind.v2.runtime.unmarshaller.ChildLoader                            : loaded 2 times (x 72B)
Class javax.xml.bind.annotation.XmlSchemaTypes                                        : loaded 2 times (x 70B)
Class javax.xml.bind.annotation.XmlIDREF                                              : loaded 2 times (x 70B)
Class javax.xml.bind.annotation.XmlElement                                            : loaded 2 times (x 70B)
Class com.sun.xml.bind.v2.model.runtime.RuntimeLeafInfo                               : loaded 2 times (x 70B)
Class com.google.common.collect.TransformedListIterator                               : loaded 2 times (x 93B)
Class com.google.gson.stream.JsonReader                                               : loaded 2 times (x 97B)
Class kotlin.coroutines.EmptyCoroutineContext                                         : loaded 2 times (x 77B)
Class com.google.common.reflect.Types$JavaVersion$3                                   : loaded 2 times (x 83B)
Class com.google.common.io.CharSink                                                   : loaded 2 times (x 79B)
Class org.objectweb.asm.Label                                                         : loaded 2 times (x 73B)
Class org.objectweb.asm.CurrentFrame                                                  : loaded 2 times (x 73B)
Class org.objectweb.asm.ClassTooLargeException                                        : loaded 2 times (x 83B)
Class org.jetbrains.org.objectweb.asm.RecordComponentWriter                           : loaded 2 times (x 78B)
Class com.google.common.cache.LocalCache$Values                                       : loaded 2 times (x 118B)
Class com.google.common.reflect.TypeCapture                                           : loaded 2 times (x 71B)
Class kotlin.collections.builders.ListBuilder$Itr                                     : loaded 2 times (x 94B)
Class jdk.internal.jimage.decompressor.StringSharingDecompressorFactory               : loaded 2 times (x 74B)
Class com.google.gson.TypeAdapterFactory                                              : loaded 2 times (x 70B)
Class com.google.gson.internal.bind.JsonTreeReader                                    : loaded 2 times (x 98B)
Class com.sun.xml.bind.api.Bridge                                                     : loaded 2 times (x 85B)
Class com.sun.xml.bind.v2.model.impl.RuntimeTypeInfoSetImpl                           : loaded 2 times (x 123B)
Class com.sun.xml.bind.v2.model.impl.Utils$1                                          : loaded 2 times (x 77B)
Class android.databinding.internal.org.antlr.v4.runtime.misc.IntervalSet              : loaded 2 times (x 123B)
Class android.databinding.internal.org.antlr.v4.runtime.atn.ATNDeserializer           : loaded 2 times (x 81B)
Class com.sun.xml.bind.v2.runtime.property.TagAndType                                 : loaded 2 times (x 72B)
Class javax.xml.bind.annotation.XmlSchema                                             : loaded 2 times (x 70B)
Class com.google.gson.internal.reflect.ReflectionHelper$RecordSupportedHelper         : loaded 2 times (x 78B)
Class androidx.databinding.BindingConversion                                          : loaded 2 times (x 70B)
Class androidx.databinding.Bindable                                                   : loaded 2 times (x 70B)
Class kotlin.InitializedLazyImpl                                                      : loaded 2 times (x 76B)
Class com.google.common.collect.RangeGwtSerializationDependencies                     : loaded 2 times (x 71B)
Class com.google.common.io.ByteSource$AsCharSource                                    : loaded 2 times (x 86B)
Class com.google.common.reflect.Types$JavaVersion$4                                   : loaded 2 times (x 83B)
Class com.google.common.collect.MapMakerInternalMap$InternalEntryHelper               : loaded 2 times (x 70B)
Class org.objectweb.asm.Frame                                                         : loaded 2 times (x 73B)
Class org.objectweb.asm.MethodVisitor                                                 : loaded 2 times (x 105B)
Class org.jetbrains.org.objectweb.asm.MethodWriter                                    : loaded 2 times (x 106B)
Class javax.xml.bind.annotation.XmlMimeType                                           : loaded 2 times (x 70B)
Class com.sun.xml.bind.v2.runtime.unmarshaller.XmlVisitor                             : loaded 2 times (x 70B)
Class javax.xml.bind.UnmarshalException                                               : loaded 2 times (x 85B)
Class android.databinding.internal.org.antlr.v4.runtime.RecognitionException          : loaded 2 times (x 89B)
Class com.sun.istack.SAXParseException2                                               : loaded 2 times (x 88B)
Class com.sun.xml.bind.v2.runtime.output.NamespaceContextImpl                         : loaded 2 times (x 81B)
Class com.sun.xml.bind.marshaller.CharacterEscapeHandler                              : loaded 2 times (x 70B)
Class com.sun.xml.bind.v2.runtime.unmarshaller.DomLoader                              : loaded 2 times (x 78B)
Class android.databinding.tool.util.RelativizableFile                                 : loaded 2 times (x 72B)
Class com.sun.xml.bind.v2.runtime.ValueListBeanInfoImpl                               : loaded 2 times (x 89B)
Class com.google.gson.internal.bind.JsonAdapterAnnotationTypeAdapterFactory           : loaded 2 times (x 75B)
Class android.databinding.tool.LibTypes$viewDataBinding$2                             : loaded 2 times (x 79B)
Class com.google.common.collect.RangeSet                                              : loaded 2 times (x 70B)
Class com.google.common.reflect.Types$JavaVersion$5                                   : loaded 2 times (x 71B)
Class [Lcom.google.common.reflect.Types$ClassOwnership;                               : loaded 2 times (x 69B)
Class android.databinding.internal.org.antlr.v4.runtime.dfa.LexerDFASerializer        : loaded 2 times (x 74B)
Class com.google.common.io.ByteArrayDataOutput                                        : loaded 2 times (x 70B)
Class kotlin.collections.builders.MapBuilder                                          : loaded 2 times (x 112B)
Class ijJvmDebugger1_2ibd1ircjhebshj8xxju678qr$_run_closure1                          : loaded 2 times (x 139B)
Class ijKotlinCoroutineJvmDebugInit1_94zbe8lf9k2w0vno4bybgz0nj$_run_closure1          : loaded 2 times (x 139B)
Class android.databinding.tool.CompilerArguments$Companion                            : loaded 2 times (x 71B)
Class com.google.gson.stream.MalformedJsonException                                   : loaded 2 times (x 82B)
Class org.apache.commons.io.FileSystem                                                : loaded 2 times (x 80B)
Class [Lcom.android.tools.build.jetifier.core.utils.LogLevel;                         : loaded 2 times (x 69B)
Class com.android.tools.build.jetifier.core.utils.LogLevel                            : loaded 2 times (x 79B)
Class android.databinding.parser.BindingExpressionParser$ExplicitGenericInvocationContext: loaded 2 times (x 133B)
Class com.sun.xml.bind.v2.runtime.NamespaceContext2                                   : loaded 2 times (x 70B)
Class com.sun.xml.bind.v2.runtime.reflect.TransducedAccessor$CompositeTransducedAccessorImpl: loaded 2 times (x 79B)
Class com.sun.xml.bind.v2.runtime.unmarshaller.XsiNilLoader$Single                    : loaded 2 times (x 80B)
Class android.databinding.tool.store.ResourceBundle$BindingTargetBundle               : loaded 2 times (x 95B)
Class javax.xml.bind.annotation.XmlSchemaType                                         : loaded 2 times (x 70B)
Class com.sun.xml.bind.v2.model.impl.RuntimeBuiltinLeafInfoImpl                       : loaded 2 times (x 133B)
Class com.sun.xml.bind.v2.model.impl.BuiltinLeafInfoImpl                              : loaded 2 times (x 105B)
Class com.google.gson.internal.$Gson$Types$ParameterizedTypeImpl                      : loaded 2 times (x 81B)
Class com.google.gson.internal.bind.NumberTypeAdapter                                 : loaded 2 times (x 74B)
Class android.databinding.tool.LibTypes$observable$2                                  : loaded 2 times (x 79B)
Class kotlin.reflect.KMutableProperty$Setter                                          : loaded 2 times (x 70B)
Class com.google.common.collect.CollectCollectors                                     : loaded 2 times (x 71B)
Class org.objectweb.asm.ModuleWriter                                                  : loaded 2 times (x 82B)
Class [Lkotlin.jvm.functions.Function1;                                               : loaded 2 times (x 69B)
Class org.jetbrains.org.objectweb.asm.RecordComponentVisitor                          : loaded 2 times (x 77B)
Class org.apache.commons.io.file.Counters$NoopCounter                                 : loaded 2 times (x 80B)
Class com.google.common.collect.MultimapBuilder$1                                     : loaded 2 times (x 83B)
Class com.sun.xml.bind.api.CompositeStructure                                         : loaded 2 times (x 72B)
Class javax.xml.bind.annotation.XmlValue                                              : loaded 2 times (x 70B)
Class com.sun.xml.bind.v2.runtime.reflect.Accessor$2                                  : loaded 2 times (x 87B)
Class android.databinding.internal.org.antlr.v4.runtime.atn.EmptyPredictionContext    : loaded 2 times (x 80B)
Class com.sun.xml.bind.v2.runtime.NameList                                            : loaded 2 times (x 72B)
Class com.sun.xml.bind.v2.runtime.reflect.TransducedAccessor                          : loaded 2 times (x 78B)
Class com.sun.xml.bind.v2.model.impl.RuntimeClassInfoImpl$RuntimePropertySeed         : loaded 2 times (x 84B)
Class javax.xml.bind.annotation.XmlAttachmentRef                                      : loaded 2 times (x 70B)
Class com.google.gson.ToNumberPolicy$1                                                : loaded 2 times (x 83B)
Class [Lcom.google.gson.FieldNamingStrategy;                                          : loaded 2 times (x 69B)
Class com.google.gson.internal.Excluder                                               : loaded 2 times (x 75B)
Class androidx.databinding.BindingAdapter                                             : loaded 2 times (x 70B)
Class com.google.common.collect.CollectSpliterators$1                                 : loaded 2 times (x 90B)
Class org.jetbrains.org.objectweb.asm.MethodTooLargeException                         : loaded 2 times (x 83B)
Class org.jetbrains.org.objectweb.asm.Context                                         : loaded 2 times (x 72B)
Class com.sun.xml.bind.v2.runtime.unmarshaller.DefaultValueLoaderDecorator            : loaded 2 times (x 78B)
Class android.databinding.internal.org.antlr.v4.runtime.atn.RangeTransition           : loaded 2 times (x 76B)
Class com.google.common.collect.MultimapBuilder$2                                     : loaded 2 times (x 83B)
Class com.google.common.collect.MultimapBuilder$MultimapBuilderWithKeys               : loaded 2 times (x 82B)
Class android.databinding.parser.BindingExpressionParser$InferredFormalParameterListContext: loaded 2 times (x 133B)
Class com.google.common.collect.ImmutableListMultimap$Builder                         : loaded 2 times (x 83B)
Class kotlin.jvm.internal.MutablePropertyReference2                                   : loaded 2 times (x 137B)
Class com.android.tools.build.jetifier.core.type.TypesMap$JsonData                    : loaded 2 times (x 72B)
Class android.databinding.internal.org.antlr.v4.runtime.atn.PrecedencePredicateTransition: loaded 2 times (x 76B)
Class android.databinding.internal.org.antlr.v4.runtime.atn.StarBlockStartState       : loaded 2 times (x 83B)
Class com.sun.xml.bind.v2.runtime.unmarshaller.LocatorExWrapper                       : loaded 2 times (x 86B)
Class com.sun.xml.bind.InternalAccessorFactory                                        : loaded 2 times (x 70B)
Class com.sun.xml.bind.v2.model.impl.SingleTypePropertyInfoImpl                       : loaded 2 times (x 113B)
Class com.sun.xml.bind.v2.model.core.LeafInfo                                         : loaded 2 times (x 70B)
Class com.google.gson.internal.ReflectionAccessFilterHelper                           : loaded 2 times (x 71B)
Class com.google.gson.internal.reflect.ReflectionHelper$RecordHelper                  : loaded 2 times (x 75B)
Class com.google.gson.ToNumberPolicy$2                                                : loaded 2 times (x 83B)
Class com.google.common.io.ByteStreams$1                                              : loaded 2 times (x 85B)
Class org.jetbrains.org.objectweb.asm.CurrentFrame                                    : loaded 2 times (x 73B)
Class kotlin.reflect.jvm.internal.ReflectProperties$Val                               : loaded 2 times (x 74B)
Class [Lcom.google.common.cache.RemovalCause;                                         : loaded 2 times (x 69B)
Class com.google.gson.JsonObject                                                      : loaded 2 times (x 93B)
Class com.sun.xml.bind.v2.runtime.reflect.Accessor$1                                  : loaded 2 times (x 85B)
Class com.google.common.collect.MultimapBuilder$3                                     : loaded 2 times (x 84B)
Class android.databinding.internal.org.antlr.v4.runtime.atn.ATNConfigSet$AbstractConfigHashSet: loaded 2 times (x 140B)
Class android.databinding.internal.org.antlr.v4.runtime.atn.RuleStopState             : loaded 2 times (x 82B)
Class com.sun.xml.bind.IDResolver                                                     : loaded 2 times (x 75B)
Class com.sun.xml.bind.v2.runtime.output.NamespaceContextImpl$Element                 : loaded 2 times (x 72B)
Class com.sun.xml.bind.v2.model.impl.Util                                             : loaded 2 times (x 71B)
Class [Lcom.sun.xml.bind.v2.model.core.PropertyKind;                                  : loaded 2 times (x 69B)
Class [Lcom.sun.xml.bind.v2.runtime.Location;                                         : loaded 2 times (x 69B)
Class com.sun.xml.bind.api.JAXBRIContext                                              : loaded 2 times (x 89B)
Class com.sun.xml.bind.v2.runtime.property.SingleReferenceNodeProperty                : loaded 2 times (x 102B)
Class com.google.gson.internal.bind.ReflectiveTypeAdapterFactory$FieldsData           : loaded 2 times (x 72B)
Class com.google.gson.ToNumberPolicy$3                                                : loaded 2 times (x 83B)
Class kotlin.time.Duration                                                            : loaded 2 times (x 74B)
Class com.sun.xml.bind.v2.runtime.unmarshaller.StructureLoader$1                      : loaded 2 times (x 71B)
Class org.gradle.internal.installation.CurrentGradleInstallationLocator               : loaded 2 times (x 71B)
Class com.sun.xml.bind.v2.runtime.output.XmlOutputAbstractImpl                        : loaded 2 times (x 96B)
Class com.google.common.collect.Multisets$EntrySet                                    : loaded 2 times (x 136B)
Class android.databinding.parser.BindingExpressionParser$StringLiteralContext         : loaded 2 times (x 133B)
Class com.google.common.collect.MultimapBuilder$4                                     : loaded 2 times (x 84B)
Class com.android.tools.build.jetifier.core.PackageMap                                : loaded 2 times (x 72B)
Class com.google.common.collect.AbstractMultiset$EntrySet                             : loaded 2 times (x 138B)
Class org.gradle.internal.classloader.ClassLoaderHierarchy                            : loaded 2 times (x 70B)
Class com.android.tools.build.jetifier.core.proguard.ProGuardTypesMap                 : loaded 2 times (x 72B)
Class [Landroid.databinding.internal.org.antlr.v4.runtime.dfa.DFAState;               : loaded 2 times (x 69B)
Class android.databinding.parser.BindingExpressionParser$LiteralContext               : loaded 2 times (x 133B)
Class android.databinding.parser.BindingExpressionParser$MathOpContext                : loaded 2 times (x 134B)
Class com.sun.xml.bind.v2.util.XmlFactory$1                                           : loaded 2 times (x 76B)
Class android.databinding.internal.org.antlr.v4.runtime.tree.ParseTree                : loaded 2 times (x 70B)
Class org.apache.commons.io.file.SimplePathVisitor                                    : loaded 2 times (x 85B)
Class android.databinding.tool.store.GenClassInfoLog                                  : loaded 2 times (x 72B)
Class com.google.common.io.FileWriteMode                                              : loaded 2 times (x 79B)
Class [Lcom.google.common.collect.MapMakerInternalMap$Segment;                        : loaded 2 times (x 69B)
Class com.google.gson.ToNumberPolicy$4                                                : loaded 2 times (x 83B)
Class kotlin.coroutines.jvm.internal.SpillingKt                                       : loaded 2 times (x 71B)
Class com.google.common.io.ByteSource$SlicedByteSource                                : loaded 2 times (x 85B)
Class org.objectweb.asm.ClassReader                                                   : loaded 2 times (x 94B)
Class org.gradle.internal.service.DefaultServiceLocator                               : loaded 2 times (x 83B)
Class com.google.common.cache.LocalCache$ValueIterator                                : loaded 2 times (x 86B)
Class org.jetbrains.org.objectweb.asm.SymbolTable                                     : loaded 2 times (x 72B)
Class kotlin.text.LinesIterator                                                       : loaded 2 times (x 79B)
Class android.databinding.tool.LibTypes$stateFlow$2                                   : loaded 2 times (x 78B)
Class android.databinding.tool.processing.Scope                                       : loaded 2 times (x 71B)
Class android.databinding.tool.store.ResourceBundle$IncludedLayout                    : loaded 2 times (x 72B)
Class com.sun.xml.bind.v2.model.impl.ArrayInfoImpl                                    : loaded 2 times (x 98B)
Class com.sun.xml.bind.v2.model.impl.ModelBuilder$1                                   : loaded 2 times (x 76B)
Class com.android.tools.build.jetifier.core.config.Config$Companion                   : loaded 2 times (x 71B)
Class android.databinding.parser.BindingExpressionParser$ArgumentsContext             : loaded 2 times (x 132B)
Class android.databinding.parser.BindingExpressionParser$PrimaryContext               : loaded 2 times (x 136B)
Class android.databinding.internal.org.antlr.v4.runtime.atn.ATNConfigSet$ConfigHashSet: loaded 2 times (x 140B)
Class [Lcom.sun.xml.bind.v2.model.core.ID;                                            : loaded 2 times (x 69B)
Class javax.xml.bind.annotation.XmlAttribute                                          : loaded 2 times (x 70B)
Class com.sun.xml.bind.v2.runtime.property.Utils                                      : loaded 2 times (x 71B)
Class com.google.gson.internal.sql.SqlTypesSupport                                    : loaded 2 times (x 71B)
Class com.google.gson.Gson                                                            : loaded 2 times (x 72B)
Class kotlin.coroutines.jvm.internal.SuspendFunction                                  : loaded 2 times (x 70B)
Class com.google.common.cache.LocalCache$SoftValueReference                           : loaded 2 times (x 97B)
Class org.gradle.internal.installation.CurrentGradleInstallation                      : loaded 2 times (x 73B)
Class org.jetbrains.org.objectweb.asm.ModuleWriter                                    : loaded 2 times (x 82B)
Class android.databinding.parser.BindingExpressionBaseVisitor                         : loaded 2 times (x 168B)
Class kotlin.jvm.internal.MutablePropertyReference0                                   : loaded 2 times (x 137B)
Class kotlin.reflect.jvm.internal.impl.builtins.CompanionObjectMapping                : loaded 2 times (x 71B)
Class org.gradle.internal.classloader.FilteringClassLoader                            : loaded 2 times (x 105B)
Class com.android.tools.build.jetifier.core.rule.RewriteRulesMap                      : loaded 2 times (x 72B)
Class com.sun.xml.bind.v2.model.impl.TypeRefImpl                                      : loaded 2 times (x 87B)
Class com.google.gson.internal.UnsafeAllocator                                        : loaded 2 times (x 72B)
Class com.google.gson.Gson$1                                                          : loaded 2 times (x 76B)
Class android.databinding.tool.LibTypes$lifecycleOwner$2                              : loaded 2 times (x 79B)
Class kotlin.jvm.internal.Ref$BooleanRef                                              : loaded 2 times (x 71B)
Class kotlin.jvm.internal.StringCompanionObject                                       : loaded 2 times (x 71B)
Class kotlin.coroutines.intrinsics.IntrinsicsKt__IntrinsicsJvmKt                      : loaded 2 times (x 71B)
Class kotlin.coroutines.jvm.internal.CoroutineStackFrame                              : loaded 2 times (x 70B)
Class org.gradle.util.internal.GUtil                                                  : loaded 2 times (x 71B)
Class [Lorg.jetbrains.org.objectweb.asm.Label;                                        : loaded 2 times (x 69B)
Class com.google.common.io.LineReader                                                 : loaded 2 times (x 72B)
Class kotlin.coroutines.jvm.internal.CompletedContinuation                            : loaded 2 times (x 75B)
Class kotlin.sequences.DropTakeSequence                                               : loaded 2 times (x 70B)
Class kotlin.sequences.FlatteningSequence                                             : loaded 2 times (x 75B)
Class android.databinding.internal.org.antlr.v4.runtime.atn.RuleTransition            : loaded 2 times (x 77B)
Class android.databinding.internal.org.antlr.v4.runtime.atn.BlockEndState             : loaded 2 times (x 82B)
Class javax.xml.bind.UnmarshallerHandler                                              : loaded 2 times (x 70B)
Class com.sun.xml.bind.v2.runtime.XMLSerializer                                       : loaded 2 times (x 84B)
Class com.sun.xml.bind.v2.model.impl.ClassInfoImpl$DuplicateException                 : loaded 2 times (x 82B)
Class javax.xml.bind.annotation.XmlElementDecl                                        : loaded 2 times (x 70B)
Class [Ljavax.xml.bind.annotation.XmlAccessType;                                      : loaded 2 times (x 69B)
Class com.google.gson.internal.UnsafeAllocator$1                                      : loaded 2 times (x 73B)
Class com.google.gson.Gson$2                                                          : loaded 2 times (x 76B)
Class android.databinding.tool.processing.ScopedException                             : loaded 2 times (x 86B)
Class com.google.common.io.ByteSource                                                 : loaded 2 times (x 84B)
Class kotlin.reflect.jvm.internal.RuntimeTypeMapper                                   : loaded 2 times (x 71B)
Class com.google.common.collect.AbstractTable                                         : loaded 2 times (x 120B)
Class com.google.gson.internal.bind.ObjectTypeAdapter$1                               : loaded 2 times (x 76B)
Class com.google.gson.Gson$FutureTypeAdapter                                          : loaded 2 times (x 76B)
Class com.sun.xml.bind.api.RawAccessor                                                : loaded 2 times (x 73B)
Class android.databinding.internal.org.antlr.v4.runtime.ANTLRInputStream              : loaded 2 times (x 97B)
Class javax.xml.bind.annotation.DomHandler                                            : loaded 2 times (x 70B)
Class com.sun.xml.bind.v2.runtime.property.PropertyFactory                            : loaded 2 times (x 71B)
Class android.databinding.internal.org.antlr.v4.runtime.Token                         : loaded 2 times (x 70B)
Class javax.activation.DataSource                                                     : loaded 2 times (x 70B)
Class com.sun.xml.bind.v2.model.runtime.RuntimeBuiltinLeafInfo                        : loaded 2 times (x 70B)
Class android.databinding.tool.processing.scopes.ScopeProvider                        : loaded 2 times (x 70B)
Class com.google.gson.internal.UnsafeAllocator$2                                      : loaded 2 times (x 73B)
Class com.google.gson.internal.bind.ReflectiveTypeAdapterFactory$BoundField           : loaded 2 times (x 75B)
Class com.google.gson.Gson$3                                                          : loaded 2 times (x 75B)
Class kotlin.time.DurationUnitKt                                                      : loaded 2 times (x 71B)
Class kotlin.coroutines.jvm.internal.DebugProbesKt                                    : loaded 2 times (x 71B)
Class kotlin.coroutines.CoroutineContext                                              : loaded 2 times (x 70B)
Class com.sun.xml.bind.v2.model.impl.ClassInfoImpl                                    : loaded 2 times (x 137B)
Class com.google.common.io.LineBuffer                                                 : loaded 2 times (x 75B)
Class com.google.common.reflect.Types$TypeVariableImpl                                : loaded 2 times (x 72B)
Class org.objectweb.asm.Context                                                       : loaded 2 times (x 72B)
Class com.google.common.collect.MapMakerInternalMap$1                                 : loaded 2 times (x 83B)
Class org.gradle.internal.installation.GradleInstallation                             : loaded 2 times (x 75B)
Class com.google.common.collect.Maps$FilteredKeyMap                                   : loaded 2 times (x 128B)
Class com.sun.xml.bind.v2.model.impl.RuntimeBuiltinLeafInfoImpl$StringImpl            : loaded 2 times (x 134B)
Class com.sun.xml.bind.v2.model.impl.PropertySeed                                     : loaded 2 times (x 70B)
Class android.databinding.parser.BindingExpressionParser$BitShiftOpContext            : loaded 2 times (x 134B)
Class android.databinding.internal.org.antlr.v4.runtime.LexerNoViableAltException     : loaded 2 times (x 93B)
Class android.databinding.internal.org.antlr.v4.runtime.atn.SingletonPredictionContext: loaded 2 times (x 80B)
Class com.android.tools.build.jetifier.core.utils.StdOutLogConsumer                   : loaded 2 times (x 77B)
Class android.databinding.internal.org.antlr.v4.runtime.tree.TerminalNode             : loaded 2 times (x 70B)
Class [Landroid.databinding.internal.org.antlr.v4.runtime.atn.ATNConfig;              : loaded 2 times (x 69B)
Class com.google.common.collect.ForwardingMapEntry                                    : loaded 2 times (x 86B)
Class com.sun.xml.bind.v2.ClassFactory$1                                              : loaded 2 times (x 83B)
Class com.sun.xml.bind.v2.runtime.property.ArrayElementNodeProperty                   : loaded 2 times (x 105B)
Class com.sun.xml.bind.v2.model.annotation.XmlElementRefQuick                         : loaded 2 times (x 94B)
Class com.sun.xml.bind.v2.runtime.JaxBeanInfo                                         : loaded 2 times (x 89B)
Class com.google.gson.internal.UnsafeAllocator$3                                      : loaded 2 times (x 73B)
Class com.google.gson.internal.bind.DefaultDateTypeAdapter$1                          : loaded 2 times (x 75B)
Class com.google.gson.Gson$4                                                          : loaded 2 times (x 76B)
Class com.google.gson.internal.ConstructorConstructor                                 : loaded 2 times (x 72B)
Class android.databinding.tool.LibTypes$mutableLiveData$2                             : loaded 2 times (x 79B)
Class jdk.internal.jimage.decompressor.ResourceDecompressor$StringsProvider           : loaded 2 times (x 70B)
Class org.jetbrains.kotlin.com.intellij.openapi.diagnostic.DefaultLogger              : loaded 2 times (x 100B)
Class android.databinding.parser.BindingExpressionParser$ExpressionListContext        : loaded 2 times (x 133B)
Class android.databinding.internal.org.antlr.v4.runtime.dfa.DFAState$PredPrediction   : loaded 2 times (x 72B)
Class android.databinding.parser.BindingExpressionParser$RootExprContext              : loaded 2 times (x 134B)
Class com.sun.xml.bind.v2.runtime.unmarshaller.LeafPropertyLoader                     : loaded 2 times (x 78B)
Class com.sun.xml.bind.v2.model.impl.RuntimeTypeRefImpl                               : loaded 2 times (x 96B)
Class com.sun.xml.bind.v2.model.core.ReferencePropertyInfo                            : loaded 2 times (x 70B)
Class com.sun.xml.bind.v2.model.annotation.XmlTypeQuick                               : loaded 2 times (x 95B)
Class com.google.gson.internal.UnsafeAllocator$4                                      : loaded 2 times (x 72B)
Class com.google.gson.ReflectionAccessFilter$FilterResult                             : loaded 2 times (x 79B)
Class com.android.tools.build.jetifier.core.proguard.ProGuardType$Companion           : loaded 2 times (x 71B)
Class com.google.gson.Gson$5                                                          : loaded 2 times (x 76B)
Class android.databinding.tool.LibTypes$observableMap$2                               : loaded 2 times (x 79B)
Class com.google.gson.internal.bind.TypeAdapters$17                                   : loaded 2 times (x 75B)
Class com.google.common.collect.Lists$RandomAccessReverseList                         : loaded 2 times (x 200B)

---------------  S Y S T E M  ---------------

OS:
 Windows 11 , 64 bit Build 26100 (10.0.26100.7920)
OS uptime: 1 days 11:19 hours
Hyper-V role detected

CPU: total 16 (initial active 16) (16 cores per cpu, 2 threads per core) family 25 model 116 stepping 1 microcode 0xa704104, cx8, cmov, fxsr, ht, mmx, 3dnowpref, sse, sse2, sse3, ssse3, sse4a, sse4.1, sse4.2, popcnt, lzcnt, tsc, tscinvbit, avx, avx2, aes, erms, clmul, bmi1, bmi2, adx, avx512f, avx512dq, avx512cd, avx512bw, avx512vl, sha, fma, vzeroupper, avx512_vpopcntdq, avx512_vpclmulqdq, avx512_vaes, avx512_vnni, clflush, clflushopt, avx512_vbmi2, avx512_vbmi, hv, rdtscp, rdpid, fsrm, gfni, avx512_bitalg, f16c, cet_ss, avx512_ifma
Processor Information for the first 16 processors :
  Max Mhz: 3801, Current Mhz: 3801, Mhz Limit: 3801

Memory: 4k page, system-wide physical 28356M (1676M free)
TotalPageFile size 53956M (AvailPageFile size 0M)
current process WorkingSet (physical memory assigned to process): 2740M, peak: 5001M
current process commit charge ("private bytes"): 3038M, peak: 5290M

vm_info: OpenJDK 64-Bit Server VM (21.0.9+-14787801-b1163.94) for windows-amd64 JRE (21.0.9+-14787801-b1163.94), built on 2026-01-27T21:15:44Z by "builder" with MS VC++ 16.10 / 16.11 (VS2019)

END.
