#
# There is insufficient memory for the Java Runtime Environment to continue.
# Native memory allocation (malloc) failed to allocate 2095120 bytes. Error detail: Chunk::new
# Possible reasons:
#   The system is out of physical RAM or swap space
#   This process is running with CompressedOops enabled, and the Java Heap may be blocking the growth of the native heap
# Possible solutions:
#   Reduce memory load on the system
#   Increase physical memory or swap space
#   Check if swap backing store is full
#   Decrease Java heap size (-Xmx/-Xms)
#   Decrease number of Java threads
#   Decrease Java thread stack sizes (-Xss)
#   Set larger code cache with -XX:ReservedCodeCacheSize=
#   JVM is running with Zero Based Compressed Oops mode in which the Java heap is
#     placed in the first 32GB address space. The Java Heap base address is the
#     maximum limit for the native heap growth. Please use -XX:HeapBaseMinAddress
#     to set the Java Heap base and to place the Java Heap above 32GB virtual address.
# This output file may be truncated or incomplete.
#
#  Out of Memory Error (arena.cpp:168), pid=3224, tid=45188
#
# JRE version: OpenJDK Runtime Environment (21.0.9) (build 21.0.9+-14787801-b1163.94)
# Java VM: OpenJDK 64-Bit Server VM (21.0.9+-14787801-b1163.94, mixed mode, tiered, compressed oops, compressed class ptrs, g1 gc, windows-amd64)
# No core dump will be written. Minidumps are not enabled by default on client versions of Windows
#

---------------  S U M M A R Y ------------

Command Line: --add-opens=java.base/java.lang=ALL-UNNAMED --add-opens=java.base/java.lang.invoke=ALL-UNNAMED --add-opens=java.base/java.util=ALL-UNNAMED --add-opens=java.prefs/java.util.prefs=ALL-UNNAMED --add-exports=jdk.compiler/com.sun.tools.javac.api=ALL-UNNAMED --add-exports=jdk.compiler/com.sun.tools.javac.util=ALL-UNNAMED --add-opens=java.base/java.util=ALL-UNNAMED --add-opens=java.prefs/java.util.prefs=ALL-UNNAMED --add-opens=java.base/java.nio.charset=ALL-UNNAMED --add-opens=java.base/java.net=ALL-UNNAMED --add-opens=java.base/java.util.concurrent=ALL-UNNAMED --add-opens=java.base/java.util.concurrent.atomic=ALL-UNNAMED --add-opens=java.xml/javax.xml.namespace=ALL-UNNAMED --add-opens=java.base/java.time=ALL-UNNAMED -Xmx4g -Dfile.encoding=UTF-8 -Duser.country=CN -Duser.language=zh -Duser.variant -javaagent:F:\.gradle\wrapper\dists\gradle-9.4.0-bin\lcvyxq3t37f6mx9miaydrrgs\gradle-9.4.0\lib\agents\gradle-instrumentation-agent-9.4.0.jar org.gradle.launcher.daemon.bootstrap.GradleDaemon 9.4.0

Host: Intel(R) Core(TM) i5-10400F CPU @ 2.90GHz, 12 cores, 31G,  Windows 11 , 64 bit Build 26100 (10.0.26100.7920)
Time: Tue Mar 31 18:59:08 2026 elapsed time: 12017.283285 seconds (0d 3h 20m 17s)

---------------  T H R E A D  ---------------

Current thread (0x00000222dcab3ff0):  JavaThread "C2 CompilerThread0" daemon [_thread_in_native, id=45188, stack(0x0000003f8ba00000,0x0000003f8bb00000) (1024K)]


Current CompileTask:
C2:12017283 557919       4       ksp.org.jetbrains.kotlin.fir.java.FirJavaFacadeKt::convertJavaConstructorToFir (988 bytes)

Stack: [0x0000003f8ba00000,0x0000003f8bb00000]
Native frames: (J=compiled Java code, j=interpreted, Vv=VM code, C=native code)
V  [jvm.dll+0x6d6c99]
V  [jvm.dll+0x866b83]
V  [jvm.dll+0x8691ae]
V  [jvm.dll+0x869893]
V  [jvm.dll+0x280776]
V  [jvm.dll+0xc07cd]
V  [jvm.dll+0xc0d03]
V  [jvm.dll+0x3b986b]
V  [jvm.dll+0x3856a7]
V  [jvm.dll+0x384b1a]
V  [jvm.dll+0x249462]
V  [jvm.dll+0x248a31]
V  [jvm.dll+0x1c7344]
V  [jvm.dll+0x2581ae]
V  [jvm.dll+0x2566f6]
V  [jvm.dll+0x3f48a6]
V  [jvm.dll+0x80f118]
V  [jvm.dll+0x6d54ed]
C  [ucrtbase.dll+0x37b0]
C  [KERNEL32.DLL+0x2e8d7]
C  [ntdll.dll+0x8c48c]


---------------  P R O C E S S  ---------------

Threads class SMR info:
_java_thread_list=0x00000222e7a3a730, length=109, elements={
0x00000222c0277f10, 0x00000222dca25fa0, 0x00000222dca27bf0, 0x00000222dca7de90,
0x00000222dca9c200, 0x00000222dca9cc60, 0x00000222dcaa6240, 0x00000222dca836c0,
0x00000222dcab3ff0, 0x00000222dcab46a0, 0x00000222dca83d50, 0x00000222dca843e0,
0x00000222dca84a70, 0x00000222dca815f0, 0x00000222e3a55d30, 0x00000222e3a563c0,
0x00000222e3a56a50, 0x00000222e3a57770, 0x00000222e3a5a560, 0x00000222e3a58490,
0x00000222e11ff8b0, 0x00000222e12033c0, 0x00000222e1202d30, 0x00000222e12061b0,
0x00000222e1206840, 0x00000222e1206ed0, 0x00000222e8fe91d0, 0x00000222e8fe9860,
0x00000222e8feb2a0, 0x00000222e873baa0, 0x00000222e873d4e0, 0x00000222e8cf95d0,
0x00000222e8cf8f40, 0x00000222f83ce410, 0x00000222f83cd060, 0x00000222f995c0f0,
0x00000222f995ce10, 0x00000222e2758450, 0x00000222fe942520, 0x00000222f87d2960,
0x00000222f995ad40, 0x00000222ef5bec00, 0x00000222fbd76c00, 0x00000222fbd77290,
0x00000222fc48cf90, 0x00000222fc48c900, 0x00000222fbd77920, 0x00000222840eb3b0,
0x00000222fe92c920, 0x00000222e79d96d0, 0x00000222fe1a14e0, 0x00000222fe92e9f0,
0x00000222fbd78640, 0x00000222fddddd40, 0x00000222f995a6b0, 0x00000222f995b3d0,
0x00000222fd8bc470, 0x00000222fe93c2b0, 0x00000222ff0ca7f0, 0x00000222fe92dcd0,
0x00000222f9959990, 0x00000222f995c780, 0x00000222fe1a1b70, 0x00000222fe93c940,
0x00000222fe93ea10, 0x00000222fe1a0e50, 0x00000222fb758270, 0x00000222eedb2340,
0x00000222fe19e6f0, 0x00000222fe1a2200, 0x00000222fe19ed80, 0x00000222840ead20,
0x00000222fe92e360, 0x00000222fe92f080, 0x00000222fe92f710, 0x00000222fe92cfb0,
0x00000222fe930ac0, 0x00000222fe92d640, 0x00000222fe932500, 0x00000222fe933220,
0x00000222fe9317e0, 0x00000222fe931150, 0x00000222fe933f40, 0x00000222fe9345d0,
0x00000222fe934c60, 0x00000222fe932b90, 0x00000222fe9352f0, 0x00000222fe9338b0,
0x00000222840ea000, 0x00000222840ec0d0, 0x00000222840ec760, 0x00000222fea6f900,
0x00000222fea70620, 0x000002228431c5f0, 0x00000222f995ba60, 0x00000222fa219740,
0x00000222fa217d00, 0x00000222fa218390, 0x00000222fa21a460, 0x00000222fa217670,
0x00000222fa216fe0, 0x00000222fa218a20, 0x00000222fa2190b0, 0x00000222f858aae0,
0x00000222f858a450, 0x00000222fb758900, 0x00000222fdd14560, 0x00000222fc329c00,
0x00000222efefebf0
}

Java Threads: ( => current thread )
  0x00000222c0277f10 JavaThread "main"                              [_thread_blocked, id=988, stack(0x0000003f8ab00000,0x0000003f8ac00000) (1024K)]
  0x00000222dca25fa0 JavaThread "Common-Cleaner"             daemon [_thread_blocked, id=32616, stack(0x0000003f8b300000,0x0000003f8b400000) (1024K)]
  0x00000222dca27bf0 JavaThread "Reference Handler"          daemon [_thread_blocked, id=18048, stack(0x0000003f8b400000,0x0000003f8b500000) (1024K)]
  0x00000222dca7de90 JavaThread "Finalizer"                  daemon [_thread_blocked, id=45632, stack(0x0000003f8b500000,0x0000003f8b600000) (1024K)]
  0x00000222dca9c200 JavaThread "Signal Dispatcher"          daemon [_thread_blocked, id=46340, stack(0x0000003f8b600000,0x0000003f8b700000) (1024K)]
  0x00000222dca9cc60 JavaThread "Attach Listener"            daemon [_thread_blocked, id=18544, stack(0x0000003f8b700000,0x0000003f8b800000) (1024K)]
  0x00000222dcaa6240 JavaThread "Service Thread"             daemon [_thread_blocked, id=47316, stack(0x0000003f8b800000,0x0000003f8b900000) (1024K)]
  0x00000222dca836c0 JavaThread "Monitor Deflation Thread"   daemon [_thread_blocked, id=23876, stack(0x0000003f8b900000,0x0000003f8ba00000) (1024K)]
=>0x00000222dcab3ff0 JavaThread "C2 CompilerThread0"         daemon [_thread_in_native, id=45188, stack(0x0000003f8ba00000,0x0000003f8bb00000) (1024K)]
  0x00000222dcab46a0 JavaThread "C1 CompilerThread0"         daemon [_thread_blocked, id=35632, stack(0x0000003f8bb00000,0x0000003f8bc00000) (1024K)]
  0x00000222dca83d50 JavaThread "Notification Thread"        daemon [_thread_blocked, id=25384, stack(0x0000003f8bc00000,0x0000003f8bd00000) (1024K)]
  0x00000222dca843e0 JavaThread "Daemon health stats"               [_thread_blocked, id=15784, stack(0x0000003f8c700000,0x0000003f8c800000) (1024K)]
  0x00000222dca84a70 JavaThread "Incoming local TCP Connector on port 1726"        [_thread_in_native, id=48456, stack(0x0000003f8c800000,0x0000003f8c900000) (1024K)]
  0x00000222dca815f0 JavaThread "Daemon periodic checks"            [_thread_blocked, id=39076, stack(0x0000003f8c900000,0x0000003f8ca00000) (1024K)]
  0x00000222e3a55d30 JavaThread "Cache worker for journal cache (F:\.gradle\caches\journal-1)"        [_thread_blocked, id=27756, stack(0x0000003f8d300000,0x0000003f8d400000) (1024K)]
  0x00000222e3a563c0 JavaThread "File lock request listener"        [_thread_in_native, id=19732, stack(0x0000003f8d400000,0x0000003f8d500000) (1024K)]
  0x00000222e3a56a50 JavaThread "Cache worker for file hash cache (F:\.gradle\caches\9.4.0\fileHashes)"        [_thread_blocked, id=46368, stack(0x0000003f8d500000,0x0000003f8d600000) (1024K)]
  0x00000222e3a57770 JavaThread "File watcher server"        daemon [_thread_in_native, id=42312, stack(0x0000003f8d900000,0x0000003f8da00000) (1024K)]
  0x00000222e3a5a560 JavaThread "File watcher consumer"      daemon [_thread_blocked, id=23092, stack(0x0000003f8da00000,0x0000003f8db00000) (1024K)]
  0x00000222e3a58490 JavaThread "Cache worker for file content cache (F:\.gradle\caches\9.4.0\fileContent)"        [_thread_blocked, id=6668, stack(0x0000003f8db00000,0x0000003f8dc00000) (1024K)]
  0x00000222e11ff8b0 JavaThread "jar transforms"                    [_thread_blocked, id=19628, stack(0x0000003f8de00000,0x0000003f8df00000) (1024K)]
  0x00000222e12033c0 JavaThread "jar transforms Thread 2"           [_thread_blocked, id=22880, stack(0x0000003f8df00000,0x0000003f8e000000) (1024K)]
  0x00000222e1202d30 JavaThread "jar transforms Thread 3"           [_thread_blocked, id=40444, stack(0x0000003f8e100000,0x0000003f8e200000) (1024K)]
  0x00000222e12061b0 JavaThread "jar transforms Thread 4"           [_thread_blocked, id=44924, stack(0x0000003f8ec00000,0x0000003f8ed00000) (1024K)]
  0x00000222e1206840 JavaThread "jar transforms Thread 5"           [_thread_blocked, id=45168, stack(0x0000003f8ed00000,0x0000003f8ee00000) (1024K)]
  0x00000222e1206ed0 JavaThread "jar transforms Thread 6"           [_thread_blocked, id=13180, stack(0x0000003f8ee00000,0x0000003f8ef00000) (1024K)]
  0x00000222e8fe91d0 JavaThread "jar transforms Thread 7"           [_thread_blocked, id=6200, stack(0x0000003f8ef00000,0x0000003f8f000000) (1024K)]
  0x00000222e8fe9860 JavaThread "jar transforms Thread 8"           [_thread_blocked, id=19720, stack(0x0000003f8f000000,0x0000003f8f100000) (1024K)]
  0x00000222e8feb2a0 JavaThread "Memory manager"                    [_thread_blocked, id=31244, stack(0x0000003f8f400000,0x0000003f8f500000) (1024K)]
  0x00000222e873baa0 JavaThread "jar transforms Thread 9"           [_thread_blocked, id=37840, stack(0x0000003f8f900000,0x0000003f8fa00000) (1024K)]
  0x00000222e873d4e0 JavaThread "jar transforms Thread 10"          [_thread_blocked, id=47928, stack(0x0000003f8fa00000,0x0000003f8fb00000) (1024K)]
  0x00000222e8cf95d0 JavaThread "Periodic tasks thread"      daemon [_thread_blocked, id=40552, stack(0x0000003f91b00000,0x0000003f91c00000) (1024K)]
  0x00000222e8cf8f40 JavaThread "ApplicationImpl pooled thread 1" daemon [_thread_blocked, id=46496, stack(0x0000003f91c00000,0x0000003f91d00000) (1024K)]
  0x00000222f83ce410 JavaThread "Java2D Disposer"            daemon [_thread_blocked, id=30224, stack(0x0000003f92000000,0x0000003f92100000) (1024K)]
  0x00000222f83cd060 JavaThread "AWT-Windows"                daemon [_thread_in_native, id=32752, stack(0x0000003f92200000,0x0000003f92300000) (1024K)]
  0x00000222f995c0f0 JavaThread "RMI Scheduler(0)"           daemon [_thread_blocked, id=45896, stack(0x0000003f91e00000,0x0000003f91f00000) (1024K)]
  0x00000222f995ce10 JavaThread "RMI TCP Accept-0"           daemon [_thread_in_native, id=48864, stack(0x0000003f92600000,0x0000003f92700000) (1024K)]
  0x00000222e2758450 JavaThread "Cache worker for Java compile cache (F:\.gradle\caches\9.4.0\javaCompile)"        [_thread_blocked, id=15572, stack(0x0000003f92400000,0x0000003f92500000) (1024K)]
  0x00000222fe942520 JavaThread "RMI GC Daemon"              daemon [_thread_blocked, id=24016, stack(0x0000003f91600000,0x0000003f91700000) (1024K)]
  0x00000222f87d2960 JavaThread "RMI Reaper"                        [_thread_blocked, id=49260, stack(0x0000003f91700000,0x0000003f91800000) (1024K)]
  0x00000222f995ad40 JavaThread "Daemon Thread 7"                   [_thread_blocked, id=45584, stack(0x0000003f8a800000,0x0000003f8a900000) (1024K)]
  0x00000222ef5bec00 JavaThread "Daemon worker Thread 7"            [_thread_blocked, id=41668, stack(0x0000003f8bd00000,0x0000003f8be00000) (1024K)]
  0x00000222fbd76c00 JavaThread "ForkJoinPool-2-worker-1"    daemon [_thread_blocked, id=49432, stack(0x0000003f8d000000,0x0000003f8d100000) (1024K)]
  0x00000222fbd77290 JavaThread "ForkJoinPool-2-worker-2"    daemon [_thread_blocked, id=49012, stack(0x0000003f92900000,0x0000003f92a00000) (1024K)]
  0x00000222fc48cf90 JavaThread "ForkJoinPool-2-worker-3"    daemon [_thread_blocked, id=48672, stack(0x0000003f92a00000,0x0000003f92b00000) (1024K)]
  0x00000222fc48c900 JavaThread "ForkJoinPool-2-worker-4"    daemon [_thread_blocked, id=44460, stack(0x0000003f92b00000,0x0000003f92c00000) (1024K)]
  0x00000222fbd77920 JavaThread "ForkJoinPool-2-worker-5"    daemon [_thread_blocked, id=9264, stack(0x0000003f92c00000,0x0000003f92d00000) (1024K)]
  0x00000222840eb3b0 JavaThread "ForkJoinPool-2-worker-6"    daemon [_thread_blocked, id=49188, stack(0x0000003f92d00000,0x0000003f92e00000) (1024K)]
  0x00000222fe92c920 JavaThread "ForkJoinPool-2-worker-7"    daemon [_thread_blocked, id=48700, stack(0x0000003f92e00000,0x0000003f92f00000) (1024K)]
  0x00000222e79d96d0 JavaThread "ForkJoinPool-2-worker-8"    daemon [_thread_blocked, id=44532, stack(0x0000003f92f00000,0x0000003f93000000) (1024K)]
  0x00000222fe1a14e0 JavaThread "ForkJoinPool-2-worker-9"    daemon [_thread_blocked, id=31432, stack(0x0000003f93000000,0x0000003f93100000) (1024K)]
  0x00000222fe92e9f0 JavaThread "ForkJoinPool-2-worker-10"   daemon [_thread_blocked, id=47448, stack(0x0000003f93100000,0x0000003f93200000) (1024K)]
  0x00000222fbd78640 JavaThread "ForkJoinPool-2-worker-11"   daemon [_thread_blocked, id=49512, stack(0x0000003f93200000,0x0000003f93300000) (1024K)]
  0x00000222fddddd40 JavaThread "ForkJoinPool-2-worker-12"   daemon [_thread_blocked, id=6996, stack(0x0000003f93300000,0x0000003f93400000) (1024K)]
  0x00000222f995a6b0 JavaThread "ForkJoinPool.commonPool-worker-146" daemon [_thread_blocked, id=35652, stack(0x0000003f93500000,0x0000003f93600000) (1024K)]
  0x00000222f995b3d0 JavaThread "ForkJoinPool.commonPool-worker-147" daemon [_thread_blocked, id=41044, stack(0x0000003f93600000,0x0000003f93700000) (1024K)]
  0x00000222fd8bc470 JavaThread "ForkJoinPool.commonPool-worker-148" daemon [_thread_blocked, id=33404, stack(0x0000003f93700000,0x0000003f93800000) (1024K)]
  0x00000222fe93c2b0 JavaThread "ForkJoinPool.commonPool-worker-149" daemon [_thread_blocked, id=2808, stack(0x0000003f93800000,0x0000003f93900000) (1024K)]
  0x00000222ff0ca7f0 JavaThread "ForkJoinPool.commonPool-worker-150" daemon [_thread_blocked, id=13432, stack(0x0000003f93900000,0x0000003f93a00000) (1024K)]
  0x00000222fe92dcd0 JavaThread "ForkJoinPool.commonPool-worker-151" daemon [_thread_blocked, id=12116, stack(0x0000003f93a00000,0x0000003f93b00000) (1024K)]
  0x00000222f9959990 JavaThread "ForkJoinPool.commonPool-worker-152" daemon [_thread_blocked, id=37320, stack(0x0000003f93b00000,0x0000003f93c00000) (1024K)]
  0x00000222f995c780 JavaThread "ForkJoinPool.commonPool-worker-153" daemon [_thread_blocked, id=50020, stack(0x0000003f93c00000,0x0000003f93d00000) (1024K)]
  0x00000222fe1a1b70 JavaThread "ForkJoinPool.commonPool-worker-154" daemon [_thread_blocked, id=48560, stack(0x0000003f93d00000,0x0000003f93e00000) (1024K)]
  0x00000222fe93c940 JavaThread "ForkJoinPool.commonPool-worker-155" daemon [_thread_blocked, id=32100, stack(0x0000003f93e00000,0x0000003f93f00000) (1024K)]
  0x00000222fe93ea10 JavaThread "ForkJoinPool.commonPool-worker-156" daemon [_thread_blocked, id=45988, stack(0x0000003f93f00000,0x0000003f94000000) (1024K)]
  0x00000222fe1a0e50 JavaThread "VFS cleanup Thread 7"              [_thread_blocked, id=42192, stack(0x0000003f8cb00000,0x0000003f8cc00000) (1024K)]
  0x00000222fb758270 JavaThread "Handler for socket connection from /127.0.0.1:1726 to /127.0.0.1:4322"        [_thread_in_native, id=39448, stack(0x0000003f8a900000,0x0000003f8aa00000) (1024K)]
  0x00000222eedb2340 JavaThread "Cancel handler"                    [_thread_blocked, id=30992, stack(0x0000003f8aa00000,0x0000003f8ab00000) (1024K)]
  0x00000222fe19e6f0 JavaThread "Asynchronous log dispatcher for DefaultDaemonConnection: socket connection from /127.0.0.1:1726 to /127.0.0.1:4322"        [_thread_blocked, id=7368, stack(0x0000003f8ca00000,0x0000003f8cb00000) (1024K)]
  0x00000222fe1a2200 JavaThread "Stdin handler"                     [_thread_blocked, id=28036, stack(0x0000003f8ce00000,0x0000003f8cf00000) (1024K)]
  0x00000222fe19ed80 JavaThread "Daemon client event forwarder"        [_thread_blocked, id=19616, stack(0x0000003f8cf00000,0x0000003f8d000000) (1024K)]
  0x00000222840ead20 JavaThread "Cache worker for file hash cache (F:\my\downloader\Neo-Launcher-main\Neo-Launcher-main\.gradle\9.4.0\fileHashes)"        [_thread_blocked, id=29228, stack(0x0000003f8d600000,0x0000003f8d700000) (1024K)]
  0x00000222fe92e360 JavaThread "Cache worker for Build Output Cleanup Cache (F:\my\downloader\Neo-Launcher-main\Neo-Launcher-main\.gradle\buildOutputCleanup)"        [_thread_blocked, id=7980, stack(0x0000003f8d700000,0x0000003f8d800000) (1024K)]
  0x00000222fe92f080 JavaThread "Cache worker for checksums cache (F:\my\downloader\Neo-Launcher-main\Neo-Launcher-main\.gradle\9.4.0\checksums)"        [_thread_blocked, id=17676, stack(0x0000003f8d800000,0x0000003f8d900000) (1024K)]
  0x00000222fe92f710 JavaThread "Cache worker for cache directory md-supplier (F:\.gradle\caches\9.4.0\md-supplier)"        [_thread_blocked, id=48576, stack(0x0000003f8dc00000,0x0000003f8dd00000) (1024K)]
  0x00000222fe92cfb0 JavaThread "Cache worker for cache directory md-rule (F:\.gradle\caches\9.4.0\md-rule)"        [_thread_blocked, id=46472, stack(0x0000003f8dd00000,0x0000003f8de00000) (1024K)]
  0x00000222fe930ac0 JavaThread "Build operations"                  [_thread_blocked, id=45488, stack(0x0000003f8e000000,0x0000003f8e100000) (1024K)]
  0x00000222fe92d640 JavaThread "Build operations Thread 2"         [_thread_blocked, id=49820, stack(0x0000003f8e200000,0x0000003f8e300000) (1024K)]
  0x00000222fe932500 JavaThread "Build operations Thread 3"         [_thread_blocked, id=50128, stack(0x0000003f8e300000,0x0000003f8e400000) (1024K)]
  0x00000222fe933220 JavaThread "Build operations Thread 4"         [_thread_blocked, id=17808, stack(0x0000003f8e400000,0x0000003f8e500000) (1024K)]
  0x00000222fe9317e0 JavaThread "Build operations Thread 5"         [_thread_blocked, id=50132, stack(0x0000003f8e500000,0x0000003f8e600000) (1024K)]
  0x00000222fe931150 JavaThread "Build operations Thread 6"         [_thread_blocked, id=49488, stack(0x0000003f8e600000,0x0000003f8e700000) (1024K)]
  0x00000222fe933f40 JavaThread "Build operations Thread 7"         [_thread_blocked, id=9284, stack(0x0000003f8e700000,0x0000003f8e800000) (1024K)]
  0x00000222fe9345d0 JavaThread "Build operations Thread 8"         [_thread_blocked, id=47600, stack(0x0000003f8e800000,0x0000003f8e900000) (1024K)]
  0x00000222fe934c60 JavaThread "Build operations Thread 9"         [_thread_blocked, id=43800, stack(0x0000003f8e900000,0x0000003f8ea00000) (1024K)]
  0x00000222fe932b90 JavaThread "Build operations Thread 10"        [_thread_blocked, id=48176, stack(0x0000003f8ea00000,0x0000003f8eb00000) (1024K)]
  0x00000222fe9352f0 JavaThread "Build operations Thread 11"        [_thread_blocked, id=50156, stack(0x0000003f8eb00000,0x0000003f8ec00000) (1024K)]
  0x00000222fe9338b0 JavaThread "Build operations Thread 12"        [_thread_blocked, id=18360, stack(0x0000003f8f100000,0x0000003f8f200000) (1024K)]
  0x00000222840ea000 JavaThread "build event listener"              [_thread_blocked, id=13116, stack(0x0000003f8f200000,0x0000003f8f300000) (1024K)]
  0x00000222840ec0d0 JavaThread "build event listener"              [_thread_blocked, id=42184, stack(0x0000003f8f500000,0x0000003f8f600000) (1024K)]
  0x00000222840ec760 JavaThread "build event listener"              [_thread_blocked, id=49796, stack(0x0000003f8f600000,0x0000003f8f700000) (1024K)]
  0x00000222fea6f900 JavaThread "Exec process Thread 13"            [_thread_blocked, id=49580, stack(0x0000003f8f700000,0x0000003f8f800000) (1024K)]
  0x00000222fea70620 JavaThread "Problems report writer"            [_thread_blocked, id=15512, stack(0x0000003f8f800000,0x0000003f8f900000) (1024K)]
  0x000002228431c5f0 JavaThread "included builds"                   [_thread_blocked, id=48756, stack(0x0000003f8fb00000,0x0000003f8fc00000) (1024K)]
  0x00000222f995ba60 JavaThread "Execution worker"                  [_thread_blocked, id=45784, stack(0x0000003f8fc00000,0x0000003f8fd00000) (1024K)]
  0x00000222fa219740 JavaThread "Execution worker Thread 2"         [_thread_blocked, id=48944, stack(0x0000003f8fd00000,0x0000003f8fe00000) (1024K)]
  0x00000222fa217d00 JavaThread "Execution worker Thread 3"         [_thread_blocked, id=47984, stack(0x0000003f8fe00000,0x0000003f8ff00000) (1024K)]
  0x00000222fa218390 JavaThread "Execution worker Thread 4"         [_thread_blocked, id=18744, stack(0x0000003f8ff00000,0x0000003f90000000) (1024K)]
  0x00000222fa21a460 JavaThread "Execution worker Thread 5"         [_thread_blocked, id=26332, stack(0x0000003f90000000,0x0000003f90100000) (1024K)]
  0x00000222fa217670 JavaThread "Execution worker Thread 6"         [_thread_blocked, id=11560, stack(0x0000003f90100000,0x0000003f90200000) (1024K)]
  0x00000222fa216fe0 JavaThread "Execution worker Thread 7"         [_thread_blocked, id=12132, stack(0x0000003f90200000,0x0000003f90300000) (1024K)]
  0x00000222fa218a20 JavaThread "Execution worker Thread 8"         [_thread_blocked, id=16220, stack(0x0000003f90300000,0x0000003f90400000) (1024K)]
  0x00000222fa2190b0 JavaThread "Execution worker Thread 9"         [_thread_blocked, id=33280, stack(0x0000003f90400000,0x0000003f90500000) (1024K)]
  0x00000222f858aae0 JavaThread "Execution worker Thread 10"        [_thread_blocked, id=1816, stack(0x0000003f90500000,0x0000003f90600000) (1024K)]
  0x00000222f858a450 JavaThread "Execution worker Thread 11"        [_thread_blocked, id=16652, stack(0x0000003f90600000,0x0000003f90700000) (1024K)]
  0x00000222fb758900 JavaThread "Cache worker for execution history cache (F:\my\downloader\Neo-Launcher-main\Neo-Launcher-main\.gradle\9.4.0\executionHistory)"        [_thread_blocked, id=47032, stack(0x0000003f90700000,0x0000003f90800000) (1024K)]
  0x00000222fdd14560 JavaThread "C2 CompilerThread1"         daemon [_thread_in_native, id=33328, stack(0x0000003f8d100000,0x0000003f8d200000) (1024K)]
  0x00000222fc329c00 JavaThread "C2 CompilerThread2"         daemon [_thread_in_native, id=48320, stack(0x0000003f8d200000,0x0000003f8d300000) (1024K)]
  0x00000222efefebf0 JavaThread "WorkerExecutor Queue"              [_thread_in_native, id=7904, stack(0x0000003f90900000,0x0000003f90a00000) (1024K)]
Total: 109

Other Threads:
  0x00000222dc92ec20 VMThread "VM Thread"                           [id=47364, stack(0x0000003f8b200000,0x0000003f8b300000) (1024K)]
  0x00000222dc8c7770 WatcherThread "VM Periodic Task Thread"        [id=10108, stack(0x0000003f8b100000,0x0000003f8b200000) (1024K)]
  0x00000222c26356f0 WorkerThread "GC Thread#0"                     [id=3996, stack(0x0000003f8ac00000,0x0000003f8ad00000) (1024K)]
  0x00000222e1d8e780 WorkerThread "GC Thread#1"                     [id=17584, stack(0x0000003f8be00000,0x0000003f8bf00000) (1024K)]
  0x00000222e1ea0f60 WorkerThread "GC Thread#2"                     [id=40204, stack(0x0000003f8bf00000,0x0000003f8c000000) (1024K)]
  0x00000222e1ea1300 WorkerThread "GC Thread#3"                     [id=34672, stack(0x0000003f8c000000,0x0000003f8c100000) (1024K)]
  0x00000222e1ea16a0 WorkerThread "GC Thread#4"                     [id=35352, stack(0x0000003f8c100000,0x0000003f8c200000) (1024K)]
  0x00000222e1ea3de0 WorkerThread "GC Thread#5"                     [id=28096, stack(0x0000003f8c200000,0x0000003f8c300000) (1024K)]
  0x00000222e1ea4180 WorkerThread "GC Thread#6"                     [id=8216, stack(0x0000003f8c300000,0x0000003f8c400000) (1024K)]
  0x00000222e1ea48f0 WorkerThread "GC Thread#7"                     [id=48100, stack(0x0000003f8c400000,0x0000003f8c500000) (1024K)]
  0x00000222e1ea4c90 WorkerThread "GC Thread#8"                     [id=15556, stack(0x0000003f8c500000,0x0000003f8c600000) (1024K)]
  0x00000222e1d7ede0 WorkerThread "GC Thread#9"                     [id=21160, stack(0x0000003f8c600000,0x0000003f8c700000) (1024K)]
  0x00000222c2648520 ConcurrentGCThread "G1 Main Marker"            [id=44776, stack(0x0000003f8ad00000,0x0000003f8ae00000) (1024K)]
  0x00000222c2649020 WorkerThread "G1 Conc#0"                       [id=31652, stack(0x0000003f8ae00000,0x0000003f8af00000) (1024K)]
  0x00000222e3be3a20 WorkerThread "G1 Conc#1"                       [id=39504, stack(0x0000003f8cc00000,0x0000003f8cd00000) (1024K)]
  0x00000222e3be3dc0 WorkerThread "G1 Conc#2"                       [id=5748, stack(0x0000003f8cd00000,0x0000003f8ce00000) (1024K)]
  0x00000222dc81ab60 ConcurrentGCThread "G1 Refine#0"               [id=34196, stack(0x0000003f8af00000,0x0000003f8b000000) (1024K)]
  0x00000222faf90130 ConcurrentGCThread "G1 Refine#1"               [id=7512, stack(0x0000003f8f300000,0x0000003f8f400000) (1024K)]
  0x00000222dc81b6d0 ConcurrentGCThread "G1 Service"                [id=7424, stack(0x0000003f8b000000,0x0000003f8b100000) (1024K)]
Total: 19

Threads with active compile tasks:
C2 CompilerThread0  12018295 557919       4       ksp.org.jetbrains.kotlin.fir.java.FirJavaFacadeKt::convertJavaConstructorToFir (988 bytes)
C2 CompilerThread1  12018295 558143       4       ksp.com.intellij.psi.impl.source.PsiJavaFileBaseImpl::findExplicitDeclarations (327 bytes)
C2 CompilerThread2  12018295 558155       4       ksp.org.jetbrains.kotlin.load.java.structure.impl.JavaClassImpl::getMethods (173 bytes)
Total: 3

VM state: not at safepoint (normal execution)

VM Mutex/Monitor currently owned by a thread: None

Heap address: 0x0000000700000000, size: 4096 MB, Compressed Oops mode: Zero based, Oop shift amount: 3

CDS archive(s) not mapped
Compressed class space mapped at: 0x0000000800000000-0x0000000840000000, reserved size: 1073741824
Narrow klass base: 0x0000000800000000, Narrow klass shift: 0, Narrow klass range: 0x40000000

GC Precious Log:
 CardTable entry size: 512
 Card Set container configuration: InlinePtr #cards 4 size 8 Array Of Cards #cards 16 size 48 Howl #buckets 8 coarsen threshold 3686 Howl Bitmap #cards 512 size 80 coarsen threshold 460 Card regions per heap region 1 cards per card region 4096
 CPUs: 12 total, 12 available
 Memory: 32683M
 Large Page Support: Disabled
 NUMA Support: Disabled
 Compressed Oops: Enabled (Zero based)
 Heap Region Size: 2M
 Heap Min Capacity: 8M
 Heap Initial Capacity: 512M
 Heap Max Capacity: 4G
 Pre-touch: Disabled
 Parallel Workers: 10
 Concurrent Workers: 3
 Concurrent Refinement Workers: 10
 Periodic GC: Disabled

Heap:
 garbage-first heap   total 4194304K, used 3196095K [0x0000000700000000, 0x0000000800000000)
  region size 2048K, 525 young (1075200K), 65 survivors (133120K)
 Metaspace       used 322290K, committed 326592K, reserved 1376256K
  class space    used 39675K, committed 42240K, reserved 1048576K

Heap Regions: E=young(eden), S=young(survivor), O=old, HS=humongous(starts), HC=humongous(continues), CS=collection set, F=free, TAMS=top-at-mark-start, PB=parsable bottom
|   0|0x0000000700000000, 0x0000000700200000, 0x0000000700200000|100%|HS|  |TAMS 0x0000000700000000| PB 0x0000000700000000| Complete 
|   1|0x0000000700200000, 0x0000000700400000, 0x0000000700400000|100%|HC|  |TAMS 0x0000000700200000| PB 0x0000000700200000| Complete 
|   2|0x0000000700400000, 0x0000000700600000, 0x0000000700600000|100%| O|  |TAMS 0x0000000700400000| PB 0x0000000700400000| Untracked 
|   3|0x0000000700600000, 0x0000000700800000, 0x0000000700800000|100%| O|  |TAMS 0x0000000700600000| PB 0x0000000700600000| Untracked 
|   4|0x0000000700800000, 0x00000007009ffff0, 0x0000000700a00000| 99%| O|  |TAMS 0x0000000700800000| PB 0x0000000700800000| Untracked 
|   5|0x0000000700a00000, 0x0000000700bffff8, 0x0000000700c00000| 99%| O|  |TAMS 0x0000000700a00000| PB 0x0000000700a00000| Untracked 
|   6|0x0000000700c00000, 0x0000000700dffff0, 0x0000000700e00000| 99%| O|  |TAMS 0x0000000700c00000| PB 0x0000000700c00000| Untracked 
|   7|0x0000000700e00000, 0x0000000701000000, 0x0000000701000000|100%| O|  |TAMS 0x0000000700e00000| PB 0x0000000700e00000| Untracked 
|   8|0x0000000701000000, 0x0000000701200000, 0x0000000701200000|100%| O|  |TAMS 0x0000000701000000| PB 0x0000000701000000| Untracked 
|   9|0x0000000701200000, 0x00000007013ffff8, 0x0000000701400000| 99%| O|  |TAMS 0x0000000701200000| PB 0x0000000701200000| Untracked 
|  10|0x0000000701400000, 0x00000007015ffff8, 0x0000000701600000| 99%| O|  |TAMS 0x0000000701400000| PB 0x0000000701400000| Untracked 
|  11|0x0000000701600000, 0x0000000701800000, 0x0000000701800000|100%|HS|  |TAMS 0x0000000701600000| PB 0x0000000701600000| Complete 
|  12|0x0000000701800000, 0x0000000701a00000, 0x0000000701a00000|100%|HS|  |TAMS 0x0000000701800000| PB 0x0000000701800000| Complete 
|  13|0x0000000701a00000, 0x0000000701c00000, 0x0000000701c00000|100%| O|  |TAMS 0x0000000701a00000| PB 0x0000000701a00000| Untracked 
|  14|0x0000000701c00000, 0x0000000701e00000, 0x0000000701e00000|100%| O|  |TAMS 0x0000000701c00000| PB 0x0000000701c00000| Untracked 
|  15|0x0000000701e00000, 0x0000000701fff848, 0x0000000702000000| 99%| O|  |TAMS 0x0000000701e00000| PB 0x0000000701e00000| Untracked 
|  16|0x0000000702000000, 0x00000007021fffd8, 0x0000000702200000| 99%| O|  |TAMS 0x0000000702000000| PB 0x0000000702000000| Untracked 
|  17|0x0000000702200000, 0x0000000702400000, 0x0000000702400000|100%| O|  |TAMS 0x0000000702200000| PB 0x0000000702200000| Untracked 
|  18|0x0000000702400000, 0x00000007025ffff0, 0x0000000702600000| 99%| O|  |TAMS 0x0000000702400000| PB 0x0000000702400000| Untracked 
|  19|0x0000000702600000, 0x0000000702800000, 0x0000000702800000|100%| O|  |TAMS 0x0000000702600000| PB 0x0000000702600000| Untracked 
|  20|0x0000000702800000, 0x0000000702a00000, 0x0000000702a00000|100%|HS|  |TAMS 0x0000000702800000| PB 0x0000000702800000| Complete 
|  21|0x0000000702a00000, 0x0000000702c00000, 0x0000000702c00000|100%|HS|  |TAMS 0x0000000702a00000| PB 0x0000000702a00000| Complete 
|  22|0x0000000702c00000, 0x0000000702e00000, 0x0000000702e00000|100%| O|  |TAMS 0x0000000702c00000| PB 0x0000000702c00000| Untracked 
|  23|0x0000000702e00000, 0x0000000703000000, 0x0000000703000000|100%| O|  |TAMS 0x0000000702e00000| PB 0x0000000702e00000| Untracked 
|  24|0x0000000703000000, 0x00000007031ffff0, 0x0000000703200000| 99%| O|  |TAMS 0x0000000703000000| PB 0x0000000703000000| Untracked 
|  25|0x0000000703200000, 0x00000007033ffff8, 0x0000000703400000| 99%| O|  |TAMS 0x0000000703200000| PB 0x0000000703200000| Untracked 
|  26|0x0000000703400000, 0x0000000703600000, 0x0000000703600000|100%| O|  |TAMS 0x0000000703400000| PB 0x0000000703400000| Untracked 
|  27|0x0000000703600000, 0x00000007037fffb0, 0x0000000703800000| 99%| O|  |TAMS 0x0000000703600000| PB 0x0000000703600000| Untracked 
|  28|0x0000000703800000, 0x0000000703a00000, 0x0000000703a00000|100%| O|  |TAMS 0x0000000703800000| PB 0x0000000703800000| Untracked 
|  29|0x0000000703a00000, 0x0000000703c00000, 0x0000000703c00000|100%| O|  |TAMS 0x0000000703a00000| PB 0x0000000703a00000| Untracked 
|  30|0x0000000703c00000, 0x0000000703e00000, 0x0000000703e00000|100%| O|  |TAMS 0x0000000703c00000| PB 0x0000000703c00000| Untracked 
|  31|0x0000000703e00000, 0x0000000703ffffc0, 0x0000000704000000| 99%| O|  |TAMS 0x0000000703e00000| PB 0x0000000703e00000| Untracked 
|  32|0x0000000704000000, 0x00000007041fffb8, 0x0000000704200000| 99%| O|  |TAMS 0x0000000704000000| PB 0x0000000704000000| Untracked 
|  33|0x0000000704200000, 0x00000007043fff58, 0x0000000704400000| 99%| O|  |TAMS 0x0000000704200000| PB 0x0000000704200000| Untracked 
|  34|0x0000000704400000, 0x0000000704600000, 0x0000000704600000|100%| O|  |TAMS 0x0000000704400000| PB 0x0000000704400000| Untracked 
|  35|0x0000000704600000, 0x0000000704800000, 0x0000000704800000|100%| O|  |TAMS 0x0000000704600000| PB 0x0000000704600000| Untracked 
|  36|0x0000000704800000, 0x00000007049ffff8, 0x0000000704a00000| 99%| O|  |TAMS 0x0000000704800000| PB 0x0000000704800000| Untracked 
|  37|0x0000000704a00000, 0x0000000704bfffe0, 0x0000000704c00000| 99%| O|  |TAMS 0x0000000704a00000| PB 0x0000000704a00000| Untracked 
|  38|0x0000000704c00000, 0x0000000704dffff8, 0x0000000704e00000| 99%| O|  |TAMS 0x0000000704c00000| PB 0x0000000704c00000| Untracked 
|  39|0x0000000704e00000, 0x0000000704fffff0, 0x0000000705000000| 99%| O|  |TAMS 0x0000000704e00000| PB 0x0000000704e00000| Untracked 
|  40|0x0000000705000000, 0x00000007051ffff8, 0x0000000705200000| 99%| O|  |TAMS 0x0000000705000000| PB 0x0000000705000000| Untracked 
|  41|0x0000000705200000, 0x0000000705400000, 0x0000000705400000|100%| O|  |TAMS 0x0000000705200000| PB 0x0000000705200000| Untracked 
|  42|0x0000000705400000, 0x0000000705600000, 0x0000000705600000|100%| O|Cm|TAMS 0x0000000705400000| PB 0x0000000705400000| Complete 
|  43|0x0000000705600000, 0x0000000705800000, 0x0000000705800000|100%| O|  |TAMS 0x0000000705600000| PB 0x0000000705600000| Untracked 
|  44|0x0000000705800000, 0x0000000705a00000, 0x0000000705a00000|100%| O|  |TAMS 0x0000000705800000| PB 0x0000000705800000| Untracked 
|  45|0x0000000705a00000, 0x0000000705c00000, 0x0000000705c00000|100%| O|  |TAMS 0x0000000705a00000| PB 0x0000000705a00000| Untracked 
|  46|0x0000000705c00000, 0x0000000705e00000, 0x0000000705e00000|100%| O|  |TAMS 0x0000000705c00000| PB 0x0000000705c00000| Untracked 
|  47|0x0000000705e00000, 0x0000000706000000, 0x0000000706000000|100%| O|  |TAMS 0x0000000705e00000| PB 0x0000000705e00000| Untracked 
|  48|0x0000000706000000, 0x0000000706200000, 0x0000000706200000|100%| O|  |TAMS 0x0000000706000000| PB 0x0000000706000000| Untracked 
|  49|0x0000000706200000, 0x00000007063ffff8, 0x0000000706400000| 99%| O|  |TAMS 0x0000000706200000| PB 0x0000000706200000| Untracked 
|  50|0x0000000706400000, 0x0000000706600000, 0x0000000706600000|100%| O|  |TAMS 0x0000000706400000| PB 0x0000000706400000| Untracked 
|  51|0x0000000706600000, 0x0000000706800000, 0x0000000706800000|100%| O|  |TAMS 0x0000000706600000| PB 0x0000000706600000| Untracked 
|  52|0x0000000706800000, 0x0000000706a00000, 0x0000000706a00000|100%| O|  |TAMS 0x0000000706800000| PB 0x0000000706800000| Untracked 
|  53|0x0000000706a00000, 0x0000000706c00000, 0x0000000706c00000|100%| O|  |TAMS 0x0000000706a00000| PB 0x0000000706a00000| Untracked 
|  54|0x0000000706c00000, 0x0000000706e00000, 0x0000000706e00000|100%| O|  |TAMS 0x0000000706c00000| PB 0x0000000706c00000| Untracked 
|  55|0x0000000706e00000, 0x0000000707000000, 0x0000000707000000|100%| O|  |TAMS 0x0000000706e00000| PB 0x0000000706e00000| Untracked 
|  56|0x0000000707000000, 0x0000000707200000, 0x0000000707200000|100%| O|  |TAMS 0x0000000707000000| PB 0x0000000707000000| Untracked 
|  57|0x0000000707200000, 0x0000000707400000, 0x0000000707400000|100%| O|Cm|TAMS 0x0000000707200000| PB 0x0000000707200000| Complete 
|  58|0x0000000707400000, 0x0000000707600000, 0x0000000707600000|100%| O|  |TAMS 0x0000000707400000| PB 0x0000000707400000| Untracked 
|  59|0x0000000707600000, 0x0000000707800000, 0x0000000707800000|100%| O|  |TAMS 0x0000000707600000| PB 0x0000000707600000| Untracked 
|  60|0x0000000707800000, 0x0000000707a00000, 0x0000000707a00000|100%| O|  |TAMS 0x0000000707800000| PB 0x0000000707800000| Untracked 
|  61|0x0000000707a00000, 0x0000000707c00000, 0x0000000707c00000|100%| O|  |TAMS 0x0000000707a00000| PB 0x0000000707a00000| Untracked 
|  62|0x0000000707c00000, 0x0000000707e00000, 0x0000000707e00000|100%| O|  |TAMS 0x0000000707c00000| PB 0x0000000707c00000| Untracked 
|  63|0x0000000707e00000, 0x0000000708000000, 0x0000000708000000|100%|HS|  |TAMS 0x0000000707e00000| PB 0x0000000707e00000| Complete 
|  64|0x0000000708000000, 0x0000000708200000, 0x0000000708200000|100%|HC|  |TAMS 0x0000000708000000| PB 0x0000000708000000| Complete 
|  65|0x0000000708200000, 0x0000000708400000, 0x0000000708400000|100%| O|  |TAMS 0x0000000708200000| PB 0x0000000708200000| Untracked 
|  66|0x0000000708400000, 0x0000000708600000, 0x0000000708600000|100%| O|  |TAMS 0x0000000708400000| PB 0x0000000708400000| Untracked 
|  67|0x0000000708600000, 0x0000000708800000, 0x0000000708800000|100%| O|  |TAMS 0x0000000708600000| PB 0x0000000708600000| Untracked 
|  68|0x0000000708800000, 0x0000000708a00000, 0x0000000708a00000|100%| O|  |TAMS 0x0000000708800000| PB 0x0000000708800000| Untracked 
|  69|0x0000000708a00000, 0x0000000708c00000, 0x0000000708c00000|100%| O|  |TAMS 0x0000000708a00000| PB 0x0000000708a00000| Untracked 
|  70|0x0000000708c00000, 0x0000000708e00000, 0x0000000708e00000|100%| O|  |TAMS 0x0000000708c00000| PB 0x0000000708c00000| Untracked 
|  71|0x0000000708e00000, 0x0000000709000000, 0x0000000709000000|100%| O|  |TAMS 0x0000000708e00000| PB 0x0000000708e00000| Untracked 
|  72|0x0000000709000000, 0x0000000709200000, 0x0000000709200000|100%| O|  |TAMS 0x0000000709000000| PB 0x0000000709000000| Untracked 
|  73|0x0000000709200000, 0x0000000709400000, 0x0000000709400000|100%| O|  |TAMS 0x0000000709200000| PB 0x0000000709200000| Untracked 
|  74|0x0000000709400000, 0x0000000709600000, 0x0000000709600000|100%| O|  |TAMS 0x0000000709400000| PB 0x0000000709400000| Untracked 
|  75|0x0000000709600000, 0x0000000709800000, 0x0000000709800000|100%| O|  |TAMS 0x0000000709600000| PB 0x0000000709600000| Untracked 
|  76|0x0000000709800000, 0x0000000709a00000, 0x0000000709a00000|100%| O|  |TAMS 0x0000000709800000| PB 0x0000000709800000| Untracked 
|  77|0x0000000709a00000, 0x0000000709c00000, 0x0000000709c00000|100%| O|  |TAMS 0x0000000709a00000| PB 0x0000000709a00000| Untracked 
|  78|0x0000000709c00000, 0x0000000709dfffe0, 0x0000000709e00000| 99%| O|  |TAMS 0x0000000709c00000| PB 0x0000000709c00000| Untracked 
|  79|0x0000000709e00000, 0x000000070a000000, 0x000000070a000000|100%| O|  |TAMS 0x0000000709e00000| PB 0x0000000709e00000| Untracked 
|  80|0x000000070a000000, 0x000000070a200000, 0x000000070a200000|100%| O|  |TAMS 0x000000070a000000| PB 0x000000070a000000| Untracked 
|  81|0x000000070a200000, 0x000000070a3fff58, 0x000000070a400000| 99%| O|  |TAMS 0x000000070a200000| PB 0x000000070a200000| Untracked 
|  82|0x000000070a400000, 0x000000070a600000, 0x000000070a600000|100%| O|  |TAMS 0x000000070a400000| PB 0x000000070a400000| Untracked 
|  83|0x000000070a600000, 0x000000070a800000, 0x000000070a800000|100%| O|  |TAMS 0x000000070a600000| PB 0x000000070a600000| Untracked 
|  84|0x000000070a800000, 0x000000070aa00000, 0x000000070aa00000|100%| O|  |TAMS 0x000000070a800000| PB 0x000000070a800000| Untracked 
|  85|0x000000070aa00000, 0x000000070abfffe0, 0x000000070ac00000| 99%| O|  |TAMS 0x000000070aa00000| PB 0x000000070aa00000| Untracked 
|  86|0x000000070ac00000, 0x000000070adffee8, 0x000000070ae00000| 99%| O|  |TAMS 0x000000070ac00000| PB 0x000000070ac00000| Untracked 
|  87|0x000000070ae00000, 0x000000070b000000, 0x000000070b000000|100%| O|  |TAMS 0x000000070ae00000| PB 0x000000070ae00000| Untracked 
|  88|0x000000070b000000, 0x000000070b200000, 0x000000070b200000|100%| O|  |TAMS 0x000000070b000000| PB 0x000000070b000000| Untracked 
|  89|0x000000070b200000, 0x000000070b3ffff8, 0x000000070b400000| 99%| O|  |TAMS 0x000000070b200000| PB 0x000000070b200000| Untracked 
|  90|0x000000070b400000, 0x000000070b600000, 0x000000070b600000|100%| O|Cm|TAMS 0x000000070b400000| PB 0x000000070b400000| Complete 
|  91|0x000000070b600000, 0x000000070b7edc60, 0x000000070b800000| 96%| O|  |TAMS 0x000000070b600000| PB 0x000000070b600000| Untracked 
|  92|0x000000070b800000, 0x000000070b9ffff8, 0x000000070ba00000| 99%| O|  |TAMS 0x000000070b800000| PB 0x000000070b800000| Untracked 
|  93|0x000000070ba00000, 0x000000070bc00000, 0x000000070bc00000|100%| O|Cm|TAMS 0x000000070ba00000| PB 0x000000070ba00000| Complete 
|  94|0x000000070bc00000, 0x000000070bdff218, 0x000000070be00000| 99%| O|  |TAMS 0x000000070bc00000| PB 0x000000070bc00000| Untracked 
|  95|0x000000070be00000, 0x000000070bffffd8, 0x000000070c000000| 99%| O|  |TAMS 0x000000070be00000| PB 0x000000070be00000| Untracked 
|  96|0x000000070c000000, 0x000000070c1ffff0, 0x000000070c200000| 99%| O|  |TAMS 0x000000070c000000| PB 0x000000070c000000| Untracked 
|  97|0x000000070c200000, 0x000000070c400000, 0x000000070c400000|100%| O|Cm|TAMS 0x000000070c200000| PB 0x000000070c200000| Complete 
|  98|0x000000070c400000, 0x000000070c600000, 0x000000070c600000|100%| O|  |TAMS 0x000000070c400000| PB 0x000000070c400000| Untracked 
|  99|0x000000070c600000, 0x000000070c800000, 0x000000070c800000|100%| O|  |TAMS 0x000000070c600000| PB 0x000000070c600000| Untracked 
| 100|0x000000070c800000, 0x000000070ca00000, 0x000000070ca00000|100%| O|Cm|TAMS 0x000000070c800000| PB 0x000000070c800000| Complete 
| 101|0x000000070ca00000, 0x000000070cc00000, 0x000000070cc00000|100%| O|  |TAMS 0x000000070ca00000| PB 0x000000070ca00000| Untracked 
| 102|0x000000070cc00000, 0x000000070ce00000, 0x000000070ce00000|100%| O|  |TAMS 0x000000070cc00000| PB 0x000000070cc00000| Untracked 
| 103|0x000000070ce00000, 0x000000070d000000, 0x000000070d000000|100%| O|  |TAMS 0x000000070ce00000| PB 0x000000070ce00000| Untracked 
| 104|0x000000070d000000, 0x000000070d200000, 0x000000070d200000|100%| O|Cm|TAMS 0x000000070d000000| PB 0x000000070d000000| Complete 
| 105|0x000000070d200000, 0x000000070d400000, 0x000000070d400000|100%| O|  |TAMS 0x000000070d200000| PB 0x000000070d200000| Untracked 
| 106|0x000000070d400000, 0x000000070d600000, 0x000000070d600000|100%| O|  |TAMS 0x000000070d400000| PB 0x000000070d400000| Untracked 
| 107|0x000000070d600000, 0x000000070d800000, 0x000000070d800000|100%| O|  |TAMS 0x000000070d600000| PB 0x000000070d600000| Untracked 
| 108|0x000000070d800000, 0x000000070d9ffff8, 0x000000070da00000| 99%| O|  |TAMS 0x000000070d800000| PB 0x000000070d800000| Untracked 
| 109|0x000000070da00000, 0x000000070dc00000, 0x000000070dc00000|100%| O|  |TAMS 0x000000070da00000| PB 0x000000070da00000| Untracked 
| 110|0x000000070dc00000, 0x000000070ddfffc8, 0x000000070de00000| 99%| O|  |TAMS 0x000000070dc00000| PB 0x000000070dc00000| Untracked 
| 111|0x000000070de00000, 0x000000070e000000, 0x000000070e000000|100%| O|  |TAMS 0x000000070de00000| PB 0x000000070de00000| Untracked 
| 112|0x000000070e000000, 0x000000070e200000, 0x000000070e200000|100%| O|  |TAMS 0x000000070e000000| PB 0x000000070e000000| Untracked 
| 113|0x000000070e200000, 0x000000070e3fffa0, 0x000000070e400000| 99%| O|  |TAMS 0x000000070e200000| PB 0x000000070e200000| Untracked 
| 114|0x000000070e400000, 0x000000070e600000, 0x000000070e600000|100%| O|  |TAMS 0x000000070e400000| PB 0x000000070e400000| Untracked 
| 115|0x000000070e600000, 0x000000070e800000, 0x000000070e800000|100%| O|  |TAMS 0x000000070e600000| PB 0x000000070e600000| Untracked 
| 116|0x000000070e800000, 0x000000070ea00000, 0x000000070ea00000|100%| O|  |TAMS 0x000000070e800000| PB 0x000000070e800000| Untracked 
| 117|0x000000070ea00000, 0x000000070ec00000, 0x000000070ec00000|100%| O|  |TAMS 0x000000070ea00000| PB 0x000000070ea00000| Untracked 
| 118|0x000000070ec00000, 0x000000070ee00000, 0x000000070ee00000|100%| O|  |TAMS 0x000000070ec00000| PB 0x000000070ec00000| Untracked 
| 119|0x000000070ee00000, 0x000000070f000000, 0x000000070f000000|100%| O|  |TAMS 0x000000070ee00000| PB 0x000000070ee00000| Untracked 
| 120|0x000000070f000000, 0x000000070f200000, 0x000000070f200000|100%| O|  |TAMS 0x000000070f000000| PB 0x000000070f000000| Untracked 
| 121|0x000000070f200000, 0x000000070f400000, 0x000000070f400000|100%| O|  |TAMS 0x000000070f200000| PB 0x000000070f200000| Untracked 
| 122|0x000000070f400000, 0x000000070f5fffd8, 0x000000070f600000| 99%| O|  |TAMS 0x000000070f400000| PB 0x000000070f400000| Untracked 
| 123|0x000000070f600000, 0x000000070f800000, 0x000000070f800000|100%| O|  |TAMS 0x000000070f600000| PB 0x000000070f600000| Untracked 
| 124|0x000000070f800000, 0x000000070f9ffff0, 0x000000070fa00000| 99%| O|  |TAMS 0x000000070f800000| PB 0x000000070f800000| Untracked 
| 125|0x000000070fa00000, 0x000000070fc00000, 0x000000070fc00000|100%| O|  |TAMS 0x000000070fa00000| PB 0x000000070fa00000| Untracked 
| 126|0x000000070fc00000, 0x000000070fe00000, 0x000000070fe00000|100%| O|  |TAMS 0x000000070fc00000| PB 0x000000070fc00000| Untracked 
| 127|0x000000070fe00000, 0x0000000710000000, 0x0000000710000000|100%| O|  |TAMS 0x000000070fe00000| PB 0x000000070fe00000| Untracked 
| 128|0x0000000710000000, 0x00000007101fffe8, 0x0000000710200000| 99%| O|  |TAMS 0x0000000710000000| PB 0x0000000710000000| Untracked 
| 129|0x0000000710200000, 0x00000007103ffff8, 0x0000000710400000| 99%| O|  |TAMS 0x0000000710200000| PB 0x0000000710200000| Untracked 
| 130|0x0000000710400000, 0x00000007105ffff0, 0x0000000710600000| 99%| O|  |TAMS 0x0000000710400000| PB 0x0000000710400000| Untracked 
| 131|0x0000000710600000, 0x00000007107ffff8, 0x0000000710800000| 99%| O|  |TAMS 0x0000000710600000| PB 0x0000000710600000| Untracked 
| 132|0x0000000710800000, 0x0000000710a00000, 0x0000000710a00000|100%| O|  |TAMS 0x0000000710800000| PB 0x0000000710800000| Untracked 
| 133|0x0000000710a00000, 0x0000000710bfffe8, 0x0000000710c00000| 99%| O|  |TAMS 0x0000000710a00000| PB 0x0000000710a00000| Untracked 
| 134|0x0000000710c00000, 0x0000000710e00000, 0x0000000710e00000|100%| O|Cm|TAMS 0x0000000710c00000| PB 0x0000000710c00000| Complete 
| 135|0x0000000710e00000, 0x0000000711000000, 0x0000000711000000|100%| O|  |TAMS 0x0000000710e00000| PB 0x0000000710e00000| Untracked 
| 136|0x0000000711000000, 0x0000000711200000, 0x0000000711200000|100%| O|  |TAMS 0x0000000711000000| PB 0x0000000711000000| Untracked 
| 137|0x0000000711200000, 0x0000000711400000, 0x0000000711400000|100%| O|  |TAMS 0x0000000711200000| PB 0x0000000711200000| Untracked 
| 138|0x0000000711400000, 0x00000007115ffff8, 0x0000000711600000| 99%| O|  |TAMS 0x0000000711400000| PB 0x0000000711400000| Untracked 
| 139|0x0000000711600000, 0x00000007117ffff0, 0x0000000711800000| 99%| O|  |TAMS 0x0000000711600000| PB 0x0000000711600000| Untracked 
| 140|0x0000000711800000, 0x0000000711a00000, 0x0000000711a00000|100%| O|  |TAMS 0x0000000711800000| PB 0x0000000711800000| Untracked 
| 141|0x0000000711a00000, 0x0000000711c00000, 0x0000000711c00000|100%| O|  |TAMS 0x0000000711a00000| PB 0x0000000711a00000| Untracked 
| 142|0x0000000711c00000, 0x0000000711e00000, 0x0000000711e00000|100%| O|  |TAMS 0x0000000711c00000| PB 0x0000000711c00000| Untracked 
| 143|0x0000000711e00000, 0x0000000711fffff0, 0x0000000712000000| 99%| O|  |TAMS 0x0000000711e00000| PB 0x0000000711e00000| Untracked 
| 144|0x0000000712000000, 0x00000007121ffff0, 0x0000000712200000| 99%| O|  |TAMS 0x0000000712000000| PB 0x0000000712000000| Untracked 
| 145|0x0000000712200000, 0x00000007123fffd8, 0x0000000712400000| 99%| O|  |TAMS 0x0000000712200000| PB 0x0000000712200000| Untracked 
| 146|0x0000000712400000, 0x00000007125fffe8, 0x0000000712600000| 99%| O|  |TAMS 0x0000000712400000| PB 0x0000000712400000| Untracked 
| 147|0x0000000712600000, 0x00000007127fffc8, 0x0000000712800000| 99%| O|  |TAMS 0x0000000712600000| PB 0x0000000712600000| Untracked 
| 148|0x0000000712800000, 0x00000007129fffe8, 0x0000000712a00000| 99%| O|  |TAMS 0x0000000712800000| PB 0x0000000712800000| Untracked 
| 149|0x0000000712a00000, 0x0000000712c00000, 0x0000000712c00000|100%| O|Cm|TAMS 0x0000000712a00000| PB 0x0000000712a00000| Complete 
| 150|0x0000000712c00000, 0x0000000712dfffc0, 0x0000000712e00000| 99%| O|  |TAMS 0x0000000712c00000| PB 0x0000000712c00000| Untracked 
| 151|0x0000000712e00000, 0x0000000713000000, 0x0000000713000000|100%|HS|  |TAMS 0x0000000712e00000| PB 0x0000000712e00000| Complete 
| 152|0x0000000713000000, 0x0000000713200000, 0x0000000713200000|100%|HC|  |TAMS 0x0000000713000000| PB 0x0000000713000000| Complete 
| 153|0x0000000713200000, 0x0000000713400000, 0x0000000713400000|100%|HC|  |TAMS 0x0000000713200000| PB 0x0000000713200000| Complete 
| 154|0x0000000713400000, 0x0000000713600000, 0x0000000713600000|100%| O|  |TAMS 0x0000000713400000| PB 0x0000000713400000| Untracked 
| 155|0x0000000713600000, 0x0000000713800000, 0x0000000713800000|100%| O|  |TAMS 0x0000000713600000| PB 0x0000000713600000| Untracked 
| 156|0x0000000713800000, 0x0000000713a00000, 0x0000000713a00000|100%| O|  |TAMS 0x0000000713800000| PB 0x0000000713800000| Untracked 
| 157|0x0000000713a00000, 0x0000000713c00000, 0x0000000713c00000|100%| O|  |TAMS 0x0000000713a00000| PB 0x0000000713a00000| Untracked 
| 158|0x0000000713c00000, 0x0000000713dffff0, 0x0000000713e00000| 99%| O|  |TAMS 0x0000000713c00000| PB 0x0000000713c00000| Untracked 
| 159|0x0000000713e00000, 0x0000000713ffcfd8, 0x0000000714000000| 99%| O|  |TAMS 0x0000000713e00000| PB 0x0000000713e00000| Untracked 
| 160|0x0000000714000000, 0x00000007141fffe8, 0x0000000714200000| 99%| O|  |TAMS 0x0000000714000000| PB 0x0000000714000000| Untracked 
| 161|0x0000000714200000, 0x00000007143ffff0, 0x0000000714400000| 99%| O|  |TAMS 0x0000000714200000| PB 0x0000000714200000| Untracked 
| 162|0x0000000714400000, 0x00000007145ffff8, 0x0000000714600000| 99%| O|  |TAMS 0x0000000714400000| PB 0x0000000714400000| Untracked 
| 163|0x0000000714600000, 0x0000000714800000, 0x0000000714800000|100%| O|  |TAMS 0x0000000714600000| PB 0x0000000714600000| Untracked 
| 164|0x0000000714800000, 0x00000007149fffe0, 0x0000000714a00000| 99%| O|  |TAMS 0x0000000714800000| PB 0x0000000714800000| Untracked 
| 165|0x0000000714a00000, 0x0000000714bffff8, 0x0000000714c00000| 99%| O|  |TAMS 0x0000000714a00000| PB 0x0000000714a00000| Untracked 
| 166|0x0000000714c00000, 0x0000000714e00000, 0x0000000714e00000|100%| O|  |TAMS 0x0000000714c00000| PB 0x0000000714c00000| Untracked 
| 167|0x0000000714e00000, 0x0000000714fffff0, 0x0000000715000000| 99%| O|  |TAMS 0x0000000714e00000| PB 0x0000000714e00000| Untracked 
| 168|0x0000000715000000, 0x0000000715200000, 0x0000000715200000|100%| O|  |TAMS 0x0000000715000000| PB 0x0000000715000000| Untracked 
| 169|0x0000000715200000, 0x00000007153fffe8, 0x0000000715400000| 99%| O|  |TAMS 0x0000000715200000| PB 0x0000000715200000| Untracked 
| 170|0x0000000715400000, 0x0000000715600000, 0x0000000715600000|100%| O|  |TAMS 0x0000000715400000| PB 0x0000000715400000| Untracked 
| 171|0x0000000715600000, 0x00000007157ffff0, 0x0000000715800000| 99%| O|  |TAMS 0x0000000715600000| PB 0x0000000715600000| Untracked 
| 172|0x0000000715800000, 0x00000007159fffe8, 0x0000000715a00000| 99%| O|  |TAMS 0x0000000715800000| PB 0x0000000715800000| Untracked 
| 173|0x0000000715a00000, 0x0000000715c00000, 0x0000000715c00000|100%| O|  |TAMS 0x0000000715a00000| PB 0x0000000715a00000| Untracked 
| 174|0x0000000715c00000, 0x0000000715e00000, 0x0000000715e00000|100%| O|  |TAMS 0x0000000715c00000| PB 0x0000000715c00000| Untracked 
| 175|0x0000000715e00000, 0x0000000715fa6500, 0x0000000716000000| 82%| O|  |TAMS 0x0000000715e00000| PB 0x0000000715e00000| Untracked 
| 176|0x0000000716000000, 0x00000007161ed198, 0x0000000716200000| 96%| O|  |TAMS 0x0000000716000000| PB 0x0000000716000000| Untracked 
| 177|0x0000000716200000, 0x0000000716400000, 0x0000000716400000|100%| O|  |TAMS 0x0000000716200000| PB 0x0000000716200000| Untracked 
| 178|0x0000000716400000, 0x0000000716600000, 0x0000000716600000|100%| O|  |TAMS 0x0000000716400000| PB 0x0000000716400000| Untracked 
| 179|0x0000000716600000, 0x0000000716800000, 0x0000000716800000|100%| O|  |TAMS 0x0000000716600000| PB 0x0000000716600000| Untracked 
| 180|0x0000000716800000, 0x0000000716a00000, 0x0000000716a00000|100%| O|  |TAMS 0x0000000716800000| PB 0x0000000716800000| Untracked 
| 181|0x0000000716a00000, 0x0000000716bb37d0, 0x0000000716c00000| 85%| O|  |TAMS 0x0000000716a00000| PB 0x0000000716a00000| Untracked 
| 182|0x0000000716c00000, 0x0000000716e00000, 0x0000000716e00000|100%| O|  |TAMS 0x0000000716c00000| PB 0x0000000716c00000| Untracked 
| 183|0x0000000716e00000, 0x0000000716ffffe0, 0x0000000717000000| 99%| O|  |TAMS 0x0000000716e00000| PB 0x0000000716e00000| Untracked 
| 184|0x0000000717000000, 0x0000000717200000, 0x0000000717200000|100%| O|  |TAMS 0x0000000717000000| PB 0x0000000717000000| Untracked 
| 185|0x0000000717200000, 0x00000007173fffc0, 0x0000000717400000| 99%| O|  |TAMS 0x0000000717200000| PB 0x0000000717200000| Untracked 
| 186|0x0000000717400000, 0x0000000717600000, 0x0000000717600000|100%| O|  |TAMS 0x0000000717400000| PB 0x0000000717400000| Untracked 
| 187|0x0000000717600000, 0x00000007177fffe8, 0x0000000717800000| 99%| O|  |TAMS 0x0000000717600000| PB 0x0000000717600000| Untracked 
| 188|0x0000000717800000, 0x0000000717a00000, 0x0000000717a00000|100%| O|  |TAMS 0x0000000717800000| PB 0x0000000717800000| Untracked 
| 189|0x0000000717a00000, 0x0000000717c00000, 0x0000000717c00000|100%| O|  |TAMS 0x0000000717a00000| PB 0x0000000717a00000| Untracked 
| 190|0x0000000717c00000, 0x0000000717e00000, 0x0000000717e00000|100%| O|  |TAMS 0x0000000717c00000| PB 0x0000000717c00000| Untracked 
| 191|0x0000000717e00000, 0x0000000718000000, 0x0000000718000000|100%| O|  |TAMS 0x0000000717e00000| PB 0x0000000717e00000| Untracked 
| 192|0x0000000718000000, 0x0000000718200000, 0x0000000718200000|100%| O|  |TAMS 0x0000000718000000| PB 0x0000000718000000| Untracked 
| 193|0x0000000718200000, 0x0000000718400000, 0x0000000718400000|100%| O|  |TAMS 0x0000000718200000| PB 0x0000000718200000| Untracked 
| 194|0x0000000718400000, 0x0000000718600000, 0x0000000718600000|100%| O|  |TAMS 0x0000000718400000| PB 0x0000000718400000| Untracked 
| 195|0x0000000718600000, 0x00000007187fffe8, 0x0000000718800000| 99%| O|  |TAMS 0x0000000718600000| PB 0x0000000718600000| Untracked 
| 196|0x0000000718800000, 0x0000000718a00000, 0x0000000718a00000|100%| O|  |TAMS 0x0000000718800000| PB 0x0000000718800000| Untracked 
| 197|0x0000000718a00000, 0x0000000718c00000, 0x0000000718c00000|100%| O|  |TAMS 0x0000000718a00000| PB 0x0000000718a00000| Untracked 
| 198|0x0000000718c00000, 0x0000000718e00000, 0x0000000718e00000|100%| O|  |TAMS 0x0000000718c00000| PB 0x0000000718c00000| Untracked 
| 199|0x0000000718e00000, 0x0000000719000000, 0x0000000719000000|100%| O|  |TAMS 0x0000000718e00000| PB 0x0000000718e00000| Untracked 
| 200|0x0000000719000000, 0x0000000719200000, 0x0000000719200000|100%| O|  |TAMS 0x0000000719000000| PB 0x0000000719000000| Untracked 
| 201|0x0000000719200000, 0x0000000719400000, 0x0000000719400000|100%| O|  |TAMS 0x0000000719200000| PB 0x0000000719200000| Untracked 
| 202|0x0000000719400000, 0x0000000719600000, 0x0000000719600000|100%| O|  |TAMS 0x0000000719400000| PB 0x0000000719400000| Untracked 
| 203|0x0000000719600000, 0x0000000719800000, 0x0000000719800000|100%| O|  |TAMS 0x0000000719600000| PB 0x0000000719600000| Untracked 
| 204|0x0000000719800000, 0x0000000719a00000, 0x0000000719a00000|100%| O|  |TAMS 0x0000000719800000| PB 0x0000000719800000| Untracked 
| 205|0x0000000719a00000, 0x0000000719c00000, 0x0000000719c00000|100%| O|  |TAMS 0x0000000719a00000| PB 0x0000000719a00000| Untracked 
| 206|0x0000000719c00000, 0x0000000719e00000, 0x0000000719e00000|100%| O|  |TAMS 0x0000000719c00000| PB 0x0000000719c00000| Untracked 
| 207|0x0000000719e00000, 0x000000071a000000, 0x000000071a000000|100%| O|  |TAMS 0x0000000719e00000| PB 0x0000000719e00000| Untracked 
| 208|0x000000071a000000, 0x000000071a200000, 0x000000071a200000|100%| O|Cm|TAMS 0x000000071a000000| PB 0x000000071a000000| Complete 
| 209|0x000000071a200000, 0x000000071a400000, 0x000000071a400000|100%| O|  |TAMS 0x000000071a200000| PB 0x000000071a200000| Untracked 
| 210|0x000000071a400000, 0x000000071a600000, 0x000000071a600000|100%| O|  |TAMS 0x000000071a400000| PB 0x000000071a400000| Untracked 
| 211|0x000000071a600000, 0x000000071a800000, 0x000000071a800000|100%| O|  |TAMS 0x000000071a600000| PB 0x000000071a600000| Untracked 
| 212|0x000000071a800000, 0x000000071aa00000, 0x000000071aa00000|100%| O|  |TAMS 0x000000071a800000| PB 0x000000071a800000| Untracked 
| 213|0x000000071aa00000, 0x000000071ac00000, 0x000000071ac00000|100%| O|  |TAMS 0x000000071aa00000| PB 0x000000071aa00000| Untracked 
| 214|0x000000071ac00000, 0x000000071ae00000, 0x000000071ae00000|100%| O|  |TAMS 0x000000071ac00000| PB 0x000000071ac00000| Untracked 
| 215|0x000000071ae00000, 0x000000071b000000, 0x000000071b000000|100%| O|  |TAMS 0x000000071ae00000| PB 0x000000071ae00000| Untracked 
| 216|0x000000071b000000, 0x000000071b200000, 0x000000071b200000|100%| O|  |TAMS 0x000000071b000000| PB 0x000000071b000000| Untracked 
| 217|0x000000071b200000, 0x000000071b400000, 0x000000071b400000|100%| O|  |TAMS 0x000000071b200000| PB 0x000000071b200000| Untracked 
| 218|0x000000071b400000, 0x000000071b600000, 0x000000071b600000|100%| O|  |TAMS 0x000000071b400000| PB 0x000000071b400000| Untracked 
| 219|0x000000071b600000, 0x000000071b800000, 0x000000071b800000|100%| O|  |TAMS 0x000000071b600000| PB 0x000000071b600000| Untracked 
| 220|0x000000071b800000, 0x000000071ba00000, 0x000000071ba00000|100%| O|  |TAMS 0x000000071b800000| PB 0x000000071b800000| Untracked 
| 221|0x000000071ba00000, 0x000000071bc00000, 0x000000071bc00000|100%| O|  |TAMS 0x000000071ba00000| PB 0x000000071ba00000| Untracked 
| 222|0x000000071bc00000, 0x000000071be00000, 0x000000071be00000|100%| O|  |TAMS 0x000000071bc00000| PB 0x000000071bc00000| Untracked 
| 223|0x000000071be00000, 0x000000071c000000, 0x000000071c000000|100%| O|  |TAMS 0x000000071be00000| PB 0x000000071be00000| Untracked 
| 224|0x000000071c000000, 0x000000071c200000, 0x000000071c200000|100%| O|  |TAMS 0x000000071c000000| PB 0x000000071c000000| Untracked 
| 225|0x000000071c200000, 0x000000071c400000, 0x000000071c400000|100%|HS|  |TAMS 0x000000071c200000| PB 0x000000071c200000| Complete 
| 226|0x000000071c400000, 0x000000071c600000, 0x000000071c600000|100%|HC|  |TAMS 0x000000071c400000| PB 0x000000071c400000| Complete 
| 227|0x000000071c600000, 0x000000071c800000, 0x000000071c800000|100%|HC|  |TAMS 0x000000071c600000| PB 0x000000071c600000| Complete 
| 228|0x000000071c800000, 0x000000071ca00000, 0x000000071ca00000|100%|HC|  |TAMS 0x000000071c800000| PB 0x000000071c800000| Complete 
| 229|0x000000071ca00000, 0x000000071cc00000, 0x000000071cc00000|100%| O|  |TAMS 0x000000071ca00000| PB 0x000000071ca00000| Untracked 
| 230|0x000000071cc00000, 0x000000071ce00000, 0x000000071ce00000|100%| O|  |TAMS 0x000000071cc00000| PB 0x000000071cc00000| Untracked 
| 231|0x000000071ce00000, 0x000000071d000000, 0x000000071d000000|100%| O|  |TAMS 0x000000071ce00000| PB 0x000000071ce00000| Untracked 
| 232|0x000000071d000000, 0x000000071d200000, 0x000000071d200000|100%| O|  |TAMS 0x000000071d000000| PB 0x000000071d000000| Untracked 
| 233|0x000000071d200000, 0x000000071d400000, 0x000000071d400000|100%| O|  |TAMS 0x000000071d200000| PB 0x000000071d200000| Untracked 
| 234|0x000000071d400000, 0x000000071d600000, 0x000000071d600000|100%| O|  |TAMS 0x000000071d400000| PB 0x000000071d400000| Untracked 
| 235|0x000000071d600000, 0x000000071d800000, 0x000000071d800000|100%| O|  |TAMS 0x000000071d600000| PB 0x000000071d600000| Untracked 
| 236|0x000000071d800000, 0x000000071da00000, 0x000000071da00000|100%| O|  |TAMS 0x000000071d800000| PB 0x000000071d800000| Untracked 
| 237|0x000000071da00000, 0x000000071dc00000, 0x000000071dc00000|100%| O|Cm|TAMS 0x000000071da00000| PB 0x000000071da00000| Complete 
| 238|0x000000071dc00000, 0x000000071de00000, 0x000000071de00000|100%| O|  |TAMS 0x000000071dc00000| PB 0x000000071dc00000| Untracked 
| 239|0x000000071de00000, 0x000000071e000000, 0x000000071e000000|100%| O|  |TAMS 0x000000071de00000| PB 0x000000071de00000| Untracked 
| 240|0x000000071e000000, 0x000000071e200000, 0x000000071e200000|100%| O|  |TAMS 0x000000071e000000| PB 0x000000071e000000| Untracked 
| 241|0x000000071e200000, 0x000000071e400000, 0x000000071e400000|100%| O|Cm|TAMS 0x000000071e200000| PB 0x000000071e200000| Complete 
| 242|0x000000071e400000, 0x000000071e600000, 0x000000071e600000|100%| O|  |TAMS 0x000000071e400000| PB 0x000000071e400000| Untracked 
| 243|0x000000071e600000, 0x000000071e800000, 0x000000071e800000|100%| O|  |TAMS 0x000000071e600000| PB 0x000000071e600000| Untracked 
| 244|0x000000071e800000, 0x000000071ea00000, 0x000000071ea00000|100%| O|  |TAMS 0x000000071e800000| PB 0x000000071e800000| Untracked 
| 245|0x000000071ea00000, 0x000000071ec00000, 0x000000071ec00000|100%| O|  |TAMS 0x000000071ea00000| PB 0x000000071ea00000| Untracked 
| 246|0x000000071ec00000, 0x000000071ee00000, 0x000000071ee00000|100%| O|  |TAMS 0x000000071ec00000| PB 0x000000071ec00000| Untracked 
| 247|0x000000071ee00000, 0x000000071f000000, 0x000000071f000000|100%| O|Cm|TAMS 0x000000071ee00000| PB 0x000000071ee00000| Complete 
| 248|0x000000071f000000, 0x000000071f200000, 0x000000071f200000|100%| O|  |TAMS 0x000000071f000000| PB 0x000000071f000000| Untracked 
| 249|0x000000071f200000, 0x000000071f400000, 0x000000071f400000|100%| O|  |TAMS 0x000000071f200000| PB 0x000000071f200000| Untracked 
| 250|0x000000071f400000, 0x000000071f600000, 0x000000071f600000|100%| O|  |TAMS 0x000000071f400000| PB 0x000000071f400000| Untracked 
| 251|0x000000071f600000, 0x000000071f800000, 0x000000071f800000|100%| O|  |TAMS 0x000000071f600000| PB 0x000000071f600000| Untracked 
| 252|0x000000071f800000, 0x000000071fa00000, 0x000000071fa00000|100%| O|  |TAMS 0x000000071f800000| PB 0x000000071f800000| Untracked 
| 253|0x000000071fa00000, 0x000000071fc00000, 0x000000071fc00000|100%| O|  |TAMS 0x000000071fa00000| PB 0x000000071fa00000| Untracked 
| 254|0x000000071fc00000, 0x000000071fe00000, 0x000000071fe00000|100%| O|  |TAMS 0x000000071fc00000| PB 0x000000071fc00000| Untracked 
| 255|0x000000071fe00000, 0x0000000720000000, 0x0000000720000000|100%| O|  |TAMS 0x000000071fe00000| PB 0x000000071fe00000| Untracked 
| 256|0x0000000720000000, 0x0000000720200000, 0x0000000720200000|100%| O|Cm|TAMS 0x0000000720000000| PB 0x0000000720000000| Complete 
| 257|0x0000000720200000, 0x0000000720400000, 0x0000000720400000|100%| O|  |TAMS 0x0000000720200000| PB 0x0000000720200000| Untracked 
| 258|0x0000000720400000, 0x0000000720600000, 0x0000000720600000|100%| O|  |TAMS 0x0000000720400000| PB 0x0000000720400000| Untracked 
| 259|0x0000000720600000, 0x0000000720800000, 0x0000000720800000|100%| O|  |TAMS 0x0000000720600000| PB 0x0000000720600000| Untracked 
| 260|0x0000000720800000, 0x0000000720a00000, 0x0000000720a00000|100%| O|  |TAMS 0x0000000720800000| PB 0x0000000720800000| Untracked 
| 261|0x0000000720a00000, 0x0000000720c00000, 0x0000000720c00000|100%| O|  |TAMS 0x0000000720a00000| PB 0x0000000720a00000| Untracked 
| 262|0x0000000720c00000, 0x0000000720e00000, 0x0000000720e00000|100%| O|  |TAMS 0x0000000720c00000| PB 0x0000000720c00000| Untracked 
| 263|0x0000000720e00000, 0x0000000721000000, 0x0000000721000000|100%| O|  |TAMS 0x0000000720e00000| PB 0x0000000720e00000| Untracked 
| 264|0x0000000721000000, 0x0000000721200000, 0x0000000721200000|100%| O|  |TAMS 0x0000000721000000| PB 0x0000000721000000| Untracked 
| 265|0x0000000721200000, 0x0000000721400000, 0x0000000721400000|100%| O|  |TAMS 0x0000000721200000| PB 0x0000000721200000| Untracked 
| 266|0x0000000721400000, 0x0000000721600000, 0x0000000721600000|100%| O|  |TAMS 0x0000000721400000| PB 0x0000000721400000| Untracked 
| 267|0x0000000721600000, 0x0000000721800000, 0x0000000721800000|100%| O|  |TAMS 0x0000000721600000| PB 0x0000000721600000| Untracked 
| 268|0x0000000721800000, 0x0000000721a00000, 0x0000000721a00000|100%| O|  |TAMS 0x0000000721800000| PB 0x0000000721800000| Untracked 
| 269|0x0000000721a00000, 0x0000000721c00000, 0x0000000721c00000|100%| O|  |TAMS 0x0000000721a00000| PB 0x0000000721a00000| Untracked 
| 270|0x0000000721c00000, 0x0000000721e00000, 0x0000000721e00000|100%| O|  |TAMS 0x0000000721c00000| PB 0x0000000721c00000| Untracked 
| 271|0x0000000721e00000, 0x0000000722000000, 0x0000000722000000|100%| O|  |TAMS 0x0000000721e00000| PB 0x0000000721e00000| Untracked 
| 272|0x0000000722000000, 0x0000000722200000, 0x0000000722200000|100%| O|  |TAMS 0x0000000722000000| PB 0x0000000722000000| Untracked 
| 273|0x0000000722200000, 0x0000000722400000, 0x0000000722400000|100%| O|  |TAMS 0x0000000722200000| PB 0x0000000722200000| Untracked 
| 274|0x0000000722400000, 0x0000000722600000, 0x0000000722600000|100%| O|  |TAMS 0x0000000722400000| PB 0x0000000722400000| Untracked 
| 275|0x0000000722600000, 0x0000000722800000, 0x0000000722800000|100%| O|  |TAMS 0x0000000722600000| PB 0x0000000722600000| Untracked 
| 276|0x0000000722800000, 0x0000000722a00000, 0x0000000722a00000|100%| O|Cm|TAMS 0x0000000722800000| PB 0x0000000722800000| Complete 
| 277|0x0000000722a00000, 0x0000000722c00000, 0x0000000722c00000|100%| O|  |TAMS 0x0000000722a00000| PB 0x0000000722a00000| Untracked 
| 278|0x0000000722c00000, 0x0000000722e00000, 0x0000000722e00000|100%| O|  |TAMS 0x0000000722c00000| PB 0x0000000722c00000| Untracked 
| 279|0x0000000722e00000, 0x0000000723000000, 0x0000000723000000|100%| O|  |TAMS 0x0000000722e00000| PB 0x0000000722e00000| Untracked 
| 280|0x0000000723000000, 0x0000000723200000, 0x0000000723200000|100%| O|  |TAMS 0x0000000723000000| PB 0x0000000723000000| Untracked 
| 281|0x0000000723200000, 0x0000000723400000, 0x0000000723400000|100%| O|  |TAMS 0x0000000723200000| PB 0x0000000723200000| Untracked 
| 282|0x0000000723400000, 0x0000000723600000, 0x0000000723600000|100%| O|  |TAMS 0x0000000723400000| PB 0x0000000723400000| Untracked 
| 283|0x0000000723600000, 0x0000000723800000, 0x0000000723800000|100%| O|  |TAMS 0x0000000723600000| PB 0x0000000723600000| Untracked 
| 284|0x0000000723800000, 0x0000000723a00000, 0x0000000723a00000|100%| O|  |TAMS 0x0000000723800000| PB 0x0000000723800000| Untracked 
| 285|0x0000000723a00000, 0x0000000723c00000, 0x0000000723c00000|100%| O|  |TAMS 0x0000000723a00000| PB 0x0000000723a00000| Untracked 
| 286|0x0000000723c00000, 0x0000000723e00000, 0x0000000723e00000|100%| O|  |TAMS 0x0000000723c00000| PB 0x0000000723c00000| Untracked 
| 287|0x0000000723e00000, 0x0000000724000000, 0x0000000724000000|100%| O|  |TAMS 0x0000000723e00000| PB 0x0000000723e00000| Untracked 
| 288|0x0000000724000000, 0x0000000724200000, 0x0000000724200000|100%| O|  |TAMS 0x0000000724000000| PB 0x0000000724000000| Untracked 
| 289|0x0000000724200000, 0x0000000724400000, 0x0000000724400000|100%| O|  |TAMS 0x0000000724200000| PB 0x0000000724200000| Untracked 
| 290|0x0000000724400000, 0x0000000724600000, 0x0000000724600000|100%| O|  |TAMS 0x0000000724400000| PB 0x0000000724400000| Untracked 
| 291|0x0000000724600000, 0x0000000724800000, 0x0000000724800000|100%| O|  |TAMS 0x0000000724600000| PB 0x0000000724600000| Untracked 
| 292|0x0000000724800000, 0x0000000724a00000, 0x0000000724a00000|100%| O|  |TAMS 0x0000000724800000| PB 0x0000000724800000| Untracked 
| 293|0x0000000724a00000, 0x0000000724c00000, 0x0000000724c00000|100%| O|  |TAMS 0x0000000724a00000| PB 0x0000000724a00000| Untracked 
| 294|0x0000000724c00000, 0x0000000724e00000, 0x0000000724e00000|100%| O|  |TAMS 0x0000000724c00000| PB 0x0000000724c00000| Untracked 
| 295|0x0000000724e00000, 0x0000000725000000, 0x0000000725000000|100%| O|Cm|TAMS 0x0000000724e00000| PB 0x0000000724e00000| Complete 
| 296|0x0000000725000000, 0x0000000725200000, 0x0000000725200000|100%| O|  |TAMS 0x0000000725000000| PB 0x0000000725000000| Untracked 
| 297|0x0000000725200000, 0x0000000725400000, 0x0000000725400000|100%| O|  |TAMS 0x0000000725200000| PB 0x0000000725200000| Untracked 
| 298|0x0000000725400000, 0x0000000725600000, 0x0000000725600000|100%| O|  |TAMS 0x0000000725400000| PB 0x0000000725400000| Untracked 
| 299|0x0000000725600000, 0x0000000725800000, 0x0000000725800000|100%| O|  |TAMS 0x0000000725600000| PB 0x0000000725600000| Untracked 
| 300|0x0000000725800000, 0x0000000725a00000, 0x0000000725a00000|100%| O|  |TAMS 0x0000000725800000| PB 0x0000000725800000| Untracked 
| 301|0x0000000725a00000, 0x0000000725c00000, 0x0000000725c00000|100%| O|  |TAMS 0x0000000725a00000| PB 0x0000000725a00000| Untracked 
| 302|0x0000000725c00000, 0x0000000725e00000, 0x0000000725e00000|100%| O|Cm|TAMS 0x0000000725c00000| PB 0x0000000725c00000| Complete 
| 303|0x0000000725e00000, 0x0000000726000000, 0x0000000726000000|100%| O|  |TAMS 0x0000000725e00000| PB 0x0000000725e00000| Untracked 
| 304|0x0000000726000000, 0x0000000726200000, 0x0000000726200000|100%| O|Cm|TAMS 0x0000000726000000| PB 0x0000000726000000| Complete 
| 305|0x0000000726200000, 0x0000000726400000, 0x0000000726400000|100%| O|Cm|TAMS 0x0000000726200000| PB 0x0000000726200000| Complete 
| 306|0x0000000726400000, 0x0000000726600000, 0x0000000726600000|100%| O|  |TAMS 0x0000000726400000| PB 0x0000000726400000| Untracked 
| 307|0x0000000726600000, 0x0000000726800000, 0x0000000726800000|100%| O|  |TAMS 0x0000000726600000| PB 0x0000000726600000| Untracked 
| 308|0x0000000726800000, 0x0000000726a00000, 0x0000000726a00000|100%| O|  |TAMS 0x0000000726800000| PB 0x0000000726800000| Untracked 
| 309|0x0000000726a00000, 0x0000000726c00000, 0x0000000726c00000|100%| O|  |TAMS 0x0000000726a00000| PB 0x0000000726a00000| Untracked 
| 310|0x0000000726c00000, 0x0000000726e00000, 0x0000000726e00000|100%| O|  |TAMS 0x0000000726c00000| PB 0x0000000726c00000| Untracked 
| 311|0x0000000726e00000, 0x0000000727000000, 0x0000000727000000|100%| O|  |TAMS 0x0000000726e00000| PB 0x0000000726e00000| Untracked 
| 312|0x0000000727000000, 0x0000000727200000, 0x0000000727200000|100%| O|  |TAMS 0x0000000727000000| PB 0x0000000727000000| Untracked 
| 313|0x0000000727200000, 0x0000000727400000, 0x0000000727400000|100%| O|Cm|TAMS 0x0000000727200000| PB 0x0000000727200000| Complete 
| 314|0x0000000727400000, 0x0000000727600000, 0x0000000727600000|100%| O|Cm|TAMS 0x0000000727400000| PB 0x0000000727400000| Complete 
| 315|0x0000000727600000, 0x0000000727800000, 0x0000000727800000|100%| O|  |TAMS 0x0000000727600000| PB 0x0000000727600000| Untracked 
| 316|0x0000000727800000, 0x0000000727a00000, 0x0000000727a00000|100%| O|  |TAMS 0x0000000727800000| PB 0x0000000727800000| Untracked 
| 317|0x0000000727a00000, 0x0000000727c00000, 0x0000000727c00000|100%| O|Cm|TAMS 0x0000000727a00000| PB 0x0000000727a00000| Complete 
| 318|0x0000000727c00000, 0x0000000727e00000, 0x0000000727e00000|100%| O|Cm|TAMS 0x0000000727c00000| PB 0x0000000727c00000| Complete 
| 319|0x0000000727e00000, 0x0000000728000000, 0x0000000728000000|100%| O|  |TAMS 0x0000000727e00000| PB 0x0000000727e00000| Untracked 
| 320|0x0000000728000000, 0x0000000728200000, 0x0000000728200000|100%| O|Cm|TAMS 0x0000000728000000| PB 0x0000000728000000| Complete 
| 321|0x0000000728200000, 0x0000000728400000, 0x0000000728400000|100%| O|  |TAMS 0x0000000728200000| PB 0x0000000728200000| Untracked 
| 322|0x0000000728400000, 0x0000000728600000, 0x0000000728600000|100%| O|  |TAMS 0x0000000728400000| PB 0x0000000728400000| Untracked 
| 323|0x0000000728600000, 0x0000000728800000, 0x0000000728800000|100%| O|  |TAMS 0x0000000728600000| PB 0x0000000728600000| Untracked 
| 324|0x0000000728800000, 0x0000000728a00000, 0x0000000728a00000|100%| O|  |TAMS 0x0000000728800000| PB 0x0000000728800000| Untracked 
| 325|0x0000000728a00000, 0x0000000728c00000, 0x0000000728c00000|100%| O|Cm|TAMS 0x0000000728a00000| PB 0x0000000728a00000| Complete 
| 326|0x0000000728c00000, 0x0000000728e00000, 0x0000000728e00000|100%| O|Cm|TAMS 0x0000000728c00000| PB 0x0000000728c00000| Complete 
| 327|0x0000000728e00000, 0x0000000729000000, 0x0000000729000000|100%| O|  |TAMS 0x0000000728e00000| PB 0x0000000728e00000| Untracked 
| 328|0x0000000729000000, 0x0000000729200000, 0x0000000729200000|100%| O|Cm|TAMS 0x0000000729000000| PB 0x0000000729000000| Complete 
| 329|0x0000000729200000, 0x0000000729400000, 0x0000000729400000|100%| O|Cm|TAMS 0x0000000729200000| PB 0x0000000729200000| Complete 
| 330|0x0000000729400000, 0x0000000729600000, 0x0000000729600000|100%| O|Cm|TAMS 0x0000000729400000| PB 0x0000000729400000| Complete 
| 331|0x0000000729600000, 0x0000000729800000, 0x0000000729800000|100%| O|  |TAMS 0x0000000729600000| PB 0x0000000729600000| Untracked 
| 332|0x0000000729800000, 0x0000000729a00000, 0x0000000729a00000|100%| O|  |TAMS 0x0000000729800000| PB 0x0000000729800000| Untracked 
| 333|0x0000000729a00000, 0x0000000729c00000, 0x0000000729c00000|100%| O|  |TAMS 0x0000000729a00000| PB 0x0000000729a00000| Untracked 
| 334|0x0000000729c00000, 0x0000000729e00000, 0x0000000729e00000|100%| O|Cm|TAMS 0x0000000729c00000| PB 0x0000000729c00000| Complete 
| 335|0x0000000729e00000, 0x000000072a000000, 0x000000072a000000|100%| O|  |TAMS 0x0000000729e00000| PB 0x0000000729e00000| Untracked 
| 336|0x000000072a000000, 0x000000072a200000, 0x000000072a200000|100%| O|Cm|TAMS 0x000000072a000000| PB 0x000000072a000000| Complete 
| 337|0x000000072a200000, 0x000000072a400000, 0x000000072a400000|100%| O|Cm|TAMS 0x000000072a200000| PB 0x000000072a200000| Complete 
| 338|0x000000072a400000, 0x000000072a600000, 0x000000072a600000|100%| O|  |TAMS 0x000000072a400000| PB 0x000000072a400000| Untracked 
| 339|0x000000072a600000, 0x000000072a800000, 0x000000072a800000|100%| O|  |TAMS 0x000000072a600000| PB 0x000000072a600000| Untracked 
| 340|0x000000072a800000, 0x000000072aa00000, 0x000000072aa00000|100%| O|  |TAMS 0x000000072a800000| PB 0x000000072a800000| Untracked 
| 341|0x000000072aa00000, 0x000000072ac00000, 0x000000072ac00000|100%| O|Cm|TAMS 0x000000072aa00000| PB 0x000000072aa00000| Complete 
| 342|0x000000072ac00000, 0x000000072ae00000, 0x000000072ae00000|100%| O|Cm|TAMS 0x000000072ac00000| PB 0x000000072ac00000| Complete 
| 343|0x000000072ae00000, 0x000000072b000000, 0x000000072b000000|100%| O|  |TAMS 0x000000072ae00000| PB 0x000000072ae00000| Untracked 
| 344|0x000000072b000000, 0x000000072b200000, 0x000000072b200000|100%| O|Cm|TAMS 0x000000072b000000| PB 0x000000072b000000| Complete 
| 345|0x000000072b200000, 0x000000072b400000, 0x000000072b400000|100%| O|  |TAMS 0x000000072b200000| PB 0x000000072b200000| Untracked 
| 346|0x000000072b400000, 0x000000072b600000, 0x000000072b600000|100%| O|Cm|TAMS 0x000000072b400000| PB 0x000000072b400000| Complete 
| 347|0x000000072b600000, 0x000000072b800000, 0x000000072b800000|100%| O|  |TAMS 0x000000072b600000| PB 0x000000072b600000| Untracked 
| 348|0x000000072b800000, 0x000000072ba00000, 0x000000072ba00000|100%| O|Cm|TAMS 0x000000072b800000| PB 0x000000072b800000| Complete 
| 349|0x000000072ba00000, 0x000000072bc00000, 0x000000072bc00000|100%| O|Cm|TAMS 0x000000072ba00000| PB 0x000000072ba00000| Complete 
| 350|0x000000072bc00000, 0x000000072be00000, 0x000000072be00000|100%| O|  |TAMS 0x000000072bc00000| PB 0x000000072bc00000| Untracked 
| 351|0x000000072be00000, 0x000000072c000000, 0x000000072c000000|100%| O|Cm|TAMS 0x000000072be00000| PB 0x000000072be00000| Complete 
| 352|0x000000072c000000, 0x000000072c200000, 0x000000072c200000|100%| O|Cm|TAMS 0x000000072c000000| PB 0x000000072c000000| Complete 
| 353|0x000000072c200000, 0x000000072c400000, 0x000000072c400000|100%| O|Cm|TAMS 0x000000072c200000| PB 0x000000072c200000| Complete 
| 354|0x000000072c400000, 0x000000072c600000, 0x000000072c600000|100%| O|  |TAMS 0x000000072c400000| PB 0x000000072c400000| Untracked 
| 355|0x000000072c600000, 0x000000072c800000, 0x000000072c800000|100%| O|Cm|TAMS 0x000000072c600000| PB 0x000000072c600000| Complete 
| 356|0x000000072c800000, 0x000000072ca00000, 0x000000072ca00000|100%| O|  |TAMS 0x000000072c800000| PB 0x000000072c800000| Untracked 
| 357|0x000000072ca00000, 0x000000072cc00000, 0x000000072cc00000|100%| O|Cm|TAMS 0x000000072ca00000| PB 0x000000072ca00000| Complete 
| 358|0x000000072cc00000, 0x000000072ce00000, 0x000000072ce00000|100%| O|  |TAMS 0x000000072cc00000| PB 0x000000072cc00000| Untracked 
| 359|0x000000072ce00000, 0x000000072d000000, 0x000000072d000000|100%| O|Cm|TAMS 0x000000072ce00000| PB 0x000000072ce00000| Complete 
| 360|0x000000072d000000, 0x000000072d200000, 0x000000072d200000|100%| O|Cm|TAMS 0x000000072d000000| PB 0x000000072d000000| Complete 
| 361|0x000000072d200000, 0x000000072d400000, 0x000000072d400000|100%| O|  |TAMS 0x000000072d200000| PB 0x000000072d200000| Untracked 
| 362|0x000000072d400000, 0x000000072d600000, 0x000000072d600000|100%| O|Cm|TAMS 0x000000072d400000| PB 0x000000072d400000| Complete 
| 363|0x000000072d600000, 0x000000072d800000, 0x000000072d800000|100%| O|Cm|TAMS 0x000000072d600000| PB 0x000000072d600000| Complete 
| 364|0x000000072d800000, 0x000000072da00000, 0x000000072da00000|100%| O|Cm|TAMS 0x000000072d800000| PB 0x000000072d800000| Complete 
| 365|0x000000072da00000, 0x000000072dc00000, 0x000000072dc00000|100%| O|  |TAMS 0x000000072da00000| PB 0x000000072da00000| Untracked 
| 366|0x000000072dc00000, 0x000000072de00000, 0x000000072de00000|100%| O|Cm|TAMS 0x000000072dc00000| PB 0x000000072dc00000| Complete 
| 367|0x000000072de00000, 0x000000072e000000, 0x000000072e000000|100%| O|  |TAMS 0x000000072de00000| PB 0x000000072de00000| Untracked 
| 368|0x000000072e000000, 0x000000072e200000, 0x000000072e200000|100%| O|Cm|TAMS 0x000000072e000000| PB 0x000000072e000000| Complete 
| 369|0x000000072e200000, 0x000000072e400000, 0x000000072e400000|100%| O|  |TAMS 0x000000072e200000| PB 0x000000072e200000| Untracked 
| 370|0x000000072e400000, 0x000000072e600000, 0x000000072e600000|100%| O|  |TAMS 0x000000072e400000| PB 0x000000072e400000| Untracked 
| 371|0x000000072e600000, 0x000000072e800000, 0x000000072e800000|100%| O|Cm|TAMS 0x000000072e600000| PB 0x000000072e600000| Complete 
| 372|0x000000072e800000, 0x000000072ea00000, 0x000000072ea00000|100%| O|Cm|TAMS 0x000000072e800000| PB 0x000000072e800000| Complete 
| 373|0x000000072ea00000, 0x000000072ec00000, 0x000000072ec00000|100%| O|Cm|TAMS 0x000000072ea00000| PB 0x000000072ea00000| Complete 
| 374|0x000000072ec00000, 0x000000072ee00000, 0x000000072ee00000|100%| O|Cm|TAMS 0x000000072ec00000| PB 0x000000072ec00000| Complete 
| 375|0x000000072ee00000, 0x000000072f000000, 0x000000072f000000|100%| O|  |TAMS 0x000000072ee00000| PB 0x000000072ee00000| Untracked 
| 376|0x000000072f000000, 0x000000072f200000, 0x000000072f200000|100%| O|Cm|TAMS 0x000000072f000000| PB 0x000000072f000000| Complete 
| 377|0x000000072f200000, 0x000000072f400000, 0x000000072f400000|100%| O|Cm|TAMS 0x000000072f200000| PB 0x000000072f200000| Complete 
| 378|0x000000072f400000, 0x000000072f600000, 0x000000072f600000|100%| O|Cm|TAMS 0x000000072f400000| PB 0x000000072f400000| Complete 
| 379|0x000000072f600000, 0x000000072f800000, 0x000000072f800000|100%| O|Cm|TAMS 0x000000072f600000| PB 0x000000072f600000| Complete 
| 380|0x000000072f800000, 0x000000072fa00000, 0x000000072fa00000|100%| O|Cm|TAMS 0x000000072f800000| PB 0x000000072f800000| Complete 
| 381|0x000000072fa00000, 0x000000072fc00000, 0x000000072fc00000|100%| O|Cm|TAMS 0x000000072fa00000| PB 0x000000072fa00000| Complete 
| 382|0x000000072fc00000, 0x000000072fe00000, 0x000000072fe00000|100%| O|Cm|TAMS 0x000000072fc00000| PB 0x000000072fc00000| Complete 
| 383|0x000000072fe00000, 0x0000000730000000, 0x0000000730000000|100%| O|  |TAMS 0x000000072fe00000| PB 0x000000072fe00000| Untracked 
| 384|0x0000000730000000, 0x0000000730200000, 0x0000000730200000|100%| O|  |TAMS 0x0000000730000000| PB 0x0000000730000000| Untracked 
| 385|0x0000000730200000, 0x0000000730400000, 0x0000000730400000|100%| O|Cm|TAMS 0x0000000730200000| PB 0x0000000730200000| Complete 
| 386|0x0000000730400000, 0x0000000730600000, 0x0000000730600000|100%| O|  |TAMS 0x0000000730400000| PB 0x0000000730400000| Untracked 
| 387|0x0000000730600000, 0x0000000730800000, 0x0000000730800000|100%| O|  |TAMS 0x0000000730600000| PB 0x0000000730600000| Untracked 
| 388|0x0000000730800000, 0x0000000730a00000, 0x0000000730a00000|100%| O|  |TAMS 0x0000000730800000| PB 0x0000000730800000| Untracked 
| 389|0x0000000730a00000, 0x0000000730c00000, 0x0000000730c00000|100%| O|Cm|TAMS 0x0000000730a00000| PB 0x0000000730a00000| Complete 
| 390|0x0000000730c00000, 0x0000000730e00000, 0x0000000730e00000|100%| O|  |TAMS 0x0000000730c00000| PB 0x0000000730c00000| Untracked 
| 391|0x0000000730e00000, 0x0000000731000000, 0x0000000731000000|100%| O|Cm|TAMS 0x0000000730e00000| PB 0x0000000730e00000| Complete 
| 392|0x0000000731000000, 0x0000000731200000, 0x0000000731200000|100%| O|  |TAMS 0x0000000731000000| PB 0x0000000731000000| Untracked 
| 393|0x0000000731200000, 0x0000000731400000, 0x0000000731400000|100%| O|Cm|TAMS 0x0000000731200000| PB 0x0000000731200000| Complete 
| 394|0x0000000731400000, 0x0000000731600000, 0x0000000731600000|100%| O|Cm|TAMS 0x0000000731400000| PB 0x0000000731400000| Complete 
| 395|0x0000000731600000, 0x0000000731800000, 0x0000000731800000|100%| O|Cm|TAMS 0x0000000731600000| PB 0x0000000731600000| Complete 
| 396|0x0000000731800000, 0x0000000731a00000, 0x0000000731a00000|100%| O|Cm|TAMS 0x0000000731800000| PB 0x0000000731800000| Complete 
| 397|0x0000000731a00000, 0x0000000731c00000, 0x0000000731c00000|100%| O|  |TAMS 0x0000000731a00000| PB 0x0000000731a00000| Untracked 
| 398|0x0000000731c00000, 0x0000000731e00000, 0x0000000731e00000|100%| O|  |TAMS 0x0000000731c00000| PB 0x0000000731c00000| Untracked 
| 399|0x0000000731e00000, 0x0000000732000000, 0x0000000732000000|100%| O|Cm|TAMS 0x0000000731e00000| PB 0x0000000731e00000| Complete 
| 400|0x0000000732000000, 0x0000000732200000, 0x0000000732200000|100%| O|Cm|TAMS 0x0000000732000000| PB 0x0000000732000000| Complete 
| 401|0x0000000732200000, 0x0000000732400000, 0x0000000732400000|100%| O|  |TAMS 0x0000000732200000| PB 0x0000000732200000| Untracked 
| 402|0x0000000732400000, 0x0000000732600000, 0x0000000732600000|100%| O|Cm|TAMS 0x0000000732400000| PB 0x0000000732400000| Complete 
| 403|0x0000000732600000, 0x0000000732800000, 0x0000000732800000|100%| O|  |TAMS 0x0000000732600000| PB 0x0000000732600000| Untracked 
| 404|0x0000000732800000, 0x0000000732a00000, 0x0000000732a00000|100%| O|  |TAMS 0x0000000732800000| PB 0x0000000732800000| Untracked 
| 405|0x0000000732a00000, 0x0000000732c00000, 0x0000000732c00000|100%| O|Cm|TAMS 0x0000000732a00000| PB 0x0000000732a00000| Complete 
| 406|0x0000000732c00000, 0x0000000732e00000, 0x0000000732e00000|100%| O|  |TAMS 0x0000000732c00000| PB 0x0000000732c00000| Untracked 
| 407|0x0000000732e00000, 0x0000000733000000, 0x0000000733000000|100%| O|  |TAMS 0x0000000732e00000| PB 0x0000000732e00000| Untracked 
| 408|0x0000000733000000, 0x0000000733200000, 0x0000000733200000|100%| O|  |TAMS 0x0000000733000000| PB 0x0000000733000000| Untracked 
| 409|0x0000000733200000, 0x0000000733400000, 0x0000000733400000|100%| O|  |TAMS 0x0000000733200000| PB 0x0000000733200000| Untracked 
| 410|0x0000000733400000, 0x0000000733600000, 0x0000000733600000|100%| O|Cm|TAMS 0x0000000733400000| PB 0x0000000733400000| Complete 
| 411|0x0000000733600000, 0x0000000733800000, 0x0000000733800000|100%| O|  |TAMS 0x0000000733600000| PB 0x0000000733600000| Untracked 
| 412|0x0000000733800000, 0x0000000733a00000, 0x0000000733a00000|100%| O|  |TAMS 0x0000000733800000| PB 0x0000000733800000| Untracked 
| 413|0x0000000733a00000, 0x0000000733c00000, 0x0000000733c00000|100%| O|  |TAMS 0x0000000733a00000| PB 0x0000000733a00000| Untracked 
| 414|0x0000000733c00000, 0x0000000733e00000, 0x0000000733e00000|100%| O|  |TAMS 0x0000000733c00000| PB 0x0000000733c00000| Untracked 
| 415|0x0000000733e00000, 0x0000000734000000, 0x0000000734000000|100%| O|Cm|TAMS 0x0000000733e00000| PB 0x0000000733e00000| Complete 
| 416|0x0000000734000000, 0x0000000734200000, 0x0000000734200000|100%| O|  |TAMS 0x0000000734000000| PB 0x0000000734000000| Untracked 
| 417|0x0000000734200000, 0x0000000734400000, 0x0000000734400000|100%| O|  |TAMS 0x0000000734200000| PB 0x0000000734200000| Untracked 
| 418|0x0000000734400000, 0x0000000734600000, 0x0000000734600000|100%| O|  |TAMS 0x0000000734400000| PB 0x0000000734400000| Untracked 
| 419|0x0000000734600000, 0x0000000734800000, 0x0000000734800000|100%| O|  |TAMS 0x0000000734600000| PB 0x0000000734600000| Untracked 
| 420|0x0000000734800000, 0x0000000734a00000, 0x0000000734a00000|100%| O|Cm|TAMS 0x0000000734800000| PB 0x0000000734800000| Complete 
| 421|0x0000000734a00000, 0x0000000734c00000, 0x0000000734c00000|100%| O|  |TAMS 0x0000000734a00000| PB 0x0000000734a00000| Untracked 
| 422|0x0000000734c00000, 0x0000000734e00000, 0x0000000734e00000|100%| O|Cm|TAMS 0x0000000734c00000| PB 0x0000000734c00000| Complete 
| 423|0x0000000734e00000, 0x0000000735000000, 0x0000000735000000|100%| O|Cm|TAMS 0x0000000734e00000| PB 0x0000000734e00000| Complete 
| 424|0x0000000735000000, 0x0000000735200000, 0x0000000735200000|100%| O|  |TAMS 0x0000000735000000| PB 0x0000000735000000| Untracked 
| 425|0x0000000735200000, 0x0000000735400000, 0x0000000735400000|100%| O|  |TAMS 0x0000000735200000| PB 0x0000000735200000| Untracked 
| 426|0x0000000735400000, 0x0000000735600000, 0x0000000735600000|100%| O|  |TAMS 0x0000000735400000| PB 0x0000000735400000| Untracked 
| 427|0x0000000735600000, 0x0000000735800000, 0x0000000735800000|100%| O|  |TAMS 0x0000000735600000| PB 0x0000000735600000| Untracked 
| 428|0x0000000735800000, 0x0000000735a00000, 0x0000000735a00000|100%| O|  |TAMS 0x0000000735800000| PB 0x0000000735800000| Untracked 
| 429|0x0000000735a00000, 0x0000000735c00000, 0x0000000735c00000|100%| O|Cm|TAMS 0x0000000735a00000| PB 0x0000000735a00000| Complete 
| 430|0x0000000735c00000, 0x0000000735c00000, 0x0000000735e00000|  0%| F|  |TAMS 0x0000000735c00000| PB 0x0000000735c00000| Untracked 
| 431|0x0000000735e00000, 0x0000000736000000, 0x0000000736000000|100%| O|  |TAMS 0x0000000735e00000| PB 0x0000000735e00000| Untracked 
| 432|0x0000000736000000, 0x0000000736200000, 0x0000000736200000|100%| O|Cm|TAMS 0x0000000736000000| PB 0x0000000736000000| Complete 
| 433|0x0000000736200000, 0x0000000736400000, 0x0000000736400000|100%| O|  |TAMS 0x0000000736200000| PB 0x0000000736200000| Untracked 
| 434|0x0000000736400000, 0x0000000736400000, 0x0000000736600000|  0%| F|  |TAMS 0x0000000736400000| PB 0x0000000736400000| Untracked 
| 435|0x0000000736600000, 0x0000000736600000, 0x0000000736800000|  0%| F|  |TAMS 0x0000000736600000| PB 0x0000000736600000| Untracked 
| 436|0x0000000736800000, 0x0000000736800000, 0x0000000736a00000|  0%| F|  |TAMS 0x0000000736800000| PB 0x0000000736800000| Untracked 
| 437|0x0000000736a00000, 0x0000000736a00000, 0x0000000736c00000|  0%| F|  |TAMS 0x0000000736a00000| PB 0x0000000736a00000| Untracked 
| 438|0x0000000736c00000, 0x0000000736e00000, 0x0000000736e00000|100%| O|Cm|TAMS 0x0000000736c00000| PB 0x0000000736c00000| Complete 
| 439|0x0000000736e00000, 0x0000000736e00000, 0x0000000737000000|  0%| F|  |TAMS 0x0000000736e00000| PB 0x0000000736e00000| Untracked 
| 440|0x0000000737000000, 0x0000000737200000, 0x0000000737200000|100%| O|Cm|TAMS 0x0000000737000000| PB 0x0000000737000000| Complete 
| 441|0x0000000737200000, 0x0000000737400000, 0x0000000737400000|100%| O|  |TAMS 0x0000000737200000| PB 0x0000000737200000| Untracked 
| 442|0x0000000737400000, 0x0000000737600000, 0x0000000737600000|100%| O|Cm|TAMS 0x0000000737400000| PB 0x0000000737400000| Complete 
| 443|0x0000000737600000, 0x0000000737800000, 0x0000000737800000|100%| O|Cm|TAMS 0x0000000737600000| PB 0x0000000737600000| Complete 
| 444|0x0000000737800000, 0x0000000737800000, 0x0000000737a00000|  0%| F|  |TAMS 0x0000000737800000| PB 0x0000000737800000| Untracked 
| 445|0x0000000737a00000, 0x0000000737c00000, 0x0000000737c00000|100%| O|Cm|TAMS 0x0000000737a00000| PB 0x0000000737a00000| Complete 
| 446|0x0000000737c00000, 0x0000000737c00000, 0x0000000737e00000|  0%| F|  |TAMS 0x0000000737c00000| PB 0x0000000737c00000| Untracked 
| 447|0x0000000737e00000, 0x0000000737e00000, 0x0000000738000000|  0%| F|  |TAMS 0x0000000737e00000| PB 0x0000000737e00000| Untracked 
| 448|0x0000000738000000, 0x0000000738000000, 0x0000000738200000|  0%| F|  |TAMS 0x0000000738000000| PB 0x0000000738000000| Untracked 
| 449|0x0000000738200000, 0x0000000738200000, 0x0000000738400000|  0%| F|  |TAMS 0x0000000738200000| PB 0x0000000738200000| Untracked 
| 450|0x0000000738400000, 0x0000000738600000, 0x0000000738600000|100%| O|Cm|TAMS 0x0000000738400000| PB 0x0000000738400000| Complete 
| 451|0x0000000738600000, 0x0000000738800000, 0x0000000738800000|100%| O|Cm|TAMS 0x0000000738600000| PB 0x0000000738600000| Complete 
| 452|0x0000000738800000, 0x0000000738a00000, 0x0000000738a00000|100%| O|Cm|TAMS 0x0000000738800000| PB 0x0000000738800000| Complete 
| 453|0x0000000738a00000, 0x0000000738a00000, 0x0000000738c00000|  0%| F|  |TAMS 0x0000000738a00000| PB 0x0000000738a00000| Untracked 
| 454|0x0000000738c00000, 0x0000000738e00000, 0x0000000738e00000|100%| O|Cm|TAMS 0x0000000738c00000| PB 0x0000000738c00000| Complete 
| 455|0x0000000738e00000, 0x0000000739000000, 0x0000000739000000|100%| O|Cm|TAMS 0x0000000738e00000| PB 0x0000000738e00000| Complete 
| 456|0x0000000739000000, 0x0000000739200000, 0x0000000739200000|100%| O|Cm|TAMS 0x0000000739000000| PB 0x0000000739000000| Complete 
| 457|0x0000000739200000, 0x0000000739400000, 0x0000000739400000|100%| O|Cm|TAMS 0x0000000739200000| PB 0x0000000739200000| Complete 
| 458|0x0000000739400000, 0x0000000739600000, 0x0000000739600000|100%| O|Cm|TAMS 0x0000000739400000| PB 0x0000000739400000| Complete 
| 459|0x0000000739600000, 0x0000000739800000, 0x0000000739800000|100%|HS|  |TAMS 0x0000000739600000| PB 0x0000000739600000| Complete 
| 460|0x0000000739800000, 0x0000000739a00000, 0x0000000739a00000|100%| O|Cm|TAMS 0x0000000739800000| PB 0x0000000739800000| Complete 
| 461|0x0000000739a00000, 0x0000000739c00000, 0x0000000739c00000|100%| O|Cm|TAMS 0x0000000739a00000| PB 0x0000000739a00000| Complete 
| 462|0x0000000739c00000, 0x0000000739e00000, 0x0000000739e00000|100%| O|Cm|TAMS 0x0000000739c00000| PB 0x0000000739c00000| Complete 
| 463|0x0000000739e00000, 0x0000000739e00000, 0x000000073a000000|  0%| F|  |TAMS 0x0000000739e00000| PB 0x0000000739e00000| Untracked 
| 464|0x000000073a000000, 0x000000073a200000, 0x000000073a200000|100%| O|  |TAMS 0x000000073a000000| PB 0x000000073a000000| Untracked 
| 465|0x000000073a200000, 0x000000073a400000, 0x000000073a400000|100%| O|Cm|TAMS 0x000000073a200000| PB 0x000000073a200000| Complete 
| 466|0x000000073a400000, 0x000000073a600000, 0x000000073a600000|100%| O|  |TAMS 0x000000073a400000| PB 0x000000073a400000| Untracked 
| 467|0x000000073a600000, 0x000000073a800000, 0x000000073a800000|100%| O|  |TAMS 0x000000073a600000| PB 0x000000073a600000| Untracked 
| 468|0x000000073a800000, 0x000000073aa00000, 0x000000073aa00000|100%| O|  |TAMS 0x000000073a800000| PB 0x000000073a800000| Untracked 
| 469|0x000000073aa00000, 0x000000073aa00000, 0x000000073ac00000|  0%| F|  |TAMS 0x000000073aa00000| PB 0x000000073aa00000| Untracked 
| 470|0x000000073ac00000, 0x000000073ae00000, 0x000000073ae00000|100%| O|Cm|TAMS 0x000000073ac00000| PB 0x000000073ac00000| Complete 
| 471|0x000000073ae00000, 0x000000073b000000, 0x000000073b000000|100%| O|  |TAMS 0x000000073ae00000| PB 0x000000073ae00000| Untracked 
| 472|0x000000073b000000, 0x000000073b000000, 0x000000073b200000|  0%| F|  |TAMS 0x000000073b000000| PB 0x000000073b000000| Untracked 
| 473|0x000000073b200000, 0x000000073b200000, 0x000000073b400000|  0%| F|  |TAMS 0x000000073b200000| PB 0x000000073b200000| Untracked 
| 474|0x000000073b400000, 0x000000073b400000, 0x000000073b600000|  0%| F|  |TAMS 0x000000073b400000| PB 0x000000073b400000| Untracked 
| 475|0x000000073b600000, 0x000000073b800000, 0x000000073b800000|100%| O|Cm|TAMS 0x000000073b600000| PB 0x000000073b600000| Complete 
| 476|0x000000073b800000, 0x000000073b800000, 0x000000073ba00000|  0%| F|  |TAMS 0x000000073b800000| PB 0x000000073b800000| Untracked 
| 477|0x000000073ba00000, 0x000000073bc00000, 0x000000073bc00000|100%| O|Cm|TAMS 0x000000073ba00000| PB 0x000000073ba00000| Complete 
| 478|0x000000073bc00000, 0x000000073be00000, 0x000000073be00000|100%| O|Cm|TAMS 0x000000073bc00000| PB 0x000000073bc00000| Complete 
| 479|0x000000073be00000, 0x000000073be00000, 0x000000073c000000|  0%| F|  |TAMS 0x000000073be00000| PB 0x000000073be00000| Untracked 
| 480|0x000000073c000000, 0x000000073c200000, 0x000000073c200000|100%| O|Cm|TAMS 0x000000073c000000| PB 0x000000073c000000| Complete 
| 481|0x000000073c200000, 0x000000073c200000, 0x000000073c400000|  0%| F|  |TAMS 0x000000073c200000| PB 0x000000073c200000| Untracked 
| 482|0x000000073c400000, 0x000000073c600000, 0x000000073c600000|100%| O|Cm|TAMS 0x000000073c400000| PB 0x000000073c400000| Complete 
| 483|0x000000073c600000, 0x000000073c600000, 0x000000073c800000|  0%| F|  |TAMS 0x000000073c600000| PB 0x000000073c600000| Untracked 
| 484|0x000000073c800000, 0x000000073c800000, 0x000000073ca00000|  0%| F|  |TAMS 0x000000073c800000| PB 0x000000073c800000| Untracked 
| 485|0x000000073ca00000, 0x000000073ca00000, 0x000000073cc00000|  0%| F|  |TAMS 0x000000073ca00000| PB 0x000000073ca00000| Untracked 
| 486|0x000000073cc00000, 0x000000073ce00000, 0x000000073ce00000|100%| O|  |TAMS 0x000000073cc00000| PB 0x000000073cc00000| Untracked 
| 487|0x000000073ce00000, 0x000000073ce00000, 0x000000073d000000|  0%| F|  |TAMS 0x000000073ce00000| PB 0x000000073ce00000| Untracked 
| 488|0x000000073d000000, 0x000000073d200000, 0x000000073d200000|100%| O|Cm|TAMS 0x000000073d000000| PB 0x000000073d000000| Complete 
| 489|0x000000073d200000, 0x000000073d200000, 0x000000073d400000|  0%| F|  |TAMS 0x000000073d200000| PB 0x000000073d200000| Untracked 
| 490|0x000000073d400000, 0x000000073d600000, 0x000000073d600000|100%| O|Cm|TAMS 0x000000073d400000| PB 0x000000073d400000| Complete 
| 491|0x000000073d600000, 0x000000073d800000, 0x000000073d800000|100%| O|  |TAMS 0x000000073d600000| PB 0x000000073d600000| Untracked 
| 492|0x000000073d800000, 0x000000073da00000, 0x000000073da00000|100%| O|Cm|TAMS 0x000000073d800000| PB 0x000000073d800000| Complete 
| 493|0x000000073da00000, 0x000000073dc00000, 0x000000073dc00000|100%| O|Cm|TAMS 0x000000073da00000| PB 0x000000073da00000| Complete 
| 494|0x000000073dc00000, 0x000000073de00000, 0x000000073de00000|100%| O|Cm|TAMS 0x000000073dc00000| PB 0x000000073dc00000| Complete 
| 495|0x000000073de00000, 0x000000073e000000, 0x000000073e000000|100%| O|Cm|TAMS 0x000000073de00000| PB 0x000000073de00000| Complete 
| 496|0x000000073e000000, 0x000000073e000000, 0x000000073e200000|  0%| F|  |TAMS 0x000000073e000000| PB 0x000000073e000000| Untracked 
| 497|0x000000073e200000, 0x000000073e400000, 0x000000073e400000|100%| O|  |TAMS 0x000000073e200000| PB 0x000000073e200000| Untracked 
| 498|0x000000073e400000, 0x000000073e600000, 0x000000073e600000|100%| O|Cm|TAMS 0x000000073e400000| PB 0x000000073e400000| Complete 
| 499|0x000000073e600000, 0x000000073e800000, 0x000000073e800000|100%| O|Cm|TAMS 0x000000073e600000| PB 0x000000073e600000| Complete 
| 500|0x000000073e800000, 0x000000073ea00000, 0x000000073ea00000|100%| O|Cm|TAMS 0x000000073e800000| PB 0x000000073e800000| Complete 
| 501|0x000000073ea00000, 0x000000073ec00000, 0x000000073ec00000|100%| O|  |TAMS 0x000000073ea00000| PB 0x000000073ea00000| Untracked 
| 502|0x000000073ec00000, 0x000000073ee00000, 0x000000073ee00000|100%| O|Cm|TAMS 0x000000073ec00000| PB 0x000000073ec00000| Complete 
| 503|0x000000073ee00000, 0x000000073ee00000, 0x000000073f000000|  0%| F|  |TAMS 0x000000073ee00000| PB 0x000000073ee00000| Untracked 
| 504|0x000000073f000000, 0x000000073f000000, 0x000000073f200000|  0%| F|  |TAMS 0x000000073f000000| PB 0x000000073f000000| Untracked 
| 505|0x000000073f200000, 0x000000073f400000, 0x000000073f400000|100%| O|Cm|TAMS 0x000000073f200000| PB 0x000000073f200000| Complete 
| 506|0x000000073f400000, 0x000000073f600000, 0x000000073f600000|100%| O|  |TAMS 0x000000073f400000| PB 0x000000073f400000| Untracked 
| 507|0x000000073f600000, 0x000000073f800000, 0x000000073f800000|100%| O|  |TAMS 0x000000073f600000| PB 0x000000073f600000| Untracked 
| 508|0x000000073f800000, 0x000000073fa00000, 0x000000073fa00000|100%| O|  |TAMS 0x000000073f800000| PB 0x000000073f800000| Untracked 
| 509|0x000000073fa00000, 0x000000073fc00000, 0x000000073fc00000|100%| O|Cm|TAMS 0x000000073fa00000| PB 0x000000073fa00000| Complete 
| 510|0x000000073fc00000, 0x000000073fe00000, 0x000000073fe00000|100%| O|Cm|TAMS 0x000000073fc00000| PB 0x000000073fc00000| Complete 
| 511|0x000000073fe00000, 0x0000000740000000, 0x0000000740000000|100%| O|  |TAMS 0x000000073fe00000| PB 0x000000073fe00000| Untracked 
| 512|0x0000000740000000, 0x0000000740200000, 0x0000000740200000|100%| O|  |TAMS 0x0000000740000000| PB 0x0000000740000000| Untracked 
| 513|0x0000000740200000, 0x0000000740400000, 0x0000000740400000|100%| O|  |TAMS 0x0000000740200000| PB 0x0000000740200000| Untracked 
| 514|0x0000000740400000, 0x0000000740600000, 0x0000000740600000|100%|HS|  |TAMS 0x0000000740400000| PB 0x0000000740400000| Complete 
| 515|0x0000000740600000, 0x0000000740800000, 0x0000000740800000|100%| O|  |TAMS 0x0000000740600000| PB 0x0000000740600000| Untracked 
| 516|0x0000000740800000, 0x0000000740a00000, 0x0000000740a00000|100%| O|Cm|TAMS 0x0000000740800000| PB 0x0000000740800000| Complete 
| 517|0x0000000740a00000, 0x0000000740c00000, 0x0000000740c00000|100%| O|Cm|TAMS 0x0000000740a00000| PB 0x0000000740a00000| Complete 
| 518|0x0000000740c00000, 0x0000000740e00000, 0x0000000740e00000|100%| O|  |TAMS 0x0000000740c00000| PB 0x0000000740c00000| Untracked 
| 519|0x0000000740e00000, 0x0000000741000000, 0x0000000741000000|100%| O|Cm|TAMS 0x0000000740e00000| PB 0x0000000740e00000| Complete 
| 520|0x0000000741000000, 0x0000000741000000, 0x0000000741200000|  0%| F|  |TAMS 0x0000000741000000| PB 0x0000000741000000| Untracked 
| 521|0x0000000741200000, 0x0000000741200000, 0x0000000741400000|  0%| F|  |TAMS 0x0000000741200000| PB 0x0000000741200000| Untracked 
| 522|0x0000000741400000, 0x0000000741600000, 0x0000000741600000|100%| O|Cm|TAMS 0x0000000741400000| PB 0x0000000741400000| Complete 
| 523|0x0000000741600000, 0x0000000741800000, 0x0000000741800000|100%| O|Cm|TAMS 0x0000000741600000| PB 0x0000000741600000| Complete 
| 524|0x0000000741800000, 0x0000000741a00000, 0x0000000741a00000|100%| O|  |TAMS 0x0000000741800000| PB 0x0000000741800000| Untracked 
| 525|0x0000000741a00000, 0x0000000741c00000, 0x0000000741c00000|100%| O|  |TAMS 0x0000000741a00000| PB 0x0000000741a00000| Untracked 
| 526|0x0000000741c00000, 0x0000000741e00000, 0x0000000741e00000|100%| O|Cm|TAMS 0x0000000741c00000| PB 0x0000000741c00000| Complete 
| 527|0x0000000741e00000, 0x0000000742000000, 0x0000000742000000|100%| O|Cm|TAMS 0x0000000741e00000| PB 0x0000000741e00000| Complete 
| 528|0x0000000742000000, 0x0000000742200000, 0x0000000742200000|100%| O|  |TAMS 0x0000000742000000| PB 0x0000000742000000| Untracked 
| 529|0x0000000742200000, 0x0000000742400000, 0x0000000742400000|100%| O|Cm|TAMS 0x0000000742200000| PB 0x0000000742200000| Complete 
| 530|0x0000000742400000, 0x0000000742600000, 0x0000000742600000|100%| O|  |TAMS 0x0000000742400000| PB 0x0000000742400000| Untracked 
| 531|0x0000000742600000, 0x0000000742800000, 0x0000000742800000|100%| O|Cm|TAMS 0x0000000742600000| PB 0x0000000742600000| Complete 
| 532|0x0000000742800000, 0x0000000742800000, 0x0000000742a00000|  0%| F|  |TAMS 0x0000000742800000| PB 0x0000000742800000| Untracked 
| 533|0x0000000742a00000, 0x0000000742a00000, 0x0000000742c00000|  0%| F|  |TAMS 0x0000000742a00000| PB 0x0000000742a00000| Untracked 
| 534|0x0000000742c00000, 0x0000000742c00000, 0x0000000742e00000|  0%| F|  |TAMS 0x0000000742c00000| PB 0x0000000742c00000| Untracked 
| 535|0x0000000742e00000, 0x0000000742e00000, 0x0000000743000000|  0%| F|  |TAMS 0x0000000742e00000| PB 0x0000000742e00000| Untracked 
| 536|0x0000000743000000, 0x0000000743000000, 0x0000000743200000|  0%| F|  |TAMS 0x0000000743000000| PB 0x0000000743000000| Untracked 
| 537|0x0000000743200000, 0x0000000743200000, 0x0000000743400000|  0%| F|  |TAMS 0x0000000743200000| PB 0x0000000743200000| Untracked 
| 538|0x0000000743400000, 0x0000000743400000, 0x0000000743600000|  0%| F|  |TAMS 0x0000000743400000| PB 0x0000000743400000| Untracked 
| 539|0x0000000743600000, 0x0000000743600000, 0x0000000743800000|  0%| F|  |TAMS 0x0000000743600000| PB 0x0000000743600000| Untracked 
| 540|0x0000000743800000, 0x0000000743800000, 0x0000000743a00000|  0%| F|  |TAMS 0x0000000743800000| PB 0x0000000743800000| Untracked 
| 541|0x0000000743a00000, 0x0000000743a00000, 0x0000000743c00000|  0%| F|  |TAMS 0x0000000743a00000| PB 0x0000000743a00000| Untracked 
| 542|0x0000000743c00000, 0x0000000743c00000, 0x0000000743e00000|  0%| F|  |TAMS 0x0000000743c00000| PB 0x0000000743c00000| Untracked 
| 543|0x0000000743e00000, 0x0000000743e00000, 0x0000000744000000|  0%| F|  |TAMS 0x0000000743e00000| PB 0x0000000743e00000| Untracked 
| 544|0x0000000744000000, 0x0000000744000000, 0x0000000744200000|  0%| F|  |TAMS 0x0000000744000000| PB 0x0000000744000000| Untracked 
| 545|0x0000000744200000, 0x0000000744200000, 0x0000000744400000|  0%| F|  |TAMS 0x0000000744200000| PB 0x0000000744200000| Untracked 
| 546|0x0000000744400000, 0x0000000744400000, 0x0000000744600000|  0%| F|  |TAMS 0x0000000744400000| PB 0x0000000744400000| Untracked 
| 547|0x0000000744600000, 0x0000000744600000, 0x0000000744800000|  0%| F|  |TAMS 0x0000000744600000| PB 0x0000000744600000| Untracked 
| 548|0x0000000744800000, 0x0000000744800000, 0x0000000744a00000|  0%| F|  |TAMS 0x0000000744800000| PB 0x0000000744800000| Untracked 
| 549|0x0000000744a00000, 0x0000000744c00000, 0x0000000744c00000|100%| O|Cm|TAMS 0x0000000744a00000| PB 0x0000000744a00000| Complete 
| 550|0x0000000744c00000, 0x0000000744e00000, 0x0000000744e00000|100%| O|Cm|TAMS 0x0000000744c00000| PB 0x0000000744c00000| Complete 
| 551|0x0000000744e00000, 0x0000000744e00000, 0x0000000745000000|  0%| F|  |TAMS 0x0000000744e00000| PB 0x0000000744e00000| Untracked 
| 552|0x0000000745000000, 0x0000000745200000, 0x0000000745200000|100%| O|Cm|TAMS 0x0000000745000000| PB 0x0000000745000000| Complete 
| 553|0x0000000745200000, 0x0000000745200000, 0x0000000745400000|  0%| F|  |TAMS 0x0000000745200000| PB 0x0000000745200000| Untracked 
| 554|0x0000000745400000, 0x0000000745600000, 0x0000000745600000|100%| O|Cm|TAMS 0x0000000745400000| PB 0x0000000745400000| Complete 
| 555|0x0000000745600000, 0x0000000745800000, 0x0000000745800000|100%| O|Cm|TAMS 0x0000000745600000| PB 0x0000000745600000| Complete 
| 556|0x0000000745800000, 0x0000000745a00000, 0x0000000745a00000|100%| O|  |TAMS 0x0000000745800000| PB 0x0000000745800000| Untracked 
| 557|0x0000000745a00000, 0x0000000745c00000, 0x0000000745c00000|100%| O|Cm|TAMS 0x0000000745a00000| PB 0x0000000745a00000| Complete 
| 558|0x0000000745c00000, 0x0000000745e00000, 0x0000000745e00000|100%| O|Cm|TAMS 0x0000000745c00000| PB 0x0000000745c00000| Complete 
| 559|0x0000000745e00000, 0x0000000746000000, 0x0000000746000000|100%| O|Cm|TAMS 0x0000000745e00000| PB 0x0000000745e00000| Complete 
| 560|0x0000000746000000, 0x0000000746200000, 0x0000000746200000|100%| O|Cm|TAMS 0x0000000746000000| PB 0x0000000746000000| Complete 
| 561|0x0000000746200000, 0x0000000746400000, 0x0000000746400000|100%| O|Cm|TAMS 0x0000000746200000| PB 0x0000000746200000| Complete 
| 562|0x0000000746400000, 0x0000000746600000, 0x0000000746600000|100%| O|Cm|TAMS 0x0000000746400000| PB 0x0000000746400000| Complete 
| 563|0x0000000746600000, 0x0000000746600000, 0x0000000746800000|  0%| F|  |TAMS 0x0000000746600000| PB 0x0000000746600000| Untracked 
| 564|0x0000000746800000, 0x0000000746a00000, 0x0000000746a00000|100%| O|Cm|TAMS 0x0000000746800000| PB 0x0000000746800000| Complete 
| 565|0x0000000746a00000, 0x0000000746a00000, 0x0000000746c00000|  0%| F|  |TAMS 0x0000000746a00000| PB 0x0000000746a00000| Untracked 
| 566|0x0000000746c00000, 0x0000000746e00000, 0x0000000746e00000|100%| O|  |TAMS 0x0000000746c00000| PB 0x0000000746c00000| Untracked 
| 567|0x0000000746e00000, 0x0000000747000000, 0x0000000747000000|100%| O|Cm|TAMS 0x0000000746e00000| PB 0x0000000746e00000| Complete 
| 568|0x0000000747000000, 0x0000000747200000, 0x0000000747200000|100%| O|Cm|TAMS 0x0000000747000000| PB 0x0000000747000000| Complete 
| 569|0x0000000747200000, 0x0000000747400000, 0x0000000747400000|100%| O|Cm|TAMS 0x0000000747200000| PB 0x0000000747200000| Complete 
| 570|0x0000000747400000, 0x0000000747600000, 0x0000000747600000|100%| O|Cm|TAMS 0x0000000747400000| PB 0x0000000747400000| Complete 
| 571|0x0000000747600000, 0x0000000747600000, 0x0000000747800000|  0%| F|  |TAMS 0x0000000747600000| PB 0x0000000747600000| Untracked 
| 572|0x0000000747800000, 0x0000000747a00000, 0x0000000747a00000|100%| O|Cm|TAMS 0x0000000747800000| PB 0x0000000747800000| Complete 
| 573|0x0000000747a00000, 0x0000000747a00000, 0x0000000747c00000|  0%| F|  |TAMS 0x0000000747a00000| PB 0x0000000747a00000| Untracked 
| 574|0x0000000747c00000, 0x0000000747c00000, 0x0000000747e00000|  0%| F|  |TAMS 0x0000000747c00000| PB 0x0000000747c00000| Untracked 
| 575|0x0000000747e00000, 0x0000000748000000, 0x0000000748000000|100%| O|Cm|TAMS 0x0000000747e00000| PB 0x0000000747e00000| Complete 
| 576|0x0000000748000000, 0x0000000748200000, 0x0000000748200000|100%|HS|  |TAMS 0x0000000748000000| PB 0x0000000748000000| Complete 
| 577|0x0000000748200000, 0x0000000748400000, 0x0000000748400000|100%|HC|  |TAMS 0x0000000748200000| PB 0x0000000748200000| Complete 
| 578|0x0000000748400000, 0x0000000748400000, 0x0000000748600000|  0%| F|  |TAMS 0x0000000748400000| PB 0x0000000748400000| Untracked 
| 579|0x0000000748600000, 0x0000000748800000, 0x0000000748800000|100%| O|Cm|TAMS 0x0000000748600000| PB 0x0000000748600000| Complete 
| 580|0x0000000748800000, 0x0000000748800000, 0x0000000748a00000|  0%| F|  |TAMS 0x0000000748800000| PB 0x0000000748800000| Untracked 
| 581|0x0000000748a00000, 0x0000000748a00000, 0x0000000748c00000|  0%| F|  |TAMS 0x0000000748a00000| PB 0x0000000748a00000| Untracked 
| 582|0x0000000748c00000, 0x0000000748c00000, 0x0000000748e00000|  0%| F|  |TAMS 0x0000000748c00000| PB 0x0000000748c00000| Untracked 
| 583|0x0000000748e00000, 0x0000000748e00000, 0x0000000749000000|  0%| F|  |TAMS 0x0000000748e00000| PB 0x0000000748e00000| Untracked 
| 584|0x0000000749000000, 0x0000000749200000, 0x0000000749200000|100%| O|  |TAMS 0x0000000749000000| PB 0x0000000749000000| Untracked 
| 585|0x0000000749200000, 0x0000000749400000, 0x0000000749400000|100%| O|  |TAMS 0x0000000749200000| PB 0x0000000749200000| Untracked 
| 586|0x0000000749400000, 0x0000000749600000, 0x0000000749600000|100%| O|  |TAMS 0x0000000749400000| PB 0x0000000749400000| Untracked 
| 587|0x0000000749600000, 0x0000000749800000, 0x0000000749800000|100%| O|  |TAMS 0x0000000749600000| PB 0x0000000749600000| Untracked 
| 588|0x0000000749800000, 0x0000000749a00000, 0x0000000749a00000|100%| O|Cm|TAMS 0x0000000749800000| PB 0x0000000749800000| Complete 
| 589|0x0000000749a00000, 0x0000000749c00000, 0x0000000749c00000|100%| O|  |TAMS 0x0000000749a00000| PB 0x0000000749a00000| Untracked 
| 590|0x0000000749c00000, 0x0000000749c00000, 0x0000000749e00000|  0%| F|  |TAMS 0x0000000749c00000| PB 0x0000000749c00000| Untracked 
| 591|0x0000000749e00000, 0x0000000749e00000, 0x000000074a000000|  0%| F|  |TAMS 0x0000000749e00000| PB 0x0000000749e00000| Untracked 
| 592|0x000000074a000000, 0x000000074a000000, 0x000000074a200000|  0%| F|  |TAMS 0x000000074a000000| PB 0x000000074a000000| Untracked 
| 593|0x000000074a200000, 0x000000074a400000, 0x000000074a400000|100%| O|  |TAMS 0x000000074a200000| PB 0x000000074a200000| Untracked 
| 594|0x000000074a400000, 0x000000074a400000, 0x000000074a600000|  0%| F|  |TAMS 0x000000074a400000| PB 0x000000074a400000| Untracked 
| 595|0x000000074a600000, 0x000000074a600000, 0x000000074a800000|  0%| F|  |TAMS 0x000000074a600000| PB 0x000000074a600000| Untracked 
| 596|0x000000074a800000, 0x000000074a800000, 0x000000074aa00000|  0%| F|  |TAMS 0x000000074a800000| PB 0x000000074a800000| Untracked 
| 597|0x000000074aa00000, 0x000000074ac00000, 0x000000074ac00000|100%|HS|  |TAMS 0x000000074aa00000| PB 0x000000074aa00000| Complete 
| 598|0x000000074ac00000, 0x000000074ac00000, 0x000000074ae00000|  0%| F|  |TAMS 0x000000074ac00000| PB 0x000000074ac00000| Untracked 
| 599|0x000000074ae00000, 0x000000074ae00000, 0x000000074b000000|  0%| F|  |TAMS 0x000000074ae00000| PB 0x000000074ae00000| Untracked 
| 600|0x000000074b000000, 0x000000074b000000, 0x000000074b200000|  0%| F|  |TAMS 0x000000074b000000| PB 0x000000074b000000| Untracked 
| 601|0x000000074b200000, 0x000000074b200000, 0x000000074b400000|  0%| F|  |TAMS 0x000000074b200000| PB 0x000000074b200000| Untracked 
| 602|0x000000074b400000, 0x000000074b400000, 0x000000074b600000|  0%| F|  |TAMS 0x000000074b400000| PB 0x000000074b400000| Untracked 
| 603|0x000000074b600000, 0x000000074b600000, 0x000000074b800000|  0%| F|  |TAMS 0x000000074b600000| PB 0x000000074b600000| Untracked 
| 604|0x000000074b800000, 0x000000074b800000, 0x000000074ba00000|  0%| F|  |TAMS 0x000000074b800000| PB 0x000000074b800000| Untracked 
| 605|0x000000074ba00000, 0x000000074ba00000, 0x000000074bc00000|  0%| F|  |TAMS 0x000000074ba00000| PB 0x000000074ba00000| Untracked 
| 606|0x000000074bc00000, 0x000000074bc00000, 0x000000074be00000|  0%| F|  |TAMS 0x000000074bc00000| PB 0x000000074bc00000| Untracked 
| 607|0x000000074be00000, 0x000000074be00000, 0x000000074c000000|  0%| F|  |TAMS 0x000000074be00000| PB 0x000000074be00000| Untracked 
| 608|0x000000074c000000, 0x000000074c000000, 0x000000074c200000|  0%| F|  |TAMS 0x000000074c000000| PB 0x000000074c000000| Untracked 
| 609|0x000000074c200000, 0x000000074c200000, 0x000000074c400000|  0%| F|  |TAMS 0x000000074c200000| PB 0x000000074c200000| Untracked 
| 610|0x000000074c400000, 0x000000074c400000, 0x000000074c600000|  0%| F|  |TAMS 0x000000074c400000| PB 0x000000074c400000| Untracked 
| 611|0x000000074c600000, 0x000000074c800000, 0x000000074c800000|100%| O|Cm|TAMS 0x000000074c600000| PB 0x000000074c600000| Complete 
| 612|0x000000074c800000, 0x000000074c800000, 0x000000074ca00000|  0%| F|  |TAMS 0x000000074c800000| PB 0x000000074c800000| Untracked 
| 613|0x000000074ca00000, 0x000000074ca00000, 0x000000074cc00000|  0%| F|  |TAMS 0x000000074ca00000| PB 0x000000074ca00000| Untracked 
| 614|0x000000074cc00000, 0x000000074cc00000, 0x000000074ce00000|  0%| F|  |TAMS 0x000000074cc00000| PB 0x000000074cc00000| Untracked 
| 615|0x000000074ce00000, 0x000000074ce00000, 0x000000074d000000|  0%| F|  |TAMS 0x000000074ce00000| PB 0x000000074ce00000| Untracked 
| 616|0x000000074d000000, 0x000000074d000000, 0x000000074d200000|  0%| F|  |TAMS 0x000000074d000000| PB 0x000000074d000000| Untracked 
| 617|0x000000074d200000, 0x000000074d200000, 0x000000074d400000|  0%| F|  |TAMS 0x000000074d200000| PB 0x000000074d200000| Untracked 
| 618|0x000000074d400000, 0x000000074d600000, 0x000000074d600000|100%| O|Cm|TAMS 0x000000074d400000| PB 0x000000074d400000| Complete 
| 619|0x000000074d600000, 0x000000074d800000, 0x000000074d800000|100%| O|Cm|TAMS 0x000000074d600000| PB 0x000000074d600000| Complete 
| 620|0x000000074d800000, 0x000000074da00000, 0x000000074da00000|100%| O|Cm|TAMS 0x000000074d800000| PB 0x000000074d800000| Complete 
| 621|0x000000074da00000, 0x000000074da00000, 0x000000074dc00000|  0%| F|  |TAMS 0x000000074da00000| PB 0x000000074da00000| Untracked 
| 622|0x000000074dc00000, 0x000000074dc00000, 0x000000074de00000|  0%| F|  |TAMS 0x000000074dc00000| PB 0x000000074dc00000| Untracked 
| 623|0x000000074de00000, 0x000000074de00000, 0x000000074e000000|  0%| F|  |TAMS 0x000000074de00000| PB 0x000000074de00000| Untracked 
| 624|0x000000074e000000, 0x000000074e000000, 0x000000074e200000|  0%| F|  |TAMS 0x000000074e000000| PB 0x000000074e000000| Untracked 
| 625|0x000000074e200000, 0x000000074e200000, 0x000000074e400000|  0%| F|  |TAMS 0x000000074e200000| PB 0x000000074e200000| Untracked 
| 626|0x000000074e400000, 0x000000074e400000, 0x000000074e600000|  0%| F|  |TAMS 0x000000074e400000| PB 0x000000074e400000| Untracked 
| 627|0x000000074e600000, 0x000000074e600000, 0x000000074e800000|  0%| F|  |TAMS 0x000000074e600000| PB 0x000000074e600000| Untracked 
| 628|0x000000074e800000, 0x000000074e800000, 0x000000074ea00000|  0%| F|  |TAMS 0x000000074e800000| PB 0x000000074e800000| Untracked 
| 629|0x000000074ea00000, 0x000000074ea00000, 0x000000074ec00000|  0%| F|  |TAMS 0x000000074ea00000| PB 0x000000074ea00000| Untracked 
| 630|0x000000074ec00000, 0x000000074ec00000, 0x000000074ee00000|  0%| F|  |TAMS 0x000000074ec00000| PB 0x000000074ec00000| Untracked 
| 631|0x000000074ee00000, 0x000000074ee00000, 0x000000074f000000|  0%| F|  |TAMS 0x000000074ee00000| PB 0x000000074ee00000| Untracked 
| 632|0x000000074f000000, 0x000000074f200000, 0x000000074f200000|100%| O|Cm|TAMS 0x000000074f000000| PB 0x000000074f000000| Complete 
| 633|0x000000074f200000, 0x000000074f400000, 0x000000074f400000|100%| O|Cm|TAMS 0x000000074f200000| PB 0x000000074f200000| Complete 
| 634|0x000000074f400000, 0x000000074f600000, 0x000000074f600000|100%| O|Cm|TAMS 0x000000074f400000| PB 0x000000074f400000| Complete 
| 635|0x000000074f600000, 0x000000074f800000, 0x000000074f800000|100%| O|Cm|TAMS 0x000000074f600000| PB 0x000000074f600000| Complete 
| 636|0x000000074f800000, 0x000000074fa00000, 0x000000074fa00000|100%| O|Cm|TAMS 0x000000074f800000| PB 0x000000074f800000| Complete 
| 637|0x000000074fa00000, 0x000000074fc00000, 0x000000074fc00000|100%| O|Cm|TAMS 0x000000074fa00000| PB 0x000000074fa00000| Complete 
| 638|0x000000074fc00000, 0x000000074fc00000, 0x000000074fe00000|  0%| F|  |TAMS 0x000000074fc00000| PB 0x000000074fc00000| Untracked 
| 639|0x000000074fe00000, 0x000000074fe00000, 0x0000000750000000|  0%| F|  |TAMS 0x000000074fe00000| PB 0x000000074fe00000| Untracked 
| 640|0x0000000750000000, 0x0000000750000000, 0x0000000750200000|  0%| F|  |TAMS 0x0000000750000000| PB 0x0000000750000000| Untracked 
| 641|0x0000000750200000, 0x0000000750200000, 0x0000000750400000|  0%| F|  |TAMS 0x0000000750200000| PB 0x0000000750200000| Untracked 
| 642|0x0000000750400000, 0x0000000750400000, 0x0000000750600000|  0%| F|  |TAMS 0x0000000750400000| PB 0x0000000750400000| Untracked 
| 643|0x0000000750600000, 0x0000000750600000, 0x0000000750800000|  0%| F|  |TAMS 0x0000000750600000| PB 0x0000000750600000| Untracked 
| 644|0x0000000750800000, 0x0000000750800000, 0x0000000750a00000|  0%| F|  |TAMS 0x0000000750800000| PB 0x0000000750800000| Untracked 
| 645|0x0000000750a00000, 0x0000000750c00000, 0x0000000750c00000|100%| O|  |TAMS 0x0000000750a00000| PB 0x0000000750a00000| Untracked 
| 646|0x0000000750c00000, 0x0000000750e00000, 0x0000000750e00000|100%| O|  |TAMS 0x0000000750c00000| PB 0x0000000750c00000| Untracked 
| 647|0x0000000750e00000, 0x0000000750e00000, 0x0000000751000000|  0%| F|  |TAMS 0x0000000750e00000| PB 0x0000000750e00000| Untracked 
| 648|0x0000000751000000, 0x0000000751000000, 0x0000000751200000|  0%| F|  |TAMS 0x0000000751000000| PB 0x0000000751000000| Untracked 
| 649|0x0000000751200000, 0x0000000751200000, 0x0000000751400000|  0%| F|  |TAMS 0x0000000751200000| PB 0x0000000751200000| Untracked 
| 650|0x0000000751400000, 0x0000000751400000, 0x0000000751600000|  0%| F|  |TAMS 0x0000000751400000| PB 0x0000000751400000| Untracked 
| 651|0x0000000751600000, 0x0000000751600000, 0x0000000751800000|  0%| F|  |TAMS 0x0000000751600000| PB 0x0000000751600000| Untracked 
| 652|0x0000000751800000, 0x0000000751800000, 0x0000000751a00000|  0%| F|  |TAMS 0x0000000751800000| PB 0x0000000751800000| Untracked 
| 653|0x0000000751a00000, 0x0000000751a00000, 0x0000000751c00000|  0%| F|  |TAMS 0x0000000751a00000| PB 0x0000000751a00000| Untracked 
| 654|0x0000000751c00000, 0x0000000751c00000, 0x0000000751e00000|  0%| F|  |TAMS 0x0000000751c00000| PB 0x0000000751c00000| Untracked 
| 655|0x0000000751e00000, 0x0000000752000000, 0x0000000752000000|100%| O|Cm|TAMS 0x0000000751e00000| PB 0x0000000751e00000| Complete 
| 656|0x0000000752000000, 0x0000000752200000, 0x0000000752200000|100%| O|  |TAMS 0x0000000752000000| PB 0x0000000752000000| Untracked 
| 657|0x0000000752200000, 0x0000000752200000, 0x0000000752400000|  0%| F|  |TAMS 0x0000000752200000| PB 0x0000000752200000| Untracked 
| 658|0x0000000752400000, 0x0000000752600000, 0x0000000752600000|100%| O|Cm|TAMS 0x0000000752400000| PB 0x0000000752400000| Complete 
| 659|0x0000000752600000, 0x0000000752600000, 0x0000000752800000|  0%| F|  |TAMS 0x0000000752600000| PB 0x0000000752600000| Untracked 
| 660|0x0000000752800000, 0x0000000752800000, 0x0000000752a00000|  0%| F|  |TAMS 0x0000000752800000| PB 0x0000000752800000| Untracked 
| 661|0x0000000752a00000, 0x0000000752a00000, 0x0000000752c00000|  0%| F|  |TAMS 0x0000000752a00000| PB 0x0000000752a00000| Untracked 
| 662|0x0000000752c00000, 0x0000000752c00000, 0x0000000752e00000|  0%| F|  |TAMS 0x0000000752c00000| PB 0x0000000752c00000| Untracked 
| 663|0x0000000752e00000, 0x0000000753000000, 0x0000000753000000|100%| O|  |TAMS 0x0000000752e00000| PB 0x0000000752e00000| Untracked 
| 664|0x0000000753000000, 0x0000000753000000, 0x0000000753200000|  0%| F|  |TAMS 0x0000000753000000| PB 0x0000000753000000| Untracked 
| 665|0x0000000753200000, 0x0000000753200000, 0x0000000753400000|  0%| F|  |TAMS 0x0000000753200000| PB 0x0000000753200000| Untracked 
| 666|0x0000000753400000, 0x0000000753400000, 0x0000000753600000|  0%| F|  |TAMS 0x0000000753400000| PB 0x0000000753400000| Untracked 
| 667|0x0000000753600000, 0x0000000753600000, 0x0000000753800000|  0%| F|  |TAMS 0x0000000753600000| PB 0x0000000753600000| Untracked 
| 668|0x0000000753800000, 0x0000000753800000, 0x0000000753a00000|  0%| F|  |TAMS 0x0000000753800000| PB 0x0000000753800000| Untracked 
| 669|0x0000000753a00000, 0x0000000753a00000, 0x0000000753c00000|  0%| F|  |TAMS 0x0000000753a00000| PB 0x0000000753a00000| Untracked 
| 670|0x0000000753c00000, 0x0000000753e00000, 0x0000000753e00000|100%| O|Cm|TAMS 0x0000000753c00000| PB 0x0000000753c00000| Complete 
| 671|0x0000000753e00000, 0x0000000754000000, 0x0000000754000000|100%| O|Cm|TAMS 0x0000000753e00000| PB 0x0000000753e00000| Complete 
| 672|0x0000000754000000, 0x0000000754200000, 0x0000000754200000|100%| O|Cm|TAMS 0x0000000754000000| PB 0x0000000754000000| Complete 
| 673|0x0000000754200000, 0x0000000754400000, 0x0000000754400000|100%| O|  |TAMS 0x0000000754200000| PB 0x0000000754200000| Untracked 
| 674|0x0000000754400000, 0x0000000754600000, 0x0000000754600000|100%| O|Cm|TAMS 0x0000000754400000| PB 0x0000000754400000| Complete 
| 675|0x0000000754600000, 0x0000000754800000, 0x0000000754800000|100%| O|Cm|TAMS 0x0000000754600000| PB 0x0000000754600000| Complete 
| 676|0x0000000754800000, 0x0000000754a00000, 0x0000000754a00000|100%| O|Cm|TAMS 0x0000000754800000| PB 0x0000000754800000| Complete 
| 677|0x0000000754a00000, 0x0000000754c00000, 0x0000000754c00000|100%| O|  |TAMS 0x0000000754a00000| PB 0x0000000754a00000| Untracked 
| 678|0x0000000754c00000, 0x0000000754e00000, 0x0000000754e00000|100%| O|  |TAMS 0x0000000754c00000| PB 0x0000000754c00000| Untracked 
| 679|0x0000000754e00000, 0x0000000755000000, 0x0000000755000000|100%| O|Cm|TAMS 0x0000000754e00000| PB 0x0000000754e00000| Complete 
| 680|0x0000000755000000, 0x0000000755200000, 0x0000000755200000|100%| O|Cm|TAMS 0x0000000755000000| PB 0x0000000755000000| Complete 
| 681|0x0000000755200000, 0x0000000755200000, 0x0000000755400000|  0%| F|  |TAMS 0x0000000755200000| PB 0x0000000755200000| Untracked 
| 682|0x0000000755400000, 0x0000000755600000, 0x0000000755600000|100%| O|  |TAMS 0x0000000755400000| PB 0x0000000755400000| Untracked 
| 683|0x0000000755600000, 0x0000000755800000, 0x0000000755800000|100%| O|  |TAMS 0x0000000755600000| PB 0x0000000755600000| Untracked 
| 684|0x0000000755800000, 0x0000000755a00000, 0x0000000755a00000|100%| O|Cm|TAMS 0x0000000755800000| PB 0x0000000755800000| Complete 
| 685|0x0000000755a00000, 0x0000000755c00000, 0x0000000755c00000|100%| O|Cm|TAMS 0x0000000755a00000| PB 0x0000000755a00000| Complete 
| 686|0x0000000755c00000, 0x0000000755e00000, 0x0000000755e00000|100%| O|Cm|TAMS 0x0000000755c00000| PB 0x0000000755c00000| Complete 
| 687|0x0000000755e00000, 0x0000000756000000, 0x0000000756000000|100%| O|Cm|TAMS 0x0000000755e00000| PB 0x0000000755e00000| Complete 
| 688|0x0000000756000000, 0x0000000756200000, 0x0000000756200000|100%| O|Cm|TAMS 0x0000000756000000| PB 0x0000000756000000| Complete 
| 689|0x0000000756200000, 0x0000000756400000, 0x0000000756400000|100%| O|Cm|TAMS 0x0000000756200000| PB 0x0000000756200000| Complete 
| 690|0x0000000756400000, 0x0000000756400000, 0x0000000756600000|  0%| F|  |TAMS 0x0000000756400000| PB 0x0000000756400000| Untracked 
| 691|0x0000000756600000, 0x0000000756800000, 0x0000000756800000|100%| O|  |TAMS 0x0000000756600000| PB 0x0000000756600000| Untracked 
| 692|0x0000000756800000, 0x0000000756800000, 0x0000000756a00000|  0%| F|  |TAMS 0x0000000756800000| PB 0x0000000756800000| Untracked 
| 693|0x0000000756a00000, 0x0000000756a00000, 0x0000000756c00000|  0%| F|  |TAMS 0x0000000756a00000| PB 0x0000000756a00000| Untracked 
| 694|0x0000000756c00000, 0x0000000756c00000, 0x0000000756e00000|  0%| F|  |TAMS 0x0000000756c00000| PB 0x0000000756c00000| Untracked 
| 695|0x0000000756e00000, 0x0000000756e00000, 0x0000000757000000|  0%| F|  |TAMS 0x0000000756e00000| PB 0x0000000756e00000| Untracked 
| 696|0x0000000757000000, 0x0000000757000000, 0x0000000757200000|  0%| F|  |TAMS 0x0000000757000000| PB 0x0000000757000000| Untracked 
| 697|0x0000000757200000, 0x0000000757200000, 0x0000000757400000|  0%| F|  |TAMS 0x0000000757200000| PB 0x0000000757200000| Untracked 
| 698|0x0000000757400000, 0x0000000757400000, 0x0000000757600000|  0%| F|  |TAMS 0x0000000757400000| PB 0x0000000757400000| Untracked 
| 699|0x0000000757600000, 0x0000000757600000, 0x0000000757800000|  0%| F|  |TAMS 0x0000000757600000| PB 0x0000000757600000| Untracked 
| 700|0x0000000757800000, 0x0000000757800000, 0x0000000757a00000|  0%| F|  |TAMS 0x0000000757800000| PB 0x0000000757800000| Untracked 
| 701|0x0000000757a00000, 0x0000000757a00000, 0x0000000757c00000|  0%| F|  |TAMS 0x0000000757a00000| PB 0x0000000757a00000| Untracked 
| 702|0x0000000757c00000, 0x0000000757c00000, 0x0000000757e00000|  0%| F|  |TAMS 0x0000000757c00000| PB 0x0000000757c00000| Untracked 
| 703|0x0000000757e00000, 0x0000000757e00000, 0x0000000758000000|  0%| F|  |TAMS 0x0000000757e00000| PB 0x0000000757e00000| Untracked 
| 704|0x0000000758000000, 0x0000000758000000, 0x0000000758200000|  0%| F|  |TAMS 0x0000000758000000| PB 0x0000000758000000| Untracked 
| 705|0x0000000758200000, 0x0000000758200000, 0x0000000758400000|  0%| F|  |TAMS 0x0000000758200000| PB 0x0000000758200000| Untracked 
| 706|0x0000000758400000, 0x0000000758600000, 0x0000000758600000|100%| O|Cm|TAMS 0x0000000758400000| PB 0x0000000758400000| Complete 
| 707|0x0000000758600000, 0x0000000758800000, 0x0000000758800000|100%| O|Cm|TAMS 0x0000000758600000| PB 0x0000000758600000| Complete 
| 708|0x0000000758800000, 0x0000000758a00000, 0x0000000758a00000|100%| O|  |TAMS 0x0000000758800000| PB 0x0000000758800000| Untracked 
| 709|0x0000000758a00000, 0x0000000758a00000, 0x0000000758c00000|  0%| F|  |TAMS 0x0000000758a00000| PB 0x0000000758a00000| Untracked 
| 710|0x0000000758c00000, 0x0000000758c00000, 0x0000000758e00000|  0%| F|  |TAMS 0x0000000758c00000| PB 0x0000000758c00000| Untracked 
| 711|0x0000000758e00000, 0x0000000758e00000, 0x0000000759000000|  0%| F|  |TAMS 0x0000000758e00000| PB 0x0000000758e00000| Untracked 
| 712|0x0000000759000000, 0x0000000759000000, 0x0000000759200000|  0%| F|  |TAMS 0x0000000759000000| PB 0x0000000759000000| Untracked 
| 713|0x0000000759200000, 0x0000000759200000, 0x0000000759400000|  0%| F|  |TAMS 0x0000000759200000| PB 0x0000000759200000| Untracked 
| 714|0x0000000759400000, 0x0000000759600000, 0x0000000759600000|100%| O|Cm|TAMS 0x0000000759400000| PB 0x0000000759400000| Complete 
| 715|0x0000000759600000, 0x0000000759800000, 0x0000000759800000|100%| O|  |TAMS 0x0000000759600000| PB 0x0000000759600000| Untracked 
| 716|0x0000000759800000, 0x0000000759800000, 0x0000000759a00000|  0%| F|  |TAMS 0x0000000759800000| PB 0x0000000759800000| Untracked 
| 717|0x0000000759a00000, 0x0000000759a00000, 0x0000000759c00000|  0%| F|  |TAMS 0x0000000759a00000| PB 0x0000000759a00000| Untracked 
| 718|0x0000000759c00000, 0x0000000759c00000, 0x0000000759e00000|  0%| F|  |TAMS 0x0000000759c00000| PB 0x0000000759c00000| Untracked 
| 719|0x0000000759e00000, 0x0000000759e00000, 0x000000075a000000|  0%| F|  |TAMS 0x0000000759e00000| PB 0x0000000759e00000| Untracked 
| 720|0x000000075a000000, 0x000000075a000000, 0x000000075a200000|  0%| F|  |TAMS 0x000000075a000000| PB 0x000000075a000000| Untracked 
| 721|0x000000075a200000, 0x000000075a400000, 0x000000075a400000|100%| O|Cm|TAMS 0x000000075a200000| PB 0x000000075a200000| Complete 
| 722|0x000000075a400000, 0x000000075a600000, 0x000000075a600000|100%| O|Cm|TAMS 0x000000075a400000| PB 0x000000075a400000| Complete 
| 723|0x000000075a600000, 0x000000075a800000, 0x000000075a800000|100%| O|Cm|TAMS 0x000000075a600000| PB 0x000000075a600000| Complete 
| 724|0x000000075a800000, 0x000000075aa00000, 0x000000075aa00000|100%| O|Cm|TAMS 0x000000075a800000| PB 0x000000075a800000| Complete 
| 725|0x000000075aa00000, 0x000000075ac00000, 0x000000075ac00000|100%| O|Cm|TAMS 0x000000075aa00000| PB 0x000000075aa00000| Complete 
| 726|0x000000075ac00000, 0x000000075ae00000, 0x000000075ae00000|100%| O|Cm|TAMS 0x000000075ac00000| PB 0x000000075ac00000| Complete 
| 727|0x000000075ae00000, 0x000000075b000000, 0x000000075b000000|100%| O|Cm|TAMS 0x000000075ae00000| PB 0x000000075ae00000| Complete 
| 728|0x000000075b000000, 0x000000075b200000, 0x000000075b200000|100%| O|Cm|TAMS 0x000000075b000000| PB 0x000000075b000000| Complete 
| 729|0x000000075b200000, 0x000000075b200000, 0x000000075b400000|  0%| F|  |TAMS 0x000000075b200000| PB 0x000000075b200000| Untracked 
| 730|0x000000075b400000, 0x000000075b400000, 0x000000075b600000|  0%| F|  |TAMS 0x000000075b400000| PB 0x000000075b400000| Untracked 
| 731|0x000000075b600000, 0x000000075b600000, 0x000000075b800000|  0%| F|  |TAMS 0x000000075b600000| PB 0x000000075b600000| Untracked 
| 732|0x000000075b800000, 0x000000075b800000, 0x000000075ba00000|  0%| F|  |TAMS 0x000000075b800000| PB 0x000000075b800000| Untracked 
| 733|0x000000075ba00000, 0x000000075ba00000, 0x000000075bc00000|  0%| F|  |TAMS 0x000000075ba00000| PB 0x000000075ba00000| Untracked 
| 734|0x000000075bc00000, 0x000000075be00000, 0x000000075be00000|100%|HS|  |TAMS 0x000000075bc00000| PB 0x000000075bc00000| Complete 
| 735|0x000000075be00000, 0x000000075c000000, 0x000000075c000000|100%|HC|  |TAMS 0x000000075be00000| PB 0x000000075be00000| Complete 
| 736|0x000000075c000000, 0x000000075c200000, 0x000000075c200000|100%|HC|  |TAMS 0x000000075c000000| PB 0x000000075c000000| Complete 
| 737|0x000000075c200000, 0x000000075c400000, 0x000000075c400000|100%|HC|  |TAMS 0x000000075c200000| PB 0x000000075c200000| Complete 
| 738|0x000000075c400000, 0x000000075c400000, 0x000000075c600000|  0%| F|  |TAMS 0x000000075c400000| PB 0x000000075c400000| Untracked 
| 739|0x000000075c600000, 0x000000075c600000, 0x000000075c800000|  0%| F|  |TAMS 0x000000075c600000| PB 0x000000075c600000| Untracked 
| 740|0x000000075c800000, 0x000000075c800000, 0x000000075ca00000|  0%| F|  |TAMS 0x000000075c800000| PB 0x000000075c800000| Untracked 
| 741|0x000000075ca00000, 0x000000075ca00000, 0x000000075cc00000|  0%| F|  |TAMS 0x000000075ca00000| PB 0x000000075ca00000| Untracked 
| 742|0x000000075cc00000, 0x000000075cc00000, 0x000000075ce00000|  0%| F|  |TAMS 0x000000075cc00000| PB 0x000000075cc00000| Untracked 
| 743|0x000000075ce00000, 0x000000075ce00000, 0x000000075d000000|  0%| F|  |TAMS 0x000000075ce00000| PB 0x000000075ce00000| Untracked 
| 744|0x000000075d000000, 0x000000075d000000, 0x000000075d200000|  0%| F|  |TAMS 0x000000075d000000| PB 0x000000075d000000| Untracked 
| 745|0x000000075d200000, 0x000000075d200000, 0x000000075d400000|  0%| F|  |TAMS 0x000000075d200000| PB 0x000000075d200000| Untracked 
| 746|0x000000075d400000, 0x000000075d600000, 0x000000075d600000|100%| O|Cm|TAMS 0x000000075d400000| PB 0x000000075d400000| Complete 
| 747|0x000000075d600000, 0x000000075d800000, 0x000000075d800000|100%| O|Cm|TAMS 0x000000075d600000| PB 0x000000075d600000| Complete 
| 748|0x000000075d800000, 0x000000075da00000, 0x000000075da00000|100%| O|Cm|TAMS 0x000000075d800000| PB 0x000000075d800000| Complete 
| 749|0x000000075da00000, 0x000000075dc00000, 0x000000075dc00000|100%| O|Cm|TAMS 0x000000075da00000| PB 0x000000075da00000| Complete 
| 750|0x000000075dc00000, 0x000000075de00000, 0x000000075de00000|100%| O|Cm|TAMS 0x000000075dc00000| PB 0x000000075dc00000| Complete 
| 751|0x000000075de00000, 0x000000075e000000, 0x000000075e000000|100%| O|Cm|TAMS 0x000000075de00000| PB 0x000000075de00000| Complete 
| 752|0x000000075e000000, 0x000000075e200000, 0x000000075e200000|100%| O|Cm|TAMS 0x000000075e000000| PB 0x000000075e000000| Complete 
| 753|0x000000075e200000, 0x000000075e400000, 0x000000075e400000|100%| O|Cm|TAMS 0x000000075e200000| PB 0x000000075e200000| Complete 
| 754|0x000000075e400000, 0x000000075e400000, 0x000000075e600000|  0%| F|  |TAMS 0x000000075e400000| PB 0x000000075e400000| Untracked 
| 755|0x000000075e600000, 0x000000075e800000, 0x000000075e800000|100%| O|Cm|TAMS 0x000000075e600000| PB 0x000000075e600000| Complete 
| 756|0x000000075e800000, 0x000000075ea00000, 0x000000075ea00000|100%| O|Cm|TAMS 0x000000075e800000| PB 0x000000075e800000| Complete 
| 757|0x000000075ea00000, 0x000000075ec00000, 0x000000075ec00000|100%| O|Cm|TAMS 0x000000075ea00000| PB 0x000000075ea00000| Complete 
| 758|0x000000075ec00000, 0x000000075ec00000, 0x000000075ee00000|  0%| F|  |TAMS 0x000000075ec00000| PB 0x000000075ec00000| Untracked 
| 759|0x000000075ee00000, 0x000000075f000000, 0x000000075f000000|100%| O|Cm|TAMS 0x000000075ee00000| PB 0x000000075ee00000| Complete 
| 760|0x000000075f000000, 0x000000075f200000, 0x000000075f200000|100%| O|Cm|TAMS 0x000000075f000000| PB 0x000000075f000000| Complete 
| 761|0x000000075f200000, 0x000000075f400000, 0x000000075f400000|100%| O|Cm|TAMS 0x000000075f200000| PB 0x000000075f200000| Complete 
| 762|0x000000075f400000, 0x000000075f600000, 0x000000075f600000|100%| O|Cm|TAMS 0x000000075f400000| PB 0x000000075f400000| Complete 
| 763|0x000000075f600000, 0x000000075f800000, 0x000000075f800000|100%| O|Cm|TAMS 0x000000075f600000| PB 0x000000075f600000| Complete 
| 764|0x000000075f800000, 0x000000075fa00000, 0x000000075fa00000|100%| O|Cm|TAMS 0x000000075f800000| PB 0x000000075f800000| Complete 
| 765|0x000000075fa00000, 0x000000075fc00000, 0x000000075fc00000|100%| O|Cm|TAMS 0x000000075fa00000| PB 0x000000075fa00000| Complete 
| 766|0x000000075fc00000, 0x000000075fe00000, 0x000000075fe00000|100%| O|Cm|TAMS 0x000000075fc00000| PB 0x000000075fc00000| Complete 
| 767|0x000000075fe00000, 0x0000000760000000, 0x0000000760000000|100%| O|Cm|TAMS 0x000000075fe00000| PB 0x000000075fe00000| Complete 
| 768|0x0000000760000000, 0x0000000760200000, 0x0000000760200000|100%| O|Cm|TAMS 0x0000000760000000| PB 0x0000000760000000| Complete 
| 769|0x0000000760200000, 0x0000000760400000, 0x0000000760400000|100%| O|Cm|TAMS 0x0000000760200000| PB 0x0000000760200000| Complete 
| 770|0x0000000760400000, 0x0000000760600000, 0x0000000760600000|100%| O|Cm|TAMS 0x0000000760400000| PB 0x0000000760400000| Complete 
| 771|0x0000000760600000, 0x0000000760600000, 0x0000000760800000|  0%| F|  |TAMS 0x0000000760600000| PB 0x0000000760600000| Untracked 
| 772|0x0000000760800000, 0x0000000760a00000, 0x0000000760a00000|100%| O|Cm|TAMS 0x0000000760800000| PB 0x0000000760800000| Complete 
| 773|0x0000000760a00000, 0x0000000760a00000, 0x0000000760c00000|  0%| F|  |TAMS 0x0000000760a00000| PB 0x0000000760a00000| Untracked 
| 774|0x0000000760c00000, 0x0000000760c00000, 0x0000000760e00000|  0%| F|  |TAMS 0x0000000760c00000| PB 0x0000000760c00000| Untracked 
| 775|0x0000000760e00000, 0x0000000761000000, 0x0000000761000000|100%| O|Cm|TAMS 0x0000000760e00000| PB 0x0000000760e00000| Complete 
| 776|0x0000000761000000, 0x0000000761200000, 0x0000000761200000|100%| O|Cm|TAMS 0x0000000761000000| PB 0x0000000761000000| Complete 
| 777|0x0000000761200000, 0x0000000761400000, 0x0000000761400000|100%| O|Cm|TAMS 0x0000000761200000| PB 0x0000000761200000| Complete 
| 778|0x0000000761400000, 0x0000000761600000, 0x0000000761600000|100%| O|Cm|TAMS 0x0000000761400000| PB 0x0000000761400000| Complete 
| 779|0x0000000761600000, 0x0000000761600000, 0x0000000761800000|  0%| F|  |TAMS 0x0000000761600000| PB 0x0000000761600000| Untracked 
| 780|0x0000000761800000, 0x0000000761a00000, 0x0000000761a00000|100%| O|Cm|TAMS 0x0000000761800000| PB 0x0000000761800000| Complete 
| 781|0x0000000761a00000, 0x0000000761c00000, 0x0000000761c00000|100%| O|  |TAMS 0x0000000761a00000| PB 0x0000000761a00000| Untracked 
| 782|0x0000000761c00000, 0x0000000761e00000, 0x0000000761e00000|100%| O|Cm|TAMS 0x0000000761c00000| PB 0x0000000761c00000| Complete 
| 783|0x0000000761e00000, 0x0000000762000000, 0x0000000762000000|100%| O|Cm|TAMS 0x0000000761e00000| PB 0x0000000761e00000| Complete 
| 784|0x0000000762000000, 0x0000000762200000, 0x0000000762200000|100%| O|Cm|TAMS 0x0000000762000000| PB 0x0000000762000000| Complete 
| 785|0x0000000762200000, 0x0000000762400000, 0x0000000762400000|100%| O|Cm|TAMS 0x0000000762200000| PB 0x0000000762200000| Complete 
| 786|0x0000000762400000, 0x0000000762600000, 0x0000000762600000|100%| O|Cm|TAMS 0x0000000762400000| PB 0x0000000762400000| Complete 
| 787|0x0000000762600000, 0x0000000762600000, 0x0000000762800000|  0%| F|  |TAMS 0x0000000762600000| PB 0x0000000762600000| Untracked 
| 788|0x0000000762800000, 0x0000000762a00000, 0x0000000762a00000|100%| O|Cm|TAMS 0x0000000762800000| PB 0x0000000762800000| Complete 
| 789|0x0000000762a00000, 0x0000000762c00000, 0x0000000762c00000|100%| O|Cm|TAMS 0x0000000762a00000| PB 0x0000000762a00000| Complete 
| 790|0x0000000762c00000, 0x0000000762e00000, 0x0000000762e00000|100%| O|Cm|TAMS 0x0000000762c00000| PB 0x0000000762c00000| Complete 
| 791|0x0000000762e00000, 0x0000000763000000, 0x0000000763000000|100%| O|Cm|TAMS 0x0000000762e00000| PB 0x0000000762e00000| Complete 
| 792|0x0000000763000000, 0x0000000763200000, 0x0000000763200000|100%| O|Cm|TAMS 0x0000000763000000| PB 0x0000000763000000| Complete 
| 793|0x0000000763200000, 0x0000000763400000, 0x0000000763400000|100%| O|Cm|TAMS 0x0000000763200000| PB 0x0000000763200000| Complete 
| 794|0x0000000763400000, 0x0000000763600000, 0x0000000763600000|100%| O|Cm|TAMS 0x0000000763400000| PB 0x0000000763400000| Complete 
| 795|0x0000000763600000, 0x0000000763800000, 0x0000000763800000|100%| O|Cm|TAMS 0x0000000763600000| PB 0x0000000763600000| Complete 
| 796|0x0000000763800000, 0x0000000763a00000, 0x0000000763a00000|100%| O|Cm|TAMS 0x0000000763800000| PB 0x0000000763800000| Complete 
| 797|0x0000000763a00000, 0x0000000763c00000, 0x0000000763c00000|100%| O|Cm|TAMS 0x0000000763a00000| PB 0x0000000763a00000| Complete 
| 798|0x0000000763c00000, 0x0000000763e00000, 0x0000000763e00000|100%| O|Cm|TAMS 0x0000000763c00000| PB 0x0000000763c00000| Complete 
| 799|0x0000000763e00000, 0x0000000764000000, 0x0000000764000000|100%| O|Cm|TAMS 0x0000000763e00000| PB 0x0000000763e00000| Complete 
| 800|0x0000000764000000, 0x0000000764200000, 0x0000000764200000|100%| O|Cm|TAMS 0x0000000764000000| PB 0x0000000764000000| Complete 
| 801|0x0000000764200000, 0x0000000764400000, 0x0000000764400000|100%| O|Cm|TAMS 0x0000000764200000| PB 0x0000000764200000| Complete 
| 802|0x0000000764400000, 0x0000000764600000, 0x0000000764600000|100%| O|Cm|TAMS 0x0000000764400000| PB 0x0000000764400000| Complete 
| 803|0x0000000764600000, 0x0000000764600000, 0x0000000764800000|  0%| F|  |TAMS 0x0000000764600000| PB 0x0000000764600000| Untracked 
| 804|0x0000000764800000, 0x0000000764a00000, 0x0000000764a00000|100%| O|Cm|TAMS 0x0000000764800000| PB 0x0000000764800000| Complete 
| 805|0x0000000764a00000, 0x0000000764c00000, 0x0000000764c00000|100%| O|Cm|TAMS 0x0000000764a00000| PB 0x0000000764a00000| Complete 
| 806|0x0000000764c00000, 0x0000000764e00000, 0x0000000764e00000|100%| O|Cm|TAMS 0x0000000764c00000| PB 0x0000000764c00000| Complete 
| 807|0x0000000764e00000, 0x0000000765000000, 0x0000000765000000|100%| O|  |TAMS 0x0000000764e00000| PB 0x0000000764e00000| Untracked 
| 808|0x0000000765000000, 0x0000000765200000, 0x0000000765200000|100%| O|Cm|TAMS 0x0000000765000000| PB 0x0000000765000000| Complete 
| 809|0x0000000765200000, 0x0000000765400000, 0x0000000765400000|100%| O|Cm|TAMS 0x0000000765200000| PB 0x0000000765200000| Complete 
| 810|0x0000000765400000, 0x0000000765400000, 0x0000000765600000|  0%| F|  |TAMS 0x0000000765400000| PB 0x0000000765400000| Untracked 
| 811|0x0000000765600000, 0x0000000765800000, 0x0000000765800000|100%| O|Cm|TAMS 0x0000000765600000| PB 0x0000000765600000| Complete 
| 812|0x0000000765800000, 0x0000000765a00000, 0x0000000765a00000|100%| O|Cm|TAMS 0x0000000765800000| PB 0x0000000765800000| Complete 
| 813|0x0000000765a00000, 0x0000000765c00000, 0x0000000765c00000|100%| O|Cm|TAMS 0x0000000765a00000| PB 0x0000000765a00000| Complete 
| 814|0x0000000765c00000, 0x0000000765e00000, 0x0000000765e00000|100%| O|Cm|TAMS 0x0000000765c00000| PB 0x0000000765c00000| Complete 
| 815|0x0000000765e00000, 0x0000000766000000, 0x0000000766000000|100%| O|Cm|TAMS 0x0000000765e00000| PB 0x0000000765e00000| Complete 
| 816|0x0000000766000000, 0x0000000766200000, 0x0000000766200000|100%| O|Cm|TAMS 0x0000000766000000| PB 0x0000000766000000| Complete 
| 817|0x0000000766200000, 0x0000000766400000, 0x0000000766400000|100%| O|Cm|TAMS 0x0000000766200000| PB 0x0000000766200000| Complete 
| 818|0x0000000766400000, 0x0000000766400000, 0x0000000766600000|  0%| F|  |TAMS 0x0000000766400000| PB 0x0000000766400000| Untracked 
| 819|0x0000000766600000, 0x0000000766600000, 0x0000000766800000|  0%| F|  |TAMS 0x0000000766600000| PB 0x0000000766600000| Untracked 
| 820|0x0000000766800000, 0x0000000766800000, 0x0000000766a00000|  0%| F|  |TAMS 0x0000000766800000| PB 0x0000000766800000| Untracked 
| 821|0x0000000766a00000, 0x0000000766a00000, 0x0000000766c00000|  0%| F|  |TAMS 0x0000000766a00000| PB 0x0000000766a00000| Untracked 
| 822|0x0000000766c00000, 0x0000000766e00000, 0x0000000766e00000|100%| O|Cm|TAMS 0x0000000766c00000| PB 0x0000000766c00000| Complete 
| 823|0x0000000766e00000, 0x0000000767000000, 0x0000000767000000|100%| O|Cm|TAMS 0x0000000766e00000| PB 0x0000000766e00000| Complete 
| 824|0x0000000767000000, 0x0000000767200000, 0x0000000767200000|100%| O|Cm|TAMS 0x0000000767000000| PB 0x0000000767000000| Complete 
| 825|0x0000000767200000, 0x0000000767400000, 0x0000000767400000|100%| O|Cm|TAMS 0x0000000767200000| PB 0x0000000767200000| Complete 
| 826|0x0000000767400000, 0x0000000767600000, 0x0000000767600000|100%|HS|  |TAMS 0x0000000767400000| PB 0x0000000767400000| Complete 
| 827|0x0000000767600000, 0x0000000767800000, 0x0000000767800000|100%|HC|  |TAMS 0x0000000767600000| PB 0x0000000767600000| Complete 
| 828|0x0000000767800000, 0x0000000767a00000, 0x0000000767a00000|100%|HC|  |TAMS 0x0000000767800000| PB 0x0000000767800000| Complete 
| 829|0x0000000767a00000, 0x0000000767c00000, 0x0000000767c00000|100%|HC|  |TAMS 0x0000000767a00000| PB 0x0000000767a00000| Complete 
| 830|0x0000000767c00000, 0x0000000767e00000, 0x0000000767e00000|100%|HC|  |TAMS 0x0000000767c00000| PB 0x0000000767c00000| Complete 
| 831|0x0000000767e00000, 0x0000000768000000, 0x0000000768000000|100%|HS|  |TAMS 0x0000000767e00000| PB 0x0000000767e00000| Complete 
| 832|0x0000000768000000, 0x0000000768200000, 0x0000000768200000|100%|HC|  |TAMS 0x0000000768000000| PB 0x0000000768000000| Complete 
| 833|0x0000000768200000, 0x0000000768400000, 0x0000000768400000|100%|HC|  |TAMS 0x0000000768200000| PB 0x0000000768200000| Complete 
| 834|0x0000000768400000, 0x0000000768600000, 0x0000000768600000|100%|HC|  |TAMS 0x0000000768400000| PB 0x0000000768400000| Complete 
| 835|0x0000000768600000, 0x0000000768800000, 0x0000000768800000|100%|HC|  |TAMS 0x0000000768600000| PB 0x0000000768600000| Complete 
| 836|0x0000000768800000, 0x0000000768800000, 0x0000000768a00000|  0%| F|  |TAMS 0x0000000768800000| PB 0x0000000768800000| Untracked 
| 837|0x0000000768a00000, 0x0000000768a00000, 0x0000000768c00000|  0%| F|  |TAMS 0x0000000768a00000| PB 0x0000000768a00000| Untracked 
| 838|0x0000000768c00000, 0x0000000768c00000, 0x0000000768e00000|  0%| F|  |TAMS 0x0000000768c00000| PB 0x0000000768c00000| Untracked 
| 839|0x0000000768e00000, 0x0000000769000000, 0x0000000769000000|100%| O|Cm|TAMS 0x0000000768e00000| PB 0x0000000768e00000| Complete 
| 840|0x0000000769000000, 0x0000000769200000, 0x0000000769200000|100%|HS|  |TAMS 0x0000000769000000| PB 0x0000000769000000| Complete 
| 841|0x0000000769200000, 0x0000000769400000, 0x0000000769400000|100%|HC|  |TAMS 0x0000000769200000| PB 0x0000000769200000| Complete 
| 842|0x0000000769400000, 0x0000000769600000, 0x0000000769600000|100%|HC|  |TAMS 0x0000000769400000| PB 0x0000000769400000| Complete 
| 843|0x0000000769600000, 0x0000000769800000, 0x0000000769800000|100%|HC|  |TAMS 0x0000000769600000| PB 0x0000000769600000| Complete 
| 844|0x0000000769800000, 0x0000000769a00000, 0x0000000769a00000|100%|HC|  |TAMS 0x0000000769800000| PB 0x0000000769800000| Complete 
| 845|0x0000000769a00000, 0x0000000769a00000, 0x0000000769c00000|  0%| F|  |TAMS 0x0000000769a00000| PB 0x0000000769a00000| Untracked 
| 846|0x0000000769c00000, 0x0000000769e00000, 0x0000000769e00000|100%| O|Cm|TAMS 0x0000000769c00000| PB 0x0000000769c00000| Complete 
| 847|0x0000000769e00000, 0x000000076a000000, 0x000000076a000000|100%| O|Cm|TAMS 0x0000000769e00000| PB 0x0000000769e00000| Complete 
| 848|0x000000076a000000, 0x000000076a000000, 0x000000076a200000|  0%| F|  |TAMS 0x000000076a000000| PB 0x000000076a000000| Untracked 
| 849|0x000000076a200000, 0x000000076a200000, 0x000000076a400000|  0%| F|  |TAMS 0x000000076a200000| PB 0x000000076a200000| Untracked 
| 850|0x000000076a400000, 0x000000076a400000, 0x000000076a600000|  0%| F|  |TAMS 0x000000076a400000| PB 0x000000076a400000| Untracked 
| 851|0x000000076a600000, 0x000000076a800000, 0x000000076a800000|100%| O|Cm|TAMS 0x000000076a600000| PB 0x000000076a600000| Complete 
| 852|0x000000076a800000, 0x000000076a800000, 0x000000076aa00000|  0%| F|  |TAMS 0x000000076a800000| PB 0x000000076a800000| Untracked 
| 853|0x000000076aa00000, 0x000000076aa00000, 0x000000076ac00000|  0%| F|  |TAMS 0x000000076aa00000| PB 0x000000076aa00000| Untracked 
| 854|0x000000076ac00000, 0x000000076ae00000, 0x000000076ae00000|100%| O|Cm|TAMS 0x000000076ac00000| PB 0x000000076ac00000| Complete 
| 855|0x000000076ae00000, 0x000000076ae00000, 0x000000076b000000|  0%| F|  |TAMS 0x000000076ae00000| PB 0x000000076ae00000| Untracked 
| 856|0x000000076b000000, 0x000000076b000000, 0x000000076b200000|  0%| F|  |TAMS 0x000000076b000000| PB 0x000000076b000000| Untracked 
| 857|0x000000076b200000, 0x000000076b200000, 0x000000076b400000|  0%| F|  |TAMS 0x000000076b200000| PB 0x000000076b200000| Untracked 
| 858|0x000000076b400000, 0x000000076b600000, 0x000000076b600000|100%| O|Cm|TAMS 0x000000076b400000| PB 0x000000076b400000| Complete 
| 859|0x000000076b600000, 0x000000076b600000, 0x000000076b800000|  0%| F|  |TAMS 0x000000076b600000| PB 0x000000076b600000| Untracked 
| 860|0x000000076b800000, 0x000000076b800000, 0x000000076ba00000|  0%| F|  |TAMS 0x000000076b800000| PB 0x000000076b800000| Untracked 
| 861|0x000000076ba00000, 0x000000076ba00000, 0x000000076bc00000|  0%| F|  |TAMS 0x000000076ba00000| PB 0x000000076ba00000| Untracked 
| 862|0x000000076bc00000, 0x000000076bc00000, 0x000000076be00000|  0%| F|  |TAMS 0x000000076bc00000| PB 0x000000076bc00000| Untracked 
| 863|0x000000076be00000, 0x000000076c000000, 0x000000076c000000|100%| O|Cm|TAMS 0x000000076be00000| PB 0x000000076be00000| Complete 
| 864|0x000000076c000000, 0x000000076c000000, 0x000000076c200000|  0%| F|  |TAMS 0x000000076c000000| PB 0x000000076c000000| Untracked 
| 865|0x000000076c200000, 0x000000076c200000, 0x000000076c400000|  0%| F|  |TAMS 0x000000076c200000| PB 0x000000076c200000| Untracked 
| 866|0x000000076c400000, 0x000000076c600000, 0x000000076c600000|100%| O|Cm|TAMS 0x000000076c400000| PB 0x000000076c400000| Complete 
| 867|0x000000076c600000, 0x000000076c600000, 0x000000076c800000|  0%| F|  |TAMS 0x000000076c600000| PB 0x000000076c600000| Untracked 
| 868|0x000000076c800000, 0x000000076ca00000, 0x000000076ca00000|100%| O|Cm|TAMS 0x000000076c800000| PB 0x000000076c800000| Complete 
| 869|0x000000076ca00000, 0x000000076ca00000, 0x000000076cc00000|  0%| F|  |TAMS 0x000000076ca00000| PB 0x000000076ca00000| Untracked 
| 870|0x000000076cc00000, 0x000000076ce00000, 0x000000076ce00000|100%| O|Cm|TAMS 0x000000076cc00000| PB 0x000000076cc00000| Complete 
| 871|0x000000076ce00000, 0x000000076ce00000, 0x000000076d000000|  0%| F|  |TAMS 0x000000076ce00000| PB 0x000000076ce00000| Untracked 
| 872|0x000000076d000000, 0x000000076d200000, 0x000000076d200000|100%| O|Cm|TAMS 0x000000076d000000| PB 0x000000076d000000| Complete 
| 873|0x000000076d200000, 0x000000076d400000, 0x000000076d400000|100%| O|Cm|TAMS 0x000000076d200000| PB 0x000000076d200000| Complete 
| 874|0x000000076d400000, 0x000000076d600000, 0x000000076d600000|100%| O|Cm|TAMS 0x000000076d400000| PB 0x000000076d400000| Complete 
| 875|0x000000076d600000, 0x000000076d600000, 0x000000076d800000|  0%| F|  |TAMS 0x000000076d600000| PB 0x000000076d600000| Untracked 
| 876|0x000000076d800000, 0x000000076d800000, 0x000000076da00000|  0%| F|  |TAMS 0x000000076d800000| PB 0x000000076d800000| Untracked 
| 877|0x000000076da00000, 0x000000076dc00000, 0x000000076dc00000|100%| O|Cm|TAMS 0x000000076da00000| PB 0x000000076da00000| Complete 
| 878|0x000000076dc00000, 0x000000076de00000, 0x000000076de00000|100%| O|Cm|TAMS 0x000000076dc00000| PB 0x000000076dc00000| Complete 
| 879|0x000000076de00000, 0x000000076e000000, 0x000000076e000000|100%| O|Cm|TAMS 0x000000076de00000| PB 0x000000076de00000| Complete 
| 880|0x000000076e000000, 0x000000076e200000, 0x000000076e200000|100%| O|Cm|TAMS 0x000000076e000000| PB 0x000000076e000000| Complete 
| 881|0x000000076e200000, 0x000000076e400000, 0x000000076e400000|100%|HS|  |TAMS 0x000000076e200000| PB 0x000000076e200000| Complete 
| 882|0x000000076e400000, 0x000000076e600000, 0x000000076e600000|100%|HC|  |TAMS 0x000000076e400000| PB 0x000000076e400000| Complete 
| 883|0x000000076e600000, 0x000000076e800000, 0x000000076e800000|100%|HC|  |TAMS 0x000000076e600000| PB 0x000000076e600000| Complete 
| 884|0x000000076e800000, 0x000000076ea00000, 0x000000076ea00000|100%|HC|  |TAMS 0x000000076e800000| PB 0x000000076e800000| Complete 
| 885|0x000000076ea00000, 0x000000076ec00000, 0x000000076ec00000|100%|HC|  |TAMS 0x000000076ea00000| PB 0x000000076ea00000| Complete 
| 886|0x000000076ec00000, 0x000000076ee00000, 0x000000076ee00000|100%| O|Cm|TAMS 0x000000076ec00000| PB 0x000000076ec00000| Complete 
| 887|0x000000076ee00000, 0x000000076f000000, 0x000000076f000000|100%| O|Cm|TAMS 0x000000076ee00000| PB 0x000000076ee00000| Complete 
| 888|0x000000076f000000, 0x000000076f200000, 0x000000076f200000|100%| O|Cm|TAMS 0x000000076f000000| PB 0x000000076f000000| Complete 
| 889|0x000000076f200000, 0x000000076f400000, 0x000000076f400000|100%| O|Cm|TAMS 0x000000076f200000| PB 0x000000076f200000| Complete 
| 890|0x000000076f400000, 0x000000076f400000, 0x000000076f600000|  0%| F|  |TAMS 0x000000076f400000| PB 0x000000076f400000| Untracked 
| 891|0x000000076f600000, 0x000000076f800000, 0x000000076f800000|100%| O|Cm|TAMS 0x000000076f600000| PB 0x000000076f600000| Complete 
| 892|0x000000076f800000, 0x000000076fa00000, 0x000000076fa00000|100%|HS|  |TAMS 0x000000076f800000| PB 0x000000076f800000| Complete 
| 893|0x000000076fa00000, 0x000000076fc00000, 0x000000076fc00000|100%|HC|  |TAMS 0x000000076fa00000| PB 0x000000076fa00000| Complete 
| 894|0x000000076fc00000, 0x000000076fe00000, 0x000000076fe00000|100%|HC|  |TAMS 0x000000076fc00000| PB 0x000000076fc00000| Complete 
| 895|0x000000076fe00000, 0x0000000770000000, 0x0000000770000000|100%|HC|  |TAMS 0x000000076fe00000| PB 0x000000076fe00000| Complete 
| 896|0x0000000770000000, 0x0000000770200000, 0x0000000770200000|100%|HC|  |TAMS 0x0000000770000000| PB 0x0000000770000000| Complete 
| 897|0x0000000770200000, 0x0000000770400000, 0x0000000770400000|100%|HC|  |TAMS 0x0000000770200000| PB 0x0000000770200000| Complete 
| 898|0x0000000770400000, 0x0000000770600000, 0x0000000770600000|100%|HC|  |TAMS 0x0000000770400000| PB 0x0000000770400000| Complete 
| 899|0x0000000770600000, 0x0000000770600000, 0x0000000770800000|  0%| F|  |TAMS 0x0000000770600000| PB 0x0000000770600000| Untracked 
| 900|0x0000000770800000, 0x0000000770a00000, 0x0000000770a00000|100%| O|Cm|TAMS 0x0000000770800000| PB 0x0000000770800000| Complete 
| 901|0x0000000770a00000, 0x0000000770a00000, 0x0000000770c00000|  0%| F|  |TAMS 0x0000000770a00000| PB 0x0000000770a00000| Untracked 
| 902|0x0000000770c00000, 0x0000000770e00000, 0x0000000770e00000|100%| O|Cm|TAMS 0x0000000770c00000| PB 0x0000000770c00000| Complete 
| 903|0x0000000770e00000, 0x0000000771000000, 0x0000000771000000|100%| O|Cm|TAMS 0x0000000770e00000| PB 0x0000000770e00000| Complete 
| 904|0x0000000771000000, 0x0000000771000000, 0x0000000771200000|  0%| F|  |TAMS 0x0000000771000000| PB 0x0000000771000000| Untracked 
| 905|0x0000000771200000, 0x0000000771400000, 0x0000000771400000|100%| O|Cm|TAMS 0x0000000771200000| PB 0x0000000771200000| Complete 
| 906|0x0000000771400000, 0x0000000771400000, 0x0000000771600000|  0%| F|  |TAMS 0x0000000771400000| PB 0x0000000771400000| Untracked 
| 907|0x0000000771600000, 0x0000000771800000, 0x0000000771800000|100%| O|Cm|TAMS 0x0000000771600000| PB 0x0000000771600000| Complete 
| 908|0x0000000771800000, 0x0000000771a00000, 0x0000000771a00000|100%| O|Cm|TAMS 0x0000000771800000| PB 0x0000000771800000| Complete 
| 909|0x0000000771a00000, 0x0000000771c00000, 0x0000000771c00000|100%| O|Cm|TAMS 0x0000000771a00000| PB 0x0000000771a00000| Complete 
| 910|0x0000000771c00000, 0x0000000771e00000, 0x0000000771e00000|100%| O|Cm|TAMS 0x0000000771c00000| PB 0x0000000771c00000| Complete 
| 911|0x0000000771e00000, 0x0000000772000000, 0x0000000772000000|100%| O|Cm|TAMS 0x0000000771e00000| PB 0x0000000771e00000| Complete 
| 912|0x0000000772000000, 0x0000000772200000, 0x0000000772200000|100%| O|Cm|TAMS 0x0000000772000000| PB 0x0000000772000000| Complete 
| 913|0x0000000772200000, 0x0000000772400000, 0x0000000772400000|100%| O|Cm|TAMS 0x0000000772200000| PB 0x0000000772200000| Complete 
| 914|0x0000000772400000, 0x0000000772400000, 0x0000000772600000|  0%| F|  |TAMS 0x0000000772400000| PB 0x0000000772400000| Untracked 
| 915|0x0000000772600000, 0x0000000772800000, 0x0000000772800000|100%| O|Cm|TAMS 0x0000000772600000| PB 0x0000000772600000| Complete 
| 916|0x0000000772800000, 0x0000000772a00000, 0x0000000772a00000|100%| O|Cm|TAMS 0x0000000772800000| PB 0x0000000772800000| Complete 
| 917|0x0000000772a00000, 0x0000000772c00000, 0x0000000772c00000|100%| O|Cm|TAMS 0x0000000772a00000| PB 0x0000000772a00000| Complete 
| 918|0x0000000772c00000, 0x0000000772c00000, 0x0000000772e00000|  0%| F|  |TAMS 0x0000000772c00000| PB 0x0000000772c00000| Untracked 
| 919|0x0000000772e00000, 0x0000000773000000, 0x0000000773000000|100%| O|Cm|TAMS 0x0000000772e00000| PB 0x0000000772e00000| Complete 
| 920|0x0000000773000000, 0x0000000773200000, 0x0000000773200000|100%| O|Cm|TAMS 0x0000000773000000| PB 0x0000000773000000| Complete 
| 921|0x0000000773200000, 0x0000000773400000, 0x0000000773400000|100%| O|Cm|TAMS 0x0000000773200000| PB 0x0000000773200000| Complete 
| 922|0x0000000773400000, 0x0000000773600000, 0x0000000773600000|100%| O|Cm|TAMS 0x0000000773400000| PB 0x0000000773400000| Complete 
| 923|0x0000000773600000, 0x0000000773800000, 0x0000000773800000|100%| O|Cm|TAMS 0x0000000773600000| PB 0x0000000773600000| Complete 
| 924|0x0000000773800000, 0x0000000773a00000, 0x0000000773a00000|100%| O|Cm|TAMS 0x0000000773800000| PB 0x0000000773800000| Complete 
| 925|0x0000000773a00000, 0x0000000773a00000, 0x0000000773c00000|  0%| F|  |TAMS 0x0000000773a00000| PB 0x0000000773a00000| Untracked 
| 926|0x0000000773c00000, 0x0000000773e00000, 0x0000000773e00000|100%| O|Cm|TAMS 0x0000000773c00000| PB 0x0000000773c00000| Complete 
| 927|0x0000000773e00000, 0x0000000774000000, 0x0000000774000000|100%| O|Cm|TAMS 0x0000000773e00000| PB 0x0000000773e00000| Complete 
| 928|0x0000000774000000, 0x0000000774200000, 0x0000000774200000|100%| O|Cm|TAMS 0x0000000774000000| PB 0x0000000774000000| Complete 
| 929|0x0000000774200000, 0x0000000774200000, 0x0000000774400000|  0%| F|  |TAMS 0x0000000774200000| PB 0x0000000774200000| Untracked 
| 930|0x0000000774400000, 0x0000000774600000, 0x0000000774600000|100%| O|Cm|TAMS 0x0000000774400000| PB 0x0000000774400000| Complete 
| 931|0x0000000774600000, 0x0000000774800000, 0x0000000774800000|100%| O|Cm|TAMS 0x0000000774600000| PB 0x0000000774600000| Complete 
| 932|0x0000000774800000, 0x0000000774a00000, 0x0000000774a00000|100%| O|Cm|TAMS 0x0000000774800000| PB 0x0000000774800000| Complete 
| 933|0x0000000774a00000, 0x0000000774c00000, 0x0000000774c00000|100%| O|Cm|TAMS 0x0000000774a00000| PB 0x0000000774a00000| Complete 
| 934|0x0000000774c00000, 0x0000000774c00000, 0x0000000774e00000|  0%| F|  |TAMS 0x0000000774c00000| PB 0x0000000774c00000| Untracked 
| 935|0x0000000774e00000, 0x0000000775000000, 0x0000000775000000|100%| O|Cm|TAMS 0x0000000774e00000| PB 0x0000000774e00000| Complete 
| 936|0x0000000775000000, 0x0000000775200000, 0x0000000775200000|100%| O|Cm|TAMS 0x0000000775000000| PB 0x0000000775000000| Complete 
| 937|0x0000000775200000, 0x0000000775400000, 0x0000000775400000|100%| O|Cm|TAMS 0x0000000775200000| PB 0x0000000775200000| Complete 
| 938|0x0000000775400000, 0x0000000775400000, 0x0000000775600000|  0%| F|  |TAMS 0x0000000775400000| PB 0x0000000775400000| Untracked 
| 939|0x0000000775600000, 0x0000000775600000, 0x0000000775800000|  0%| F|  |TAMS 0x0000000775600000| PB 0x0000000775600000| Untracked 
| 940|0x0000000775800000, 0x0000000775a00000, 0x0000000775a00000|100%| O|Cm|TAMS 0x0000000775800000| PB 0x0000000775800000| Complete 
| 941|0x0000000775a00000, 0x0000000775c00000, 0x0000000775c00000|100%| O|Cm|TAMS 0x0000000775a00000| PB 0x0000000775a00000| Complete 
| 942|0x0000000775c00000, 0x0000000775e00000, 0x0000000775e00000|100%| O|Cm|TAMS 0x0000000775c00000| PB 0x0000000775c00000| Complete 
| 943|0x0000000775e00000, 0x0000000775e00000, 0x0000000776000000|  0%| F|  |TAMS 0x0000000775e00000| PB 0x0000000775e00000| Untracked 
| 944|0x0000000776000000, 0x0000000776200000, 0x0000000776200000|100%| O|Cm|TAMS 0x0000000776000000| PB 0x0000000776000000| Complete 
| 945|0x0000000776200000, 0x0000000776400000, 0x0000000776400000|100%| O|Cm|TAMS 0x0000000776200000| PB 0x0000000776200000| Complete 
| 946|0x0000000776400000, 0x0000000776600000, 0x0000000776600000|100%| O|Cm|TAMS 0x0000000776400000| PB 0x0000000776400000| Complete 
| 947|0x0000000776600000, 0x0000000776800000, 0x0000000776800000|100%| O|Cm|TAMS 0x0000000776600000| PB 0x0000000776600000| Complete 
| 948|0x0000000776800000, 0x0000000776a00000, 0x0000000776a00000|100%| O|Cm|TAMS 0x0000000776800000| PB 0x0000000776800000| Complete 
| 949|0x0000000776a00000, 0x0000000776c00000, 0x0000000776c00000|100%| O|Cm|TAMS 0x0000000776a00000| PB 0x0000000776a00000| Complete 
| 950|0x0000000776c00000, 0x0000000776e00000, 0x0000000776e00000|100%| O|Cm|TAMS 0x0000000776c00000| PB 0x0000000776c00000| Complete 
| 951|0x0000000776e00000, 0x0000000777000000, 0x0000000777000000|100%| O|Cm|TAMS 0x0000000776e00000| PB 0x0000000776e00000| Complete 
| 952|0x0000000777000000, 0x0000000777200000, 0x0000000777200000|100%| O|Cm|TAMS 0x0000000777000000| PB 0x0000000777000000| Complete 
| 953|0x0000000777200000, 0x0000000777400000, 0x0000000777400000|100%| O|Cm|TAMS 0x0000000777200000| PB 0x0000000777200000| Complete 
| 954|0x0000000777400000, 0x0000000777600000, 0x0000000777600000|100%| O|Cm|TAMS 0x0000000777400000| PB 0x0000000777400000| Complete 
| 955|0x0000000777600000, 0x0000000777800000, 0x0000000777800000|100%| O|Cm|TAMS 0x0000000777600000| PB 0x0000000777600000| Complete 
| 956|0x0000000777800000, 0x0000000777a00000, 0x0000000777a00000|100%| O|Cm|TAMS 0x0000000777800000| PB 0x0000000777800000| Complete 
| 957|0x0000000777a00000, 0x0000000777c00000, 0x0000000777c00000|100%| O|Cm|TAMS 0x0000000777a00000| PB 0x0000000777a00000| Complete 
| 958|0x0000000777c00000, 0x0000000777e00000, 0x0000000777e00000|100%| O|Cm|TAMS 0x0000000777c00000| PB 0x0000000777c00000| Complete 
| 959|0x0000000777e00000, 0x0000000778000000, 0x0000000778000000|100%| O|Cm|TAMS 0x0000000777e00000| PB 0x0000000777e00000| Complete 
| 960|0x0000000778000000, 0x0000000778200000, 0x0000000778200000|100%| O|Cm|TAMS 0x0000000778000000| PB 0x0000000778000000| Complete 
| 961|0x0000000778200000, 0x0000000778200000, 0x0000000778400000|  0%| F|  |TAMS 0x0000000778200000| PB 0x0000000778200000| Untracked 
| 962|0x0000000778400000, 0x0000000778400000, 0x0000000778600000|  0%| F|  |TAMS 0x0000000778400000| PB 0x0000000778400000| Untracked 
| 963|0x0000000778600000, 0x0000000778600000, 0x0000000778800000|  0%| F|  |TAMS 0x0000000778600000| PB 0x0000000778600000| Untracked 
| 964|0x0000000778800000, 0x0000000778800000, 0x0000000778a00000|  0%| F|  |TAMS 0x0000000778800000| PB 0x0000000778800000| Untracked 
| 965|0x0000000778a00000, 0x0000000778a00000, 0x0000000778c00000|  0%| F|  |TAMS 0x0000000778a00000| PB 0x0000000778a00000| Untracked 
| 966|0x0000000778c00000, 0x0000000778c00000, 0x0000000778e00000|  0%| F|  |TAMS 0x0000000778c00000| PB 0x0000000778c00000| Untracked 
| 967|0x0000000778e00000, 0x0000000778e00000, 0x0000000779000000|  0%| F|  |TAMS 0x0000000778e00000| PB 0x0000000778e00000| Untracked 
| 968|0x0000000779000000, 0x0000000779000000, 0x0000000779200000|  0%| F|  |TAMS 0x0000000779000000| PB 0x0000000779000000| Untracked 
| 969|0x0000000779200000, 0x0000000779200000, 0x0000000779400000|  0%| F|  |TAMS 0x0000000779200000| PB 0x0000000779200000| Untracked 
| 970|0x0000000779400000, 0x0000000779400000, 0x0000000779600000|  0%| F|  |TAMS 0x0000000779400000| PB 0x0000000779400000| Untracked 
| 971|0x0000000779600000, 0x0000000779600000, 0x0000000779800000|  0%| F|  |TAMS 0x0000000779600000| PB 0x0000000779600000| Untracked 
| 972|0x0000000779800000, 0x0000000779800000, 0x0000000779a00000|  0%| F|  |TAMS 0x0000000779800000| PB 0x0000000779800000| Untracked 
| 973|0x0000000779a00000, 0x0000000779a00000, 0x0000000779c00000|  0%| F|  |TAMS 0x0000000779a00000| PB 0x0000000779a00000| Untracked 
| 974|0x0000000779c00000, 0x0000000779c00000, 0x0000000779e00000|  0%| F|  |TAMS 0x0000000779c00000| PB 0x0000000779c00000| Untracked 
| 975|0x0000000779e00000, 0x0000000779e00000, 0x000000077a000000|  0%| F|  |TAMS 0x0000000779e00000| PB 0x0000000779e00000| Untracked 
| 976|0x000000077a000000, 0x000000077a000000, 0x000000077a200000|  0%| F|  |TAMS 0x000000077a000000| PB 0x000000077a000000| Untracked 
| 977|0x000000077a200000, 0x000000077a200000, 0x000000077a400000|  0%| F|  |TAMS 0x000000077a200000| PB 0x000000077a200000| Untracked 
| 978|0x000000077a400000, 0x000000077a400000, 0x000000077a600000|  0%| F|  |TAMS 0x000000077a400000| PB 0x000000077a400000| Untracked 
| 979|0x000000077a600000, 0x000000077a600000, 0x000000077a800000|  0%| F|  |TAMS 0x000000077a600000| PB 0x000000077a600000| Untracked 
| 980|0x000000077a800000, 0x000000077aa00000, 0x000000077aa00000|100%|HS|  |TAMS 0x000000077a800000| PB 0x000000077a800000| Complete 
| 981|0x000000077aa00000, 0x000000077ac00000, 0x000000077ac00000|100%|HC|  |TAMS 0x000000077aa00000| PB 0x000000077aa00000| Complete 
| 982|0x000000077ac00000, 0x000000077ae00000, 0x000000077ae00000|100%|HC|  |TAMS 0x000000077ac00000| PB 0x000000077ac00000| Complete 
| 983|0x000000077ae00000, 0x000000077b000000, 0x000000077b000000|100%|HC|  |TAMS 0x000000077ae00000| PB 0x000000077ae00000| Complete 
| 984|0x000000077b000000, 0x000000077b200000, 0x000000077b200000|100%|HC|  |TAMS 0x000000077b000000| PB 0x000000077b000000| Complete 
| 985|0x000000077b200000, 0x000000077b400000, 0x000000077b400000|100%|HC|  |TAMS 0x000000077b200000| PB 0x000000077b200000| Complete 
| 986|0x000000077b400000, 0x000000077b600000, 0x000000077b600000|100%|HC|  |TAMS 0x000000077b400000| PB 0x000000077b400000| Complete 
| 987|0x000000077b600000, 0x000000077b800000, 0x000000077b800000|100%|HC|  |TAMS 0x000000077b600000| PB 0x000000077b600000| Complete 
| 988|0x000000077b800000, 0x000000077ba00000, 0x000000077ba00000|100%|HC|  |TAMS 0x000000077b800000| PB 0x000000077b800000| Complete 
| 989|0x000000077ba00000, 0x000000077bc00000, 0x000000077bc00000|100%|HC|  |TAMS 0x000000077ba00000| PB 0x000000077ba00000| Complete 
| 990|0x000000077bc00000, 0x000000077bc00000, 0x000000077be00000|  0%| F|  |TAMS 0x000000077bc00000| PB 0x000000077bc00000| Untracked 
| 991|0x000000077be00000, 0x000000077c000000, 0x000000077c000000|100%|HS|  |TAMS 0x000000077be00000| PB 0x000000077be00000| Complete 
| 992|0x000000077c000000, 0x000000077c200000, 0x000000077c200000|100%|HC|  |TAMS 0x000000077c000000| PB 0x000000077c000000| Complete 
| 993|0x000000077c200000, 0x000000077c400000, 0x000000077c400000|100%|HC|  |TAMS 0x000000077c200000| PB 0x000000077c200000| Complete 
| 994|0x000000077c400000, 0x000000077c600000, 0x000000077c600000|100%|HC|  |TAMS 0x000000077c400000| PB 0x000000077c400000| Complete 
| 995|0x000000077c600000, 0x000000077c800000, 0x000000077c800000|100%|HC|  |TAMS 0x000000077c600000| PB 0x000000077c600000| Complete 
| 996|0x000000077c800000, 0x000000077ca00000, 0x000000077ca00000|100%|HC|  |TAMS 0x000000077c800000| PB 0x000000077c800000| Complete 
| 997|0x000000077ca00000, 0x000000077cc00000, 0x000000077cc00000|100%|HC|  |TAMS 0x000000077ca00000| PB 0x000000077ca00000| Complete 
| 998|0x000000077cc00000, 0x000000077ce00000, 0x000000077ce00000|100%|HC|  |TAMS 0x000000077cc00000| PB 0x000000077cc00000| Complete 
| 999|0x000000077ce00000, 0x000000077d000000, 0x000000077d000000|100%|HC|  |TAMS 0x000000077ce00000| PB 0x000000077ce00000| Complete 
|1000|0x000000077d000000, 0x000000077d200000, 0x000000077d200000|100%|HC|  |TAMS 0x000000077d000000| PB 0x000000077d000000| Complete 
|1001|0x000000077d200000, 0x000000077d400000, 0x000000077d400000|100%|HC|  |TAMS 0x000000077d200000| PB 0x000000077d200000| Complete 
|1002|0x000000077d400000, 0x000000077d600000, 0x000000077d600000|100%|HC|  |TAMS 0x000000077d400000| PB 0x000000077d400000| Complete 
|1003|0x000000077d600000, 0x000000077d800000, 0x000000077d800000|100%|HC|  |TAMS 0x000000077d600000| PB 0x000000077d600000| Complete 
|1004|0x000000077d800000, 0x000000077da00000, 0x000000077da00000|100%|HC|  |TAMS 0x000000077d800000| PB 0x000000077d800000| Complete 
|1005|0x000000077da00000, 0x000000077dc00000, 0x000000077dc00000|100%|HC|  |TAMS 0x000000077da00000| PB 0x000000077da00000| Complete 
|1006|0x000000077dc00000, 0x000000077de00000, 0x000000077de00000|100%|HS|  |TAMS 0x000000077dc00000| PB 0x000000077dc00000| Complete 
|1007|0x000000077de00000, 0x000000077e000000, 0x000000077e000000|100%|HC|  |TAMS 0x000000077de00000| PB 0x000000077de00000| Complete 
|1008|0x000000077e000000, 0x000000077e200000, 0x000000077e200000|100%|HC|  |TAMS 0x000000077e000000| PB 0x000000077e000000| Complete 
|1009|0x000000077e200000, 0x000000077e400000, 0x000000077e400000|100%|HC|  |TAMS 0x000000077e200000| PB 0x000000077e200000| Complete 
|1010|0x000000077e400000, 0x000000077e600000, 0x000000077e600000|100%|HC|  |TAMS 0x000000077e400000| PB 0x000000077e400000| Complete 
|1011|0x000000077e600000, 0x000000077e800000, 0x000000077e800000|100%|HC|  |TAMS 0x000000077e600000| PB 0x000000077e600000| Complete 
|1012|0x000000077e800000, 0x000000077ea00000, 0x000000077ea00000|100%|HC|  |TAMS 0x000000077e800000| PB 0x000000077e800000| Complete 
|1013|0x000000077ea00000, 0x000000077ec00000, 0x000000077ec00000|100%|HC|  |TAMS 0x000000077ea00000| PB 0x000000077ea00000| Complete 
|1014|0x000000077ec00000, 0x000000077ee00000, 0x000000077ee00000|100%|HC|  |TAMS 0x000000077ec00000| PB 0x000000077ec00000| Complete 
|1015|0x000000077ee00000, 0x000000077f000000, 0x000000077f000000|100%|HC|  |TAMS 0x000000077ee00000| PB 0x000000077ee00000| Complete 
|1016|0x000000077f000000, 0x000000077f200000, 0x000000077f200000|100%|HC|  |TAMS 0x000000077f000000| PB 0x000000077f000000| Complete 
|1017|0x000000077f200000, 0x000000077f400000, 0x000000077f400000|100%|HC|  |TAMS 0x000000077f200000| PB 0x000000077f200000| Complete 
|1018|0x000000077f400000, 0x000000077f600000, 0x000000077f600000|100%|HC|  |TAMS 0x000000077f400000| PB 0x000000077f400000| Complete 
|1019|0x000000077f600000, 0x000000077f800000, 0x000000077f800000|100%|HS|  |TAMS 0x000000077f600000| PB 0x000000077f600000| Complete 
|1020|0x000000077f800000, 0x000000077fa00000, 0x000000077fa00000|100%|HC|  |TAMS 0x000000077f800000| PB 0x000000077f800000| Complete 
|1021|0x000000077fa00000, 0x000000077fc00000, 0x000000077fc00000|100%|HC|  |TAMS 0x000000077fa00000| PB 0x000000077fa00000| Complete 
|1022|0x000000077fc00000, 0x000000077fe00000, 0x000000077fe00000|100%|HC|  |TAMS 0x000000077fc00000| PB 0x000000077fc00000| Complete 
|1023|0x000000077fe00000, 0x0000000780000000, 0x0000000780000000|100%|HC|  |TAMS 0x000000077fe00000| PB 0x000000077fe00000| Complete 
|1024|0x0000000780000000, 0x0000000780200000, 0x0000000780200000|100%|HC|  |TAMS 0x0000000780000000| PB 0x0000000780000000| Complete 
|1025|0x0000000780200000, 0x0000000780400000, 0x0000000780400000|100%|HC|  |TAMS 0x0000000780200000| PB 0x0000000780200000| Complete 
|1026|0x0000000780400000, 0x0000000780400000, 0x0000000780600000|  0%| F|  |TAMS 0x0000000780400000| PB 0x0000000780400000| Untracked 
|1027|0x0000000780600000, 0x0000000780800000, 0x0000000780800000|100%| O|Cm|TAMS 0x0000000780600000| PB 0x0000000780600000| Complete 
|1028|0x0000000780800000, 0x0000000780800000, 0x0000000780a00000|  0%| F|  |TAMS 0x0000000780800000| PB 0x0000000780800000| Untracked 
|1029|0x0000000780a00000, 0x0000000780a00000, 0x0000000780c00000|  0%| F|  |TAMS 0x0000000780a00000| PB 0x0000000780a00000| Untracked 
|1030|0x0000000780c00000, 0x0000000780c00000, 0x0000000780e00000|  0%| F|  |TAMS 0x0000000780c00000| PB 0x0000000780c00000| Untracked 
|1031|0x0000000780e00000, 0x0000000780e00000, 0x0000000781000000|  0%| F|  |TAMS 0x0000000780e00000| PB 0x0000000780e00000| Untracked 
|1032|0x0000000781000000, 0x0000000781000000, 0x0000000781200000|  0%| F|  |TAMS 0x0000000781000000| PB 0x0000000781000000| Untracked 
|1033|0x0000000781200000, 0x0000000781200000, 0x0000000781400000|  0%| F|  |TAMS 0x0000000781200000| PB 0x0000000781200000| Untracked 
|1034|0x0000000781400000, 0x0000000781600000, 0x0000000781600000|100%| O|Cm|TAMS 0x0000000781400000| PB 0x0000000781400000| Complete 
|1035|0x0000000781600000, 0x0000000781800000, 0x0000000781800000|100%| O|Cm|TAMS 0x0000000781600000| PB 0x0000000781600000| Complete 
|1036|0x0000000781800000, 0x0000000781a00000, 0x0000000781a00000|100%| O|Cm|TAMS 0x0000000781800000| PB 0x0000000781800000| Complete 
|1037|0x0000000781a00000, 0x0000000781a00000, 0x0000000781c00000|  0%| F|  |TAMS 0x0000000781a00000| PB 0x0000000781a00000| Untracked 
|1038|0x0000000781c00000, 0x0000000781c00000, 0x0000000781e00000|  0%| F|  |TAMS 0x0000000781c00000| PB 0x0000000781c00000| Untracked 
|1039|0x0000000781e00000, 0x0000000781e00000, 0x0000000782000000|  0%| F|  |TAMS 0x0000000781e00000| PB 0x0000000781e00000| Untracked 
|1040|0x0000000782000000, 0x0000000782000000, 0x0000000782200000|  0%| F|  |TAMS 0x0000000782000000| PB 0x0000000782000000| Untracked 
|1041|0x0000000782200000, 0x0000000782200000, 0x0000000782400000|  0%| F|  |TAMS 0x0000000782200000| PB 0x0000000782200000| Untracked 
|1042|0x0000000782400000, 0x0000000782400000, 0x0000000782600000|  0%| F|  |TAMS 0x0000000782400000| PB 0x0000000782400000| Untracked 
|1043|0x0000000782600000, 0x0000000782600000, 0x0000000782800000|  0%| F|  |TAMS 0x0000000782600000| PB 0x0000000782600000| Untracked 
|1044|0x0000000782800000, 0x0000000782800000, 0x0000000782a00000|  0%| F|  |TAMS 0x0000000782800000| PB 0x0000000782800000| Untracked 
|1045|0x0000000782a00000, 0x0000000782a00000, 0x0000000782c00000|  0%| F|  |TAMS 0x0000000782a00000| PB 0x0000000782a00000| Untracked 
|1046|0x0000000782c00000, 0x0000000782e00000, 0x0000000782e00000|100%| O|Cm|TAMS 0x0000000782c00000| PB 0x0000000782c00000| Complete 
|1047|0x0000000782e00000, 0x0000000783000000, 0x0000000783000000|100%| O|Cm|TAMS 0x0000000782e00000| PB 0x0000000782e00000| Complete 
|1048|0x0000000783000000, 0x0000000783200000, 0x0000000783200000|100%| O|Cm|TAMS 0x0000000783000000| PB 0x0000000783000000| Complete 
|1049|0x0000000783200000, 0x0000000783400000, 0x0000000783400000|100%| O|Cm|TAMS 0x0000000783200000| PB 0x0000000783200000| Complete 
|1050|0x0000000783400000, 0x0000000783600000, 0x0000000783600000|100%| O|Cm|TAMS 0x0000000783400000| PB 0x0000000783400000| Complete 
|1051|0x0000000783600000, 0x0000000783600000, 0x0000000783800000|  0%| F|  |TAMS 0x0000000783600000| PB 0x0000000783600000| Untracked 
|1052|0x0000000783800000, 0x0000000783a00000, 0x0000000783a00000|100%| O|Cm|TAMS 0x0000000783800000| PB 0x0000000783800000| Complete 
|1053|0x0000000783a00000, 0x0000000783a00000, 0x0000000783c00000|  0%| F|  |TAMS 0x0000000783a00000| PB 0x0000000783a00000| Untracked 
|1054|0x0000000783c00000, 0x0000000783e00000, 0x0000000783e00000|100%| O|Cm|TAMS 0x0000000783c00000| PB 0x0000000783c00000| Complete 
|1055|0x0000000783e00000, 0x0000000784000000, 0x0000000784000000|100%| O|Cm|TAMS 0x0000000783e00000| PB 0x0000000783e00000| Complete 
|1056|0x0000000784000000, 0x0000000784200000, 0x0000000784200000|100%| O|Cm|TAMS 0x0000000784000000| PB 0x0000000784000000| Complete 
|1057|0x0000000784200000, 0x0000000784400000, 0x0000000784400000|100%| O|Cm|TAMS 0x0000000784200000| PB 0x0000000784200000| Complete 
|1058|0x0000000784400000, 0x0000000784600000, 0x0000000784600000|100%| O|Cm|TAMS 0x0000000784400000| PB 0x0000000784400000| Complete 
|1059|0x0000000784600000, 0x0000000784800000, 0x0000000784800000|100%| O|Cm|TAMS 0x0000000784600000| PB 0x0000000784600000| Complete 
|1060|0x0000000784800000, 0x0000000784a00000, 0x0000000784a00000|100%| O|Cm|TAMS 0x0000000784800000| PB 0x0000000784800000| Complete 
|1061|0x0000000784a00000, 0x0000000784c00000, 0x0000000784c00000|100%| O|Cm|TAMS 0x0000000784a00000| PB 0x0000000784a00000| Complete 
|1062|0x0000000784c00000, 0x0000000784e00000, 0x0000000784e00000|100%| O|Cm|TAMS 0x0000000784c00000| PB 0x0000000784c00000| Complete 
|1063|0x0000000784e00000, 0x0000000784e00000, 0x0000000785000000|  0%| F|  |TAMS 0x0000000784e00000| PB 0x0000000784e00000| Untracked 
|1064|0x0000000785000000, 0x0000000785000000, 0x0000000785200000|  0%| F|  |TAMS 0x0000000785000000| PB 0x0000000785000000| Untracked 
|1065|0x0000000785200000, 0x0000000785400000, 0x0000000785400000|100%| O|Cm|TAMS 0x0000000785200000| PB 0x0000000785200000| Complete 
|1066|0x0000000785400000, 0x0000000785600000, 0x0000000785600000|100%| O|Cm|TAMS 0x0000000785400000| PB 0x0000000785400000| Complete 
|1067|0x0000000785600000, 0x0000000785800000, 0x0000000785800000|100%| O|Cm|TAMS 0x0000000785600000| PB 0x0000000785600000| Complete 
|1068|0x0000000785800000, 0x0000000785800000, 0x0000000785a00000|  0%| F|  |TAMS 0x0000000785800000| PB 0x0000000785800000| Untracked 
|1069|0x0000000785a00000, 0x0000000785c00000, 0x0000000785c00000|100%| O|Cm|TAMS 0x0000000785a00000| PB 0x0000000785a00000| Complete 
|1070|0x0000000785c00000, 0x0000000785e00000, 0x0000000785e00000|100%| O|Cm|TAMS 0x0000000785c00000| PB 0x0000000785c00000| Complete 
|1071|0x0000000785e00000, 0x0000000786000000, 0x0000000786000000|100%| O|Cm|TAMS 0x0000000785e00000| PB 0x0000000785e00000| Complete 
|1072|0x0000000786000000, 0x0000000786000000, 0x0000000786200000|  0%| F|  |TAMS 0x0000000786000000| PB 0x0000000786000000| Untracked 
|1073|0x0000000786200000, 0x0000000786200000, 0x0000000786400000|  0%| F|  |TAMS 0x0000000786200000| PB 0x0000000786200000| Untracked 
|1074|0x0000000786400000, 0x0000000786400000, 0x0000000786600000|  0%| F|  |TAMS 0x0000000786400000| PB 0x0000000786400000| Untracked 
|1075|0x0000000786600000, 0x0000000786600000, 0x0000000786800000|  0%| F|  |TAMS 0x0000000786600000| PB 0x0000000786600000| Untracked 
|1076|0x0000000786800000, 0x0000000786800000, 0x0000000786a00000|  0%| F|  |TAMS 0x0000000786800000| PB 0x0000000786800000| Untracked 
|1077|0x0000000786a00000, 0x0000000786a00000, 0x0000000786c00000|  0%| F|  |TAMS 0x0000000786a00000| PB 0x0000000786a00000| Untracked 
|1078|0x0000000786c00000, 0x0000000786c00000, 0x0000000786e00000|  0%| F|  |TAMS 0x0000000786c00000| PB 0x0000000786c00000| Untracked 
|1079|0x0000000786e00000, 0x0000000786e00000, 0x0000000787000000|  0%| F|  |TAMS 0x0000000786e00000| PB 0x0000000786e00000| Untracked 
|1080|0x0000000787000000, 0x0000000787000000, 0x0000000787200000|  0%| F|  |TAMS 0x0000000787000000| PB 0x0000000787000000| Untracked 
|1081|0x0000000787200000, 0x0000000787200000, 0x0000000787400000|  0%| F|  |TAMS 0x0000000787200000| PB 0x0000000787200000| Untracked 
|1082|0x0000000787400000, 0x0000000787400000, 0x0000000787600000|  0%| F|  |TAMS 0x0000000787400000| PB 0x0000000787400000| Untracked 
|1083|0x0000000787600000, 0x0000000787800000, 0x0000000787800000|100%| O|Cm|TAMS 0x0000000787600000| PB 0x0000000787600000| Complete 
|1084|0x0000000787800000, 0x0000000787a00000, 0x0000000787a00000|100%| O|Cm|TAMS 0x0000000787800000| PB 0x0000000787800000| Complete 
|1085|0x0000000787a00000, 0x0000000787c00000, 0x0000000787c00000|100%| O|Cm|TAMS 0x0000000787a00000| PB 0x0000000787a00000| Complete 
|1086|0x0000000787c00000, 0x0000000787c00000, 0x0000000787e00000|  0%| F|  |TAMS 0x0000000787c00000| PB 0x0000000787c00000| Untracked 
|1087|0x0000000787e00000, 0x0000000787e00000, 0x0000000788000000|  0%| F|  |TAMS 0x0000000787e00000| PB 0x0000000787e00000| Untracked 
|1088|0x0000000788000000, 0x0000000788000000, 0x0000000788200000|  0%| F|  |TAMS 0x0000000788000000| PB 0x0000000788000000| Untracked 
|1089|0x0000000788200000, 0x0000000788200000, 0x0000000788400000|  0%| F|  |TAMS 0x0000000788200000| PB 0x0000000788200000| Untracked 
|1090|0x0000000788400000, 0x0000000788400000, 0x0000000788600000|  0%| F|  |TAMS 0x0000000788400000| PB 0x0000000788400000| Untracked 
|1091|0x0000000788600000, 0x0000000788600000, 0x0000000788800000|  0%| F|  |TAMS 0x0000000788600000| PB 0x0000000788600000| Untracked 
|1092|0x0000000788800000, 0x0000000788a00000, 0x0000000788a00000|100%| O|Cm|TAMS 0x0000000788800000| PB 0x0000000788800000| Complete 
|1093|0x0000000788a00000, 0x0000000788c00000, 0x0000000788c00000|100%| O|Cm|TAMS 0x0000000788a00000| PB 0x0000000788a00000| Complete 
|1094|0x0000000788c00000, 0x0000000788c00000, 0x0000000788e00000|  0%| F|  |TAMS 0x0000000788c00000| PB 0x0000000788c00000| Untracked 
|1095|0x0000000788e00000, 0x0000000789000000, 0x0000000789000000|100%| O|Cm|TAMS 0x0000000788e00000| PB 0x0000000788e00000| Complete 
|1096|0x0000000789000000, 0x0000000789200000, 0x0000000789200000|100%| O|Cm|TAMS 0x0000000789000000| PB 0x0000000789000000| Complete 
|1097|0x0000000789200000, 0x0000000789400000, 0x0000000789400000|100%| O|Cm|TAMS 0x0000000789200000| PB 0x0000000789200000| Complete 
|1098|0x0000000789400000, 0x0000000789600000, 0x0000000789600000|100%|HS|  |TAMS 0x0000000789400000| PB 0x0000000789400000| Complete 
|1099|0x0000000789600000, 0x0000000789800000, 0x0000000789800000|100%|HC|  |TAMS 0x0000000789600000| PB 0x0000000789600000| Complete 
|1100|0x0000000789800000, 0x0000000789a00000, 0x0000000789a00000|100%|HC|  |TAMS 0x0000000789800000| PB 0x0000000789800000| Complete 
|1101|0x0000000789a00000, 0x0000000789c00000, 0x0000000789c00000|100%|HC|  |TAMS 0x0000000789a00000| PB 0x0000000789a00000| Complete 
|1102|0x0000000789c00000, 0x0000000789e00000, 0x0000000789e00000|100%|HC|  |TAMS 0x0000000789c00000| PB 0x0000000789c00000| Complete 
|1103|0x0000000789e00000, 0x000000078a000000, 0x000000078a000000|100%|HC|  |TAMS 0x0000000789e00000| PB 0x0000000789e00000| Complete 
|1104|0x000000078a000000, 0x000000078a200000, 0x000000078a200000|100%|HC|  |TAMS 0x000000078a000000| PB 0x000000078a000000| Complete 
|1105|0x000000078a200000, 0x000000078a400000, 0x000000078a400000|100%|HC|  |TAMS 0x000000078a200000| PB 0x000000078a200000| Complete 
|1106|0x000000078a400000, 0x000000078a600000, 0x000000078a600000|100%|HC|  |TAMS 0x000000078a400000| PB 0x000000078a400000| Complete 
|1107|0x000000078a600000, 0x000000078a800000, 0x000000078a800000|100%|HC|  |TAMS 0x000000078a600000| PB 0x000000078a600000| Complete 
|1108|0x000000078a800000, 0x000000078aa00000, 0x000000078aa00000|100%|HC|  |TAMS 0x000000078a800000| PB 0x000000078a800000| Complete 
|1109|0x000000078aa00000, 0x000000078ac00000, 0x000000078ac00000|100%|HC|  |TAMS 0x000000078aa00000| PB 0x000000078aa00000| Complete 
|1110|0x000000078ac00000, 0x000000078ae00000, 0x000000078ae00000|100%|HC|  |TAMS 0x000000078ac00000| PB 0x000000078ac00000| Complete 
|1111|0x000000078ae00000, 0x000000078b000000, 0x000000078b000000|100%|HC|  |TAMS 0x000000078ae00000| PB 0x000000078ae00000| Complete 
|1112|0x000000078b000000, 0x000000078b200000, 0x000000078b200000|100%|HC|  |TAMS 0x000000078b000000| PB 0x000000078b000000| Complete 
|1113|0x000000078b200000, 0x000000078b400000, 0x000000078b400000|100%|HC|  |TAMS 0x000000078b200000| PB 0x000000078b200000| Complete 
|1114|0x000000078b400000, 0x000000078b600000, 0x000000078b600000|100%|HC|  |TAMS 0x000000078b400000| PB 0x000000078b400000| Complete 
|1115|0x000000078b600000, 0x000000078b800000, 0x000000078b800000|100%|HS|  |TAMS 0x000000078b600000| PB 0x000000078b600000| Complete 
|1116|0x000000078b800000, 0x000000078ba00000, 0x000000078ba00000|100%|HC|  |TAMS 0x000000078b800000| PB 0x000000078b800000| Complete 
|1117|0x000000078ba00000, 0x000000078bc00000, 0x000000078bc00000|100%|HC|  |TAMS 0x000000078ba00000| PB 0x000000078ba00000| Complete 
|1118|0x000000078bc00000, 0x000000078be00000, 0x000000078be00000|100%|HC|  |TAMS 0x000000078bc00000| PB 0x000000078bc00000| Complete 
|1119|0x000000078be00000, 0x000000078c000000, 0x000000078c000000|100%|HC|  |TAMS 0x000000078be00000| PB 0x000000078be00000| Complete 
|1120|0x000000078c000000, 0x000000078c200000, 0x000000078c200000|100%|HC|  |TAMS 0x000000078c000000| PB 0x000000078c000000| Complete 
|1121|0x000000078c200000, 0x000000078c400000, 0x000000078c400000|100%|HC|  |TAMS 0x000000078c200000| PB 0x000000078c200000| Complete 
|1122|0x000000078c400000, 0x000000078c600000, 0x000000078c600000|100%|HC|  |TAMS 0x000000078c400000| PB 0x000000078c400000| Complete 
|1123|0x000000078c600000, 0x000000078c800000, 0x000000078c800000|100%|HC|  |TAMS 0x000000078c600000| PB 0x000000078c600000| Complete 
|1124|0x000000078c800000, 0x000000078ca00000, 0x000000078ca00000|100%|HC|  |TAMS 0x000000078c800000| PB 0x000000078c800000| Complete 
|1125|0x000000078ca00000, 0x000000078cc00000, 0x000000078cc00000|100%|HC|  |TAMS 0x000000078ca00000| PB 0x000000078ca00000| Complete 
|1126|0x000000078cc00000, 0x000000078ce00000, 0x000000078ce00000|100%|HC|  |TAMS 0x000000078cc00000| PB 0x000000078cc00000| Complete 
|1127|0x000000078ce00000, 0x000000078d000000, 0x000000078d000000|100%|HC|  |TAMS 0x000000078ce00000| PB 0x000000078ce00000| Complete 
|1128|0x000000078d000000, 0x000000078d200000, 0x000000078d200000|100%|HS|  |TAMS 0x000000078d000000| PB 0x000000078d000000| Complete 
|1129|0x000000078d200000, 0x000000078d400000, 0x000000078d400000|100%|HC|  |TAMS 0x000000078d200000| PB 0x000000078d200000| Complete 
|1130|0x000000078d400000, 0x000000078d600000, 0x000000078d600000|100%|HC|  |TAMS 0x000000078d400000| PB 0x000000078d400000| Complete 
|1131|0x000000078d600000, 0x000000078d800000, 0x000000078d800000|100%|HC|  |TAMS 0x000000078d600000| PB 0x000000078d600000| Complete 
|1132|0x000000078d800000, 0x000000078da00000, 0x000000078da00000|100%|HC|  |TAMS 0x000000078d800000| PB 0x000000078d800000| Complete 
|1133|0x000000078da00000, 0x000000078dc00000, 0x000000078dc00000|100%|HC|  |TAMS 0x000000078da00000| PB 0x000000078da00000| Complete 
|1134|0x000000078dc00000, 0x000000078de00000, 0x000000078de00000|100%|HS|  |TAMS 0x000000078dc00000| PB 0x000000078dc00000| Complete 
|1135|0x000000078de00000, 0x000000078e000000, 0x000000078e000000|100%|HC|  |TAMS 0x000000078de00000| PB 0x000000078de00000| Complete 
|1136|0x000000078e000000, 0x000000078e200000, 0x000000078e200000|100%|HC|  |TAMS 0x000000078e000000| PB 0x000000078e000000| Complete 
|1137|0x000000078e200000, 0x000000078e400000, 0x000000078e400000|100%|HC|  |TAMS 0x000000078e200000| PB 0x000000078e200000| Complete 
|1138|0x000000078e400000, 0x000000078e600000, 0x000000078e600000|100%|HC|  |TAMS 0x000000078e400000| PB 0x000000078e400000| Complete 
|1139|0x000000078e600000, 0x000000078e800000, 0x000000078e800000|100%|HC|  |TAMS 0x000000078e600000| PB 0x000000078e600000| Complete 
|1140|0x000000078e800000, 0x000000078ea00000, 0x000000078ea00000|100%|HC|  |TAMS 0x000000078e800000| PB 0x000000078e800000| Complete 
|1141|0x000000078ea00000, 0x000000078ec00000, 0x000000078ec00000|100%|HC|  |TAMS 0x000000078ea00000| PB 0x000000078ea00000| Complete 
|1142|0x000000078ec00000, 0x000000078ee00000, 0x000000078ee00000|100%|HC|  |TAMS 0x000000078ec00000| PB 0x000000078ec00000| Complete 
|1143|0x000000078ee00000, 0x000000078f000000, 0x000000078f000000|100%|HC|  |TAMS 0x000000078ee00000| PB 0x000000078ee00000| Complete 
|1144|0x000000078f000000, 0x000000078f200000, 0x000000078f200000|100%|HC|  |TAMS 0x000000078f000000| PB 0x000000078f000000| Complete 
|1145|0x000000078f200000, 0x000000078f400000, 0x000000078f400000|100%|HC|  |TAMS 0x000000078f200000| PB 0x000000078f200000| Complete 
|1146|0x000000078f400000, 0x000000078f600000, 0x000000078f600000|100%|HC|  |TAMS 0x000000078f400000| PB 0x000000078f400000| Complete 
|1147|0x000000078f600000, 0x000000078f800000, 0x000000078f800000|100%|HC|  |TAMS 0x000000078f600000| PB 0x000000078f600000| Complete 
|1148|0x000000078f800000, 0x000000078fa00000, 0x000000078fa00000|100%|HC|  |TAMS 0x000000078f800000| PB 0x000000078f800000| Complete 
|1149|0x000000078fa00000, 0x000000078fc00000, 0x000000078fc00000|100%|HC|  |TAMS 0x000000078fa00000| PB 0x000000078fa00000| Complete 
|1150|0x000000078fc00000, 0x000000078fe00000, 0x000000078fe00000|100%|HC|  |TAMS 0x000000078fc00000| PB 0x000000078fc00000| Complete 
|1151|0x000000078fe00000, 0x0000000790000000, 0x0000000790000000|100%|HC|  |TAMS 0x000000078fe00000| PB 0x000000078fe00000| Complete 
|1152|0x0000000790000000, 0x0000000790200000, 0x0000000790200000|100%|HC|  |TAMS 0x0000000790000000| PB 0x0000000790000000| Complete 
|1153|0x0000000790200000, 0x0000000790400000, 0x0000000790400000|100%|HS|  |TAMS 0x0000000790200000| PB 0x0000000790200000| Complete 
|1154|0x0000000790400000, 0x0000000790600000, 0x0000000790600000|100%|HC|  |TAMS 0x0000000790400000| PB 0x0000000790400000| Complete 
|1155|0x0000000790600000, 0x0000000790800000, 0x0000000790800000|100%|HC|  |TAMS 0x0000000790600000| PB 0x0000000790600000| Complete 
|1156|0x0000000790800000, 0x0000000790a00000, 0x0000000790a00000|100%|HC|  |TAMS 0x0000000790800000| PB 0x0000000790800000| Complete 
|1157|0x0000000790a00000, 0x0000000790c00000, 0x0000000790c00000|100%|HC|  |TAMS 0x0000000790a00000| PB 0x0000000790a00000| Complete 
|1158|0x0000000790c00000, 0x0000000790e00000, 0x0000000790e00000|100%|HS|  |TAMS 0x0000000790c00000| PB 0x0000000790c00000| Complete 
|1159|0x0000000790e00000, 0x0000000791000000, 0x0000000791000000|100%|HC|  |TAMS 0x0000000790e00000| PB 0x0000000790e00000| Complete 
|1160|0x0000000791000000, 0x0000000791200000, 0x0000000791200000|100%|HC|  |TAMS 0x0000000791000000| PB 0x0000000791000000| Complete 
|1161|0x0000000791200000, 0x0000000791400000, 0x0000000791400000|100%|HC|  |TAMS 0x0000000791200000| PB 0x0000000791200000| Complete 
|1162|0x0000000791400000, 0x0000000791600000, 0x0000000791600000|100%|HS|  |TAMS 0x0000000791400000| PB 0x0000000791400000| Complete 
|1163|0x0000000791600000, 0x0000000791800000, 0x0000000791800000|100%|HC|  |TAMS 0x0000000791600000| PB 0x0000000791600000| Complete 
|1164|0x0000000791800000, 0x0000000791a00000, 0x0000000791a00000|100%|HC|  |TAMS 0x0000000791800000| PB 0x0000000791800000| Complete 
|1165|0x0000000791a00000, 0x0000000791c00000, 0x0000000791c00000|100%|HC|  |TAMS 0x0000000791a00000| PB 0x0000000791a00000| Complete 
|1166|0x0000000791c00000, 0x0000000791e00000, 0x0000000791e00000|100%|HC|  |TAMS 0x0000000791c00000| PB 0x0000000791c00000| Complete 
|1167|0x0000000791e00000, 0x0000000792000000, 0x0000000792000000|100%|HC|  |TAMS 0x0000000791e00000| PB 0x0000000791e00000| Complete 
|1168|0x0000000792000000, 0x0000000792200000, 0x0000000792200000|100%|HS|  |TAMS 0x0000000792000000| PB 0x0000000792000000| Complete 
|1169|0x0000000792200000, 0x0000000792400000, 0x0000000792400000|100%|HC|  |TAMS 0x0000000792200000| PB 0x0000000792200000| Complete 
|1170|0x0000000792400000, 0x0000000792600000, 0x0000000792600000|100%|HC|  |TAMS 0x0000000792400000| PB 0x0000000792400000| Complete 
|1171|0x0000000792600000, 0x0000000792800000, 0x0000000792800000|100%|HC|  |TAMS 0x0000000792600000| PB 0x0000000792600000| Complete 
|1172|0x0000000792800000, 0x0000000792a00000, 0x0000000792a00000|100%|HS|  |TAMS 0x0000000792800000| PB 0x0000000792800000| Complete 
|1173|0x0000000792a00000, 0x0000000792c00000, 0x0000000792c00000|100%|HC|  |TAMS 0x0000000792a00000| PB 0x0000000792a00000| Complete 
|1174|0x0000000792c00000, 0x0000000792e00000, 0x0000000792e00000|100%|HC|  |TAMS 0x0000000792c00000| PB 0x0000000792c00000| Complete 
|1175|0x0000000792e00000, 0x0000000793000000, 0x0000000793000000|100%|HC|  |TAMS 0x0000000792e00000| PB 0x0000000792e00000| Complete 
|1176|0x0000000793000000, 0x0000000793200000, 0x0000000793200000|100%|HC|  |TAMS 0x0000000793000000| PB 0x0000000793000000| Complete 
|1177|0x0000000793200000, 0x0000000793400000, 0x0000000793400000|100%|HC|  |TAMS 0x0000000793200000| PB 0x0000000793200000| Complete 
|1178|0x0000000793400000, 0x0000000793600000, 0x0000000793600000|100%|HC|  |TAMS 0x0000000793400000| PB 0x0000000793400000| Complete 
|1179|0x0000000793600000, 0x0000000793800000, 0x0000000793800000|100%|HS|  |TAMS 0x0000000793600000| PB 0x0000000793600000| Complete 
|1180|0x0000000793800000, 0x0000000793a00000, 0x0000000793a00000|100%|HC|  |TAMS 0x0000000793800000| PB 0x0000000793800000| Complete 
|1181|0x0000000793a00000, 0x0000000793c00000, 0x0000000793c00000|100%|HC|  |TAMS 0x0000000793a00000| PB 0x0000000793a00000| Complete 
|1182|0x0000000793c00000, 0x0000000793e00000, 0x0000000793e00000|100%|HC|  |TAMS 0x0000000793c00000| PB 0x0000000793c00000| Complete 
|1183|0x0000000793e00000, 0x0000000794000000, 0x0000000794000000|100%|HC|  |TAMS 0x0000000793e00000| PB 0x0000000793e00000| Complete 
|1184|0x0000000794000000, 0x0000000794200000, 0x0000000794200000|100%|HC|  |TAMS 0x0000000794000000| PB 0x0000000794000000| Complete 
|1185|0x0000000794200000, 0x0000000794400000, 0x0000000794400000|100%|HC|  |TAMS 0x0000000794200000| PB 0x0000000794200000| Complete 
|1186|0x0000000794400000, 0x0000000794600000, 0x0000000794600000|100%|HC|  |TAMS 0x0000000794400000| PB 0x0000000794400000| Complete 
|1187|0x0000000794600000, 0x0000000794800000, 0x0000000794800000|100%|HC|  |TAMS 0x0000000794600000| PB 0x0000000794600000| Complete 
|1188|0x0000000794800000, 0x0000000794a00000, 0x0000000794a00000|100%|HC|  |TAMS 0x0000000794800000| PB 0x0000000794800000| Complete 
|1189|0x0000000794a00000, 0x0000000794c00000, 0x0000000794c00000|100%|HC|  |TAMS 0x0000000794a00000| PB 0x0000000794a00000| Complete 
|1190|0x0000000794c00000, 0x0000000794e00000, 0x0000000794e00000|100%|HS|  |TAMS 0x0000000794c00000| PB 0x0000000794c00000| Complete 
|1191|0x0000000794e00000, 0x0000000795000000, 0x0000000795000000|100%|HC|  |TAMS 0x0000000794e00000| PB 0x0000000794e00000| Complete 
|1192|0x0000000795000000, 0x0000000795200000, 0x0000000795200000|100%|HC|  |TAMS 0x0000000795000000| PB 0x0000000795000000| Complete 
|1193|0x0000000795200000, 0x0000000795400000, 0x0000000795400000|100%|HC|  |TAMS 0x0000000795200000| PB 0x0000000795200000| Complete 
|1194|0x0000000795400000, 0x0000000795600000, 0x0000000795600000|100%|HC|  |TAMS 0x0000000795400000| PB 0x0000000795400000| Complete 
|1195|0x0000000795600000, 0x0000000795800000, 0x0000000795800000|100%|HC|  |TAMS 0x0000000795600000| PB 0x0000000795600000| Complete 
|1196|0x0000000795800000, 0x0000000795a00000, 0x0000000795a00000|100%|HC|  |TAMS 0x0000000795800000| PB 0x0000000795800000| Complete 
|1197|0x0000000795a00000, 0x0000000795c00000, 0x0000000795c00000|100%|HS|  |TAMS 0x0000000795a00000| PB 0x0000000795a00000| Complete 
|1198|0x0000000795c00000, 0x0000000795e00000, 0x0000000795e00000|100%|HC|  |TAMS 0x0000000795c00000| PB 0x0000000795c00000| Complete 
|1199|0x0000000795e00000, 0x0000000796000000, 0x0000000796000000|100%|HC|  |TAMS 0x0000000795e00000| PB 0x0000000795e00000| Complete 
|1200|0x0000000796000000, 0x0000000796200000, 0x0000000796200000|100%|HC|  |TAMS 0x0000000796000000| PB 0x0000000796000000| Complete 
|1201|0x0000000796200000, 0x0000000796400000, 0x0000000796400000|100%|HC|  |TAMS 0x0000000796200000| PB 0x0000000796200000| Complete 
|1202|0x0000000796400000, 0x0000000796600000, 0x0000000796600000|100%|HC|  |TAMS 0x0000000796400000| PB 0x0000000796400000| Complete 
|1203|0x0000000796600000, 0x0000000796800000, 0x0000000796800000|100%|HC|  |TAMS 0x0000000796600000| PB 0x0000000796600000| Complete 
|1204|0x0000000796800000, 0x0000000796a00000, 0x0000000796a00000|100%|HS|  |TAMS 0x0000000796800000| PB 0x0000000796800000| Complete 
|1205|0x0000000796a00000, 0x0000000796c00000, 0x0000000796c00000|100%|HC|  |TAMS 0x0000000796a00000| PB 0x0000000796a00000| Complete 
|1206|0x0000000796c00000, 0x0000000796e00000, 0x0000000796e00000|100%|HC|  |TAMS 0x0000000796c00000| PB 0x0000000796c00000| Complete 
|1207|0x0000000796e00000, 0x0000000797000000, 0x0000000797000000|100%|HC|  |TAMS 0x0000000796e00000| PB 0x0000000796e00000| Complete 
|1208|0x0000000797000000, 0x0000000797200000, 0x0000000797200000|100%|HS|  |TAMS 0x0000000797000000| PB 0x0000000797000000| Complete 
|1209|0x0000000797200000, 0x0000000797400000, 0x0000000797400000|100%|HC|  |TAMS 0x0000000797200000| PB 0x0000000797200000| Complete 
|1210|0x0000000797400000, 0x0000000797600000, 0x0000000797600000|100%|HC|  |TAMS 0x0000000797400000| PB 0x0000000797400000| Complete 
|1211|0x0000000797600000, 0x0000000797800000, 0x0000000797800000|100%|HC|  |TAMS 0x0000000797600000| PB 0x0000000797600000| Complete 
|1212|0x0000000797800000, 0x0000000797a00000, 0x0000000797a00000|100%|HC|  |TAMS 0x0000000797800000| PB 0x0000000797800000| Complete 
|1213|0x0000000797a00000, 0x0000000797c00000, 0x0000000797c00000|100%|HS|  |TAMS 0x0000000797a00000| PB 0x0000000797a00000| Complete 
|1214|0x0000000797c00000, 0x0000000797e00000, 0x0000000797e00000|100%|HC|  |TAMS 0x0000000797c00000| PB 0x0000000797c00000| Complete 
|1215|0x0000000797e00000, 0x0000000798000000, 0x0000000798000000|100%|HC|  |TAMS 0x0000000797e00000| PB 0x0000000797e00000| Complete 
|1216|0x0000000798000000, 0x0000000798200000, 0x0000000798200000|100%|HC|  |TAMS 0x0000000798000000| PB 0x0000000798000000| Complete 
|1217|0x0000000798200000, 0x0000000798400000, 0x0000000798400000|100%|HC|  |TAMS 0x0000000798200000| PB 0x0000000798200000| Complete 
|1218|0x0000000798400000, 0x0000000798600000, 0x0000000798600000|100%|HC|  |TAMS 0x0000000798400000| PB 0x0000000798400000| Complete 
|1219|0x0000000798600000, 0x0000000798800000, 0x0000000798800000|100%|HS|  |TAMS 0x0000000798600000| PB 0x0000000798600000| Complete 
|1220|0x0000000798800000, 0x0000000798a00000, 0x0000000798a00000|100%|HC|  |TAMS 0x0000000798800000| PB 0x0000000798800000| Complete 
|1221|0x0000000798a00000, 0x0000000798c00000, 0x0000000798c00000|100%|HC|  |TAMS 0x0000000798a00000| PB 0x0000000798a00000| Complete 
|1222|0x0000000798c00000, 0x0000000798e00000, 0x0000000798e00000|100%|HC|  |TAMS 0x0000000798c00000| PB 0x0000000798c00000| Complete 
|1223|0x0000000798e00000, 0x0000000799000000, 0x0000000799000000|100%|HC|  |TAMS 0x0000000798e00000| PB 0x0000000798e00000| Complete 
|1224|0x0000000799000000, 0x0000000799200000, 0x0000000799200000|100%|HC|  |TAMS 0x0000000799000000| PB 0x0000000799000000| Complete 
|1225|0x0000000799200000, 0x0000000799400000, 0x0000000799400000|100%|HC|  |TAMS 0x0000000799200000| PB 0x0000000799200000| Complete 
|1226|0x0000000799400000, 0x0000000799600000, 0x0000000799600000|100%|HC|  |TAMS 0x0000000799400000| PB 0x0000000799400000| Complete 
|1227|0x0000000799600000, 0x0000000799800000, 0x0000000799800000|100%|HC|  |TAMS 0x0000000799600000| PB 0x0000000799600000| Complete 
|1228|0x0000000799800000, 0x0000000799a00000, 0x0000000799a00000|100%|HC|  |TAMS 0x0000000799800000| PB 0x0000000799800000| Complete 
|1229|0x0000000799a00000, 0x0000000799c00000, 0x0000000799c00000|100%|HC|  |TAMS 0x0000000799a00000| PB 0x0000000799a00000| Complete 
|1230|0x0000000799c00000, 0x0000000799e00000, 0x0000000799e00000|100%|HC|  |TAMS 0x0000000799c00000| PB 0x0000000799c00000| Complete 
|1231|0x0000000799e00000, 0x000000079a000000, 0x000000079a000000|100%|HC|  |TAMS 0x0000000799e00000| PB 0x0000000799e00000| Complete 
|1232|0x000000079a000000, 0x000000079a200000, 0x000000079a200000|100%|HC|  |TAMS 0x000000079a000000| PB 0x000000079a000000| Complete 
|1233|0x000000079a200000, 0x000000079a400000, 0x000000079a400000|100%|HC|  |TAMS 0x000000079a200000| PB 0x000000079a200000| Complete 
|1234|0x000000079a400000, 0x000000079a600000, 0x000000079a600000|100%|HC|  |TAMS 0x000000079a400000| PB 0x000000079a400000| Complete 
|1235|0x000000079a600000, 0x000000079a800000, 0x000000079a800000|100%|HC|  |TAMS 0x000000079a600000| PB 0x000000079a600000| Complete 
|1236|0x000000079a800000, 0x000000079aa00000, 0x000000079aa00000|100%|HS|  |TAMS 0x000000079a800000| PB 0x000000079a800000| Complete 
|1237|0x000000079aa00000, 0x000000079ac00000, 0x000000079ac00000|100%|HC|  |TAMS 0x000000079aa00000| PB 0x000000079aa00000| Complete 
|1238|0x000000079ac00000, 0x000000079ae00000, 0x000000079ae00000|100%|HC|  |TAMS 0x000000079ac00000| PB 0x000000079ac00000| Complete 
|1239|0x000000079ae00000, 0x000000079b000000, 0x000000079b000000|100%|HC|  |TAMS 0x000000079ae00000| PB 0x000000079ae00000| Complete 
|1240|0x000000079b000000, 0x000000079b200000, 0x000000079b200000|100%|HS|  |TAMS 0x000000079b000000| PB 0x000000079b000000| Complete 
|1241|0x000000079b200000, 0x000000079b400000, 0x000000079b400000|100%|HC|  |TAMS 0x000000079b200000| PB 0x000000079b200000| Complete 
|1242|0x000000079b400000, 0x000000079b600000, 0x000000079b600000|100%|HC|  |TAMS 0x000000079b400000| PB 0x000000079b400000| Complete 
|1243|0x000000079b600000, 0x000000079b800000, 0x000000079b800000|100%|HC|  |TAMS 0x000000079b600000| PB 0x000000079b600000| Complete 
|1244|0x000000079b800000, 0x000000079ba00000, 0x000000079ba00000|100%|HC|  |TAMS 0x000000079b800000| PB 0x000000079b800000| Complete 
|1245|0x000000079ba00000, 0x000000079bc00000, 0x000000079bc00000|100%|HC|  |TAMS 0x000000079ba00000| PB 0x000000079ba00000| Complete 
|1246|0x000000079bc00000, 0x000000079be00000, 0x000000079be00000|100%|HC|  |TAMS 0x000000079bc00000| PB 0x000000079bc00000| Complete 
|1247|0x000000079be00000, 0x000000079c000000, 0x000000079c000000|100%|HC|  |TAMS 0x000000079be00000| PB 0x000000079be00000| Complete 
|1248|0x000000079c000000, 0x000000079c200000, 0x000000079c200000|100%|HC|  |TAMS 0x000000079c000000| PB 0x000000079c000000| Complete 
|1249|0x000000079c200000, 0x000000079c400000, 0x000000079c400000|100%|HC|  |TAMS 0x000000079c200000| PB 0x000000079c200000| Complete 
|1250|0x000000079c400000, 0x000000079c600000, 0x000000079c600000|100%|HC|  |TAMS 0x000000079c400000| PB 0x000000079c400000| Complete 
|1251|0x000000079c600000, 0x000000079c800000, 0x000000079c800000|100%|HC|  |TAMS 0x000000079c600000| PB 0x000000079c600000| Complete 
|1252|0x000000079c800000, 0x000000079ca00000, 0x000000079ca00000|100%|HS|  |TAMS 0x000000079c800000| PB 0x000000079c800000| Complete 
|1253|0x000000079ca00000, 0x000000079cc00000, 0x000000079cc00000|100%|HC|  |TAMS 0x000000079ca00000| PB 0x000000079ca00000| Complete 
|1254|0x000000079cc00000, 0x000000079ce00000, 0x000000079ce00000|100%|HC|  |TAMS 0x000000079cc00000| PB 0x000000079cc00000| Complete 
|1255|0x000000079ce00000, 0x000000079d000000, 0x000000079d000000|100%|HC|  |TAMS 0x000000079ce00000| PB 0x000000079ce00000| Complete 
|1256|0x000000079d000000, 0x000000079d200000, 0x000000079d200000|100%|HC|  |TAMS 0x000000079d000000| PB 0x000000079d000000| Complete 
|1257|0x000000079d200000, 0x000000079d400000, 0x000000079d400000|100%|HC|  |TAMS 0x000000079d200000| PB 0x000000079d200000| Complete 
|1258|0x000000079d400000, 0x000000079d600000, 0x000000079d600000|100%|HC|  |TAMS 0x000000079d400000| PB 0x000000079d400000| Complete 
|1259|0x000000079d600000, 0x000000079d800000, 0x000000079d800000|100%|HC|  |TAMS 0x000000079d600000| PB 0x000000079d600000| Complete 
|1260|0x000000079d800000, 0x000000079da00000, 0x000000079da00000|100%|HC|  |TAMS 0x000000079d800000| PB 0x000000079d800000| Complete 
|1261|0x000000079da00000, 0x000000079dc00000, 0x000000079dc00000|100%|HC|  |TAMS 0x000000079da00000| PB 0x000000079da00000| Complete 
|1262|0x000000079dc00000, 0x000000079de00000, 0x000000079de00000|100%|HC|  |TAMS 0x000000079dc00000| PB 0x000000079dc00000| Complete 
|1263|0x000000079de00000, 0x000000079e000000, 0x000000079e000000|100%|HC|  |TAMS 0x000000079de00000| PB 0x000000079de00000| Complete 
|1264|0x000000079e000000, 0x000000079e200000, 0x000000079e200000|100%|HC|  |TAMS 0x000000079e000000| PB 0x000000079e000000| Complete 
|1265|0x000000079e200000, 0x000000079e400000, 0x000000079e400000|100%|HC|  |TAMS 0x000000079e200000| PB 0x000000079e200000| Complete 
|1266|0x000000079e400000, 0x000000079e600000, 0x000000079e600000|100%|HC|  |TAMS 0x000000079e400000| PB 0x000000079e400000| Complete 
|1267|0x000000079e600000, 0x000000079e800000, 0x000000079e800000|100%|HS|  |TAMS 0x000000079e600000| PB 0x000000079e600000| Complete 
|1268|0x000000079e800000, 0x000000079ea00000, 0x000000079ea00000|100%|HC|  |TAMS 0x000000079e800000| PB 0x000000079e800000| Complete 
|1269|0x000000079ea00000, 0x000000079ec00000, 0x000000079ec00000|100%|HC|  |TAMS 0x000000079ea00000| PB 0x000000079ea00000| Complete 
|1270|0x000000079ec00000, 0x000000079ee00000, 0x000000079ee00000|100%|HC|  |TAMS 0x000000079ec00000| PB 0x000000079ec00000| Complete 
|1271|0x000000079ee00000, 0x000000079ee00000, 0x000000079f000000|  0%| F|  |TAMS 0x000000079ee00000| PB 0x000000079ee00000| Untracked 
|1272|0x000000079f000000, 0x000000079f000000, 0x000000079f200000|  0%| F|  |TAMS 0x000000079f000000| PB 0x000000079f000000| Untracked 
|1273|0x000000079f200000, 0x000000079f200000, 0x000000079f400000|  0%| F|  |TAMS 0x000000079f200000| PB 0x000000079f200000| Untracked 
|1274|0x000000079f400000, 0x000000079f400000, 0x000000079f600000|  0%| F|  |TAMS 0x000000079f400000| PB 0x000000079f400000| Untracked 
|1275|0x000000079f600000, 0x000000079f600000, 0x000000079f800000|  0%| F|  |TAMS 0x000000079f600000| PB 0x000000079f600000| Untracked 
|1276|0x000000079f800000, 0x000000079f800000, 0x000000079fa00000|  0%| F|  |TAMS 0x000000079f800000| PB 0x000000079f800000| Untracked 
|1277|0x000000079fa00000, 0x000000079fa00000, 0x000000079fc00000|  0%| F|  |TAMS 0x000000079fa00000| PB 0x000000079fa00000| Untracked 
|1278|0x000000079fc00000, 0x000000079fc00000, 0x000000079fe00000|  0%| F|  |TAMS 0x000000079fc00000| PB 0x000000079fc00000| Untracked 
|1279|0x000000079fe00000, 0x000000079fe00000, 0x00000007a0000000|  0%| F|  |TAMS 0x000000079fe00000| PB 0x000000079fe00000| Untracked 
|1280|0x00000007a0000000, 0x00000007a0000000, 0x00000007a0200000|  0%| F|  |TAMS 0x00000007a0000000| PB 0x00000007a0000000| Untracked 
|1281|0x00000007a0200000, 0x00000007a0200000, 0x00000007a0400000|  0%| F|  |TAMS 0x00000007a0200000| PB 0x00000007a0200000| Untracked 
|1282|0x00000007a0400000, 0x00000007a0400000, 0x00000007a0600000|  0%| F|  |TAMS 0x00000007a0400000| PB 0x00000007a0400000| Untracked 
|1283|0x00000007a0600000, 0x00000007a0600000, 0x00000007a0800000|  0%| F|  |TAMS 0x00000007a0600000| PB 0x00000007a0600000| Untracked 
|1284|0x00000007a0800000, 0x00000007a0800000, 0x00000007a0a00000|  0%| F|  |TAMS 0x00000007a0800000| PB 0x00000007a0800000| Untracked 
|1285|0x00000007a0a00000, 0x00000007a0a00000, 0x00000007a0c00000|  0%| F|  |TAMS 0x00000007a0a00000| PB 0x00000007a0a00000| Untracked 
|1286|0x00000007a0c00000, 0x00000007a0c00000, 0x00000007a0e00000|  0%| F|  |TAMS 0x00000007a0c00000| PB 0x00000007a0c00000| Untracked 
|1287|0x00000007a0e00000, 0x00000007a0e00000, 0x00000007a1000000|  0%| F|  |TAMS 0x00000007a0e00000| PB 0x00000007a0e00000| Untracked 
|1288|0x00000007a1000000, 0x00000007a1000000, 0x00000007a1200000|  0%| F|  |TAMS 0x00000007a1000000| PB 0x00000007a1000000| Untracked 
|1289|0x00000007a1200000, 0x00000007a1200000, 0x00000007a1400000|  0%| F|  |TAMS 0x00000007a1200000| PB 0x00000007a1200000| Untracked 
|1290|0x00000007a1400000, 0x00000007a1400000, 0x00000007a1600000|  0%| F|  |TAMS 0x00000007a1400000| PB 0x00000007a1400000| Untracked 
|1291|0x00000007a1600000, 0x00000007a1600000, 0x00000007a1800000|  0%| F|  |TAMS 0x00000007a1600000| PB 0x00000007a1600000| Untracked 
|1292|0x00000007a1800000, 0x00000007a1800000, 0x00000007a1a00000|  0%| F|  |TAMS 0x00000007a1800000| PB 0x00000007a1800000| Untracked 
|1293|0x00000007a1a00000, 0x00000007a1a00000, 0x00000007a1c00000|  0%| F|  |TAMS 0x00000007a1a00000| PB 0x00000007a1a00000| Untracked 
|1294|0x00000007a1c00000, 0x00000007a1c00000, 0x00000007a1e00000|  0%| F|  |TAMS 0x00000007a1c00000| PB 0x00000007a1c00000| Untracked 
|1295|0x00000007a1e00000, 0x00000007a1e00000, 0x00000007a2000000|  0%| F|  |TAMS 0x00000007a1e00000| PB 0x00000007a1e00000| Untracked 
|1296|0x00000007a2000000, 0x00000007a2000000, 0x00000007a2200000|  0%| F|  |TAMS 0x00000007a2000000| PB 0x00000007a2000000| Untracked 
|1297|0x00000007a2200000, 0x00000007a2200000, 0x00000007a2400000|  0%| F|  |TAMS 0x00000007a2200000| PB 0x00000007a2200000| Untracked 
|1298|0x00000007a2400000, 0x00000007a2400000, 0x00000007a2600000|  0%| F|  |TAMS 0x00000007a2400000| PB 0x00000007a2400000| Untracked 
|1299|0x00000007a2600000, 0x00000007a2600000, 0x00000007a2800000|  0%| F|  |TAMS 0x00000007a2600000| PB 0x00000007a2600000| Untracked 
|1300|0x00000007a2800000, 0x00000007a2800000, 0x00000007a2a00000|  0%| F|  |TAMS 0x00000007a2800000| PB 0x00000007a2800000| Untracked 
|1301|0x00000007a2a00000, 0x00000007a2a00000, 0x00000007a2c00000|  0%| F|  |TAMS 0x00000007a2a00000| PB 0x00000007a2a00000| Untracked 
|1302|0x00000007a2c00000, 0x00000007a2c00000, 0x00000007a2e00000|  0%| F|  |TAMS 0x00000007a2c00000| PB 0x00000007a2c00000| Untracked 
|1303|0x00000007a2e00000, 0x00000007a2e00000, 0x00000007a3000000|  0%| F|  |TAMS 0x00000007a2e00000| PB 0x00000007a2e00000| Untracked 
|1304|0x00000007a3000000, 0x00000007a3000000, 0x00000007a3200000|  0%| F|  |TAMS 0x00000007a3000000| PB 0x00000007a3000000| Untracked 
|1305|0x00000007a3200000, 0x00000007a3200000, 0x00000007a3400000|  0%| F|  |TAMS 0x00000007a3200000| PB 0x00000007a3200000| Untracked 
|1306|0x00000007a3400000, 0x00000007a3400000, 0x00000007a3600000|  0%| F|  |TAMS 0x00000007a3400000| PB 0x00000007a3400000| Untracked 
|1307|0x00000007a3600000, 0x00000007a3600000, 0x00000007a3800000|  0%| F|  |TAMS 0x00000007a3600000| PB 0x00000007a3600000| Untracked 
|1308|0x00000007a3800000, 0x00000007a3800000, 0x00000007a3a00000|  0%| F|  |TAMS 0x00000007a3800000| PB 0x00000007a3800000| Untracked 
|1309|0x00000007a3a00000, 0x00000007a3a00000, 0x00000007a3c00000|  0%| F|  |TAMS 0x00000007a3a00000| PB 0x00000007a3a00000| Untracked 
|1310|0x00000007a3c00000, 0x00000007a3c00000, 0x00000007a3e00000|  0%| F|  |TAMS 0x00000007a3c00000| PB 0x00000007a3c00000| Untracked 
|1311|0x00000007a3e00000, 0x00000007a3e00000, 0x00000007a4000000|  0%| F|  |TAMS 0x00000007a3e00000| PB 0x00000007a3e00000| Untracked 
|1312|0x00000007a4000000, 0x00000007a4000000, 0x00000007a4200000|  0%| F|  |TAMS 0x00000007a4000000| PB 0x00000007a4000000| Untracked 
|1313|0x00000007a4200000, 0x00000007a4200000, 0x00000007a4400000|  0%| F|  |TAMS 0x00000007a4200000| PB 0x00000007a4200000| Untracked 
|1314|0x00000007a4400000, 0x00000007a4400000, 0x00000007a4600000|  0%| F|  |TAMS 0x00000007a4400000| PB 0x00000007a4400000| Untracked 
|1315|0x00000007a4600000, 0x00000007a4600000, 0x00000007a4800000|  0%| F|  |TAMS 0x00000007a4600000| PB 0x00000007a4600000| Untracked 
|1316|0x00000007a4800000, 0x00000007a4800000, 0x00000007a4a00000|  0%| F|  |TAMS 0x00000007a4800000| PB 0x00000007a4800000| Untracked 
|1317|0x00000007a4a00000, 0x00000007a4a00000, 0x00000007a4c00000|  0%| F|  |TAMS 0x00000007a4a00000| PB 0x00000007a4a00000| Untracked 
|1318|0x00000007a4c00000, 0x00000007a4c00000, 0x00000007a4e00000|  0%| F|  |TAMS 0x00000007a4c00000| PB 0x00000007a4c00000| Untracked 
|1319|0x00000007a4e00000, 0x00000007a4e00000, 0x00000007a5000000|  0%| F|  |TAMS 0x00000007a4e00000| PB 0x00000007a4e00000| Untracked 
|1320|0x00000007a5000000, 0x00000007a5000000, 0x00000007a5200000|  0%| F|  |TAMS 0x00000007a5000000| PB 0x00000007a5000000| Untracked 
|1321|0x00000007a5200000, 0x00000007a5200000, 0x00000007a5400000|  0%| F|  |TAMS 0x00000007a5200000| PB 0x00000007a5200000| Untracked 
|1322|0x00000007a5400000, 0x00000007a5400000, 0x00000007a5600000|  0%| F|  |TAMS 0x00000007a5400000| PB 0x00000007a5400000| Untracked 
|1323|0x00000007a5600000, 0x00000007a5600000, 0x00000007a5800000|  0%| F|  |TAMS 0x00000007a5600000| PB 0x00000007a5600000| Untracked 
|1324|0x00000007a5800000, 0x00000007a5800000, 0x00000007a5a00000|  0%| F|  |TAMS 0x00000007a5800000| PB 0x00000007a5800000| Untracked 
|1325|0x00000007a5a00000, 0x00000007a5a00000, 0x00000007a5c00000|  0%| F|  |TAMS 0x00000007a5a00000| PB 0x00000007a5a00000| Untracked 
|1326|0x00000007a5c00000, 0x00000007a5c00000, 0x00000007a5e00000|  0%| F|  |TAMS 0x00000007a5c00000| PB 0x00000007a5c00000| Untracked 
|1327|0x00000007a5e00000, 0x00000007a5e00000, 0x00000007a6000000|  0%| F|  |TAMS 0x00000007a5e00000| PB 0x00000007a5e00000| Untracked 
|1328|0x00000007a6000000, 0x00000007a6000000, 0x00000007a6200000|  0%| F|  |TAMS 0x00000007a6000000| PB 0x00000007a6000000| Untracked 
|1329|0x00000007a6200000, 0x00000007a6200000, 0x00000007a6400000|  0%| F|  |TAMS 0x00000007a6200000| PB 0x00000007a6200000| Untracked 
|1330|0x00000007a6400000, 0x00000007a6400000, 0x00000007a6600000|  0%| F|  |TAMS 0x00000007a6400000| PB 0x00000007a6400000| Untracked 
|1331|0x00000007a6600000, 0x00000007a6600000, 0x00000007a6800000|  0%| F|  |TAMS 0x00000007a6600000| PB 0x00000007a6600000| Untracked 
|1332|0x00000007a6800000, 0x00000007a6800000, 0x00000007a6a00000|  0%| F|  |TAMS 0x00000007a6800000| PB 0x00000007a6800000| Untracked 
|1333|0x00000007a6a00000, 0x00000007a6a00000, 0x00000007a6c00000|  0%| F|  |TAMS 0x00000007a6a00000| PB 0x00000007a6a00000| Untracked 
|1334|0x00000007a6c00000, 0x00000007a6c00000, 0x00000007a6e00000|  0%| F|  |TAMS 0x00000007a6c00000| PB 0x00000007a6c00000| Untracked 
|1335|0x00000007a6e00000, 0x00000007a6e00000, 0x00000007a7000000|  0%| F|  |TAMS 0x00000007a6e00000| PB 0x00000007a6e00000| Untracked 
|1336|0x00000007a7000000, 0x00000007a7000000, 0x00000007a7200000|  0%| F|  |TAMS 0x00000007a7000000| PB 0x00000007a7000000| Untracked 
|1337|0x00000007a7200000, 0x00000007a7200000, 0x00000007a7400000|  0%| F|  |TAMS 0x00000007a7200000| PB 0x00000007a7200000| Untracked 
|1338|0x00000007a7400000, 0x00000007a7400000, 0x00000007a7600000|  0%| F|  |TAMS 0x00000007a7400000| PB 0x00000007a7400000| Untracked 
|1339|0x00000007a7600000, 0x00000007a7600000, 0x00000007a7800000|  0%| F|  |TAMS 0x00000007a7600000| PB 0x00000007a7600000| Untracked 
|1340|0x00000007a7800000, 0x00000007a7800000, 0x00000007a7a00000|  0%| F|  |TAMS 0x00000007a7800000| PB 0x00000007a7800000| Untracked 
|1341|0x00000007a7a00000, 0x00000007a7a00000, 0x00000007a7c00000|  0%| F|  |TAMS 0x00000007a7a00000| PB 0x00000007a7a00000| Untracked 
|1342|0x00000007a7c00000, 0x00000007a7c00000, 0x00000007a7e00000|  0%| F|  |TAMS 0x00000007a7c00000| PB 0x00000007a7c00000| Untracked 
|1343|0x00000007a7e00000, 0x00000007a7e00000, 0x00000007a8000000|  0%| F|  |TAMS 0x00000007a7e00000| PB 0x00000007a7e00000| Untracked 
|1344|0x00000007a8000000, 0x00000007a8000000, 0x00000007a8200000|  0%| F|  |TAMS 0x00000007a8000000| PB 0x00000007a8000000| Untracked 
|1345|0x00000007a8200000, 0x00000007a8200000, 0x00000007a8400000|  0%| F|  |TAMS 0x00000007a8200000| PB 0x00000007a8200000| Untracked 
|1346|0x00000007a8400000, 0x00000007a8400000, 0x00000007a8600000|  0%| F|  |TAMS 0x00000007a8400000| PB 0x00000007a8400000| Untracked 
|1347|0x00000007a8600000, 0x00000007a8600000, 0x00000007a8800000|  0%| F|  |TAMS 0x00000007a8600000| PB 0x00000007a8600000| Untracked 
|1348|0x00000007a8800000, 0x00000007a8800000, 0x00000007a8a00000|  0%| F|  |TAMS 0x00000007a8800000| PB 0x00000007a8800000| Untracked 
|1349|0x00000007a8a00000, 0x00000007a8a00000, 0x00000007a8c00000|  0%| F|  |TAMS 0x00000007a8a00000| PB 0x00000007a8a00000| Untracked 
|1350|0x00000007a8c00000, 0x00000007a8c00000, 0x00000007a8e00000|  0%| F|  |TAMS 0x00000007a8c00000| PB 0x00000007a8c00000| Untracked 
|1351|0x00000007a8e00000, 0x00000007a8e00000, 0x00000007a9000000|  0%| F|  |TAMS 0x00000007a8e00000| PB 0x00000007a8e00000| Untracked 
|1352|0x00000007a9000000, 0x00000007a9000000, 0x00000007a9200000|  0%| F|  |TAMS 0x00000007a9000000| PB 0x00000007a9000000| Untracked 
|1353|0x00000007a9200000, 0x00000007a9200000, 0x00000007a9400000|  0%| F|  |TAMS 0x00000007a9200000| PB 0x00000007a9200000| Untracked 
|1354|0x00000007a9400000, 0x00000007a9400000, 0x00000007a9600000|  0%| F|  |TAMS 0x00000007a9400000| PB 0x00000007a9400000| Untracked 
|1355|0x00000007a9600000, 0x00000007a9600000, 0x00000007a9800000|  0%| F|  |TAMS 0x00000007a9600000| PB 0x00000007a9600000| Untracked 
|1356|0x00000007a9800000, 0x00000007a9800000, 0x00000007a9a00000|  0%| F|  |TAMS 0x00000007a9800000| PB 0x00000007a9800000| Untracked 
|1357|0x00000007a9a00000, 0x00000007a9a00000, 0x00000007a9c00000|  0%| F|  |TAMS 0x00000007a9a00000| PB 0x00000007a9a00000| Untracked 
|1358|0x00000007a9c00000, 0x00000007a9c00000, 0x00000007a9e00000|  0%| F|  |TAMS 0x00000007a9c00000| PB 0x00000007a9c00000| Untracked 
|1359|0x00000007a9e00000, 0x00000007a9e00000, 0x00000007aa000000|  0%| F|  |TAMS 0x00000007a9e00000| PB 0x00000007a9e00000| Untracked 
|1360|0x00000007aa000000, 0x00000007aa000000, 0x00000007aa200000|  0%| F|  |TAMS 0x00000007aa000000| PB 0x00000007aa000000| Untracked 
|1361|0x00000007aa200000, 0x00000007aa200000, 0x00000007aa400000|  0%| F|  |TAMS 0x00000007aa200000| PB 0x00000007aa200000| Untracked 
|1362|0x00000007aa400000, 0x00000007aa400000, 0x00000007aa600000|  0%| F|  |TAMS 0x00000007aa400000| PB 0x00000007aa400000| Untracked 
|1363|0x00000007aa600000, 0x00000007aa600000, 0x00000007aa800000|  0%| F|  |TAMS 0x00000007aa600000| PB 0x00000007aa600000| Untracked 
|1364|0x00000007aa800000, 0x00000007aa800000, 0x00000007aaa00000|  0%| F|  |TAMS 0x00000007aa800000| PB 0x00000007aa800000| Untracked 
|1365|0x00000007aaa00000, 0x00000007aaa00000, 0x00000007aac00000|  0%| F|  |TAMS 0x00000007aaa00000| PB 0x00000007aaa00000| Untracked 
|1366|0x00000007aac00000, 0x00000007aac00000, 0x00000007aae00000|  0%| F|  |TAMS 0x00000007aac00000| PB 0x00000007aac00000| Untracked 
|1367|0x00000007aae00000, 0x00000007aae00000, 0x00000007ab000000|  0%| F|  |TAMS 0x00000007aae00000| PB 0x00000007aae00000| Untracked 
|1368|0x00000007ab000000, 0x00000007ab000000, 0x00000007ab200000|  0%| F|  |TAMS 0x00000007ab000000| PB 0x00000007ab000000| Untracked 
|1369|0x00000007ab200000, 0x00000007ab200000, 0x00000007ab400000|  0%| F|  |TAMS 0x00000007ab200000| PB 0x00000007ab200000| Untracked 
|1370|0x00000007ab400000, 0x00000007ab400000, 0x00000007ab600000|  0%| F|  |TAMS 0x00000007ab400000| PB 0x00000007ab400000| Untracked 
|1371|0x00000007ab600000, 0x00000007ab600000, 0x00000007ab800000|  0%| F|  |TAMS 0x00000007ab600000| PB 0x00000007ab600000| Untracked 
|1372|0x00000007ab800000, 0x00000007ab800000, 0x00000007aba00000|  0%| F|  |TAMS 0x00000007ab800000| PB 0x00000007ab800000| Untracked 
|1373|0x00000007aba00000, 0x00000007aba00000, 0x00000007abc00000|  0%| F|  |TAMS 0x00000007aba00000| PB 0x00000007aba00000| Untracked 
|1374|0x00000007abc00000, 0x00000007abc00000, 0x00000007abe00000|  0%| F|  |TAMS 0x00000007abc00000| PB 0x00000007abc00000| Untracked 
|1375|0x00000007abe00000, 0x00000007abe00000, 0x00000007ac000000|  0%| F|  |TAMS 0x00000007abe00000| PB 0x00000007abe00000| Untracked 
|1376|0x00000007ac000000, 0x00000007ac000000, 0x00000007ac200000|  0%| F|  |TAMS 0x00000007ac000000| PB 0x00000007ac000000| Untracked 
|1377|0x00000007ac200000, 0x00000007ac200000, 0x00000007ac400000|  0%| F|  |TAMS 0x00000007ac200000| PB 0x00000007ac200000| Untracked 
|1378|0x00000007ac400000, 0x00000007ac400000, 0x00000007ac600000|  0%| F|  |TAMS 0x00000007ac400000| PB 0x00000007ac400000| Untracked 
|1379|0x00000007ac600000, 0x00000007ac600000, 0x00000007ac800000|  0%| F|  |TAMS 0x00000007ac600000| PB 0x00000007ac600000| Untracked 
|1380|0x00000007ac800000, 0x00000007ac800000, 0x00000007aca00000|  0%| F|  |TAMS 0x00000007ac800000| PB 0x00000007ac800000| Untracked 
|1381|0x00000007aca00000, 0x00000007aca00000, 0x00000007acc00000|  0%| F|  |TAMS 0x00000007aca00000| PB 0x00000007aca00000| Untracked 
|1382|0x00000007acc00000, 0x00000007acc00000, 0x00000007ace00000|  0%| F|  |TAMS 0x00000007acc00000| PB 0x00000007acc00000| Untracked 
|1383|0x00000007ace00000, 0x00000007ace00000, 0x00000007ad000000|  0%| F|  |TAMS 0x00000007ace00000| PB 0x00000007ace00000| Untracked 
|1384|0x00000007ad000000, 0x00000007ad000000, 0x00000007ad200000|  0%| F|  |TAMS 0x00000007ad000000| PB 0x00000007ad000000| Untracked 
|1385|0x00000007ad200000, 0x00000007ad200000, 0x00000007ad400000|  0%| F|  |TAMS 0x00000007ad200000| PB 0x00000007ad200000| Untracked 
|1386|0x00000007ad400000, 0x00000007ad400000, 0x00000007ad600000|  0%| F|  |TAMS 0x00000007ad400000| PB 0x00000007ad400000| Untracked 
|1387|0x00000007ad600000, 0x00000007ad600000, 0x00000007ad800000|  0%| F|  |TAMS 0x00000007ad600000| PB 0x00000007ad600000| Untracked 
|1388|0x00000007ad800000, 0x00000007ad800000, 0x00000007ada00000|  0%| F|  |TAMS 0x00000007ad800000| PB 0x00000007ad800000| Untracked 
|1389|0x00000007ada00000, 0x00000007ada00000, 0x00000007adc00000|  0%| F|  |TAMS 0x00000007ada00000| PB 0x00000007ada00000| Untracked 
|1390|0x00000007adc00000, 0x00000007adc00000, 0x00000007ade00000|  0%| F|  |TAMS 0x00000007adc00000| PB 0x00000007adc00000| Untracked 
|1391|0x00000007ade00000, 0x00000007ade00000, 0x00000007ae000000|  0%| F|  |TAMS 0x00000007ade00000| PB 0x00000007ade00000| Untracked 
|1392|0x00000007ae000000, 0x00000007ae000000, 0x00000007ae200000|  0%| F|  |TAMS 0x00000007ae000000| PB 0x00000007ae000000| Untracked 
|1393|0x00000007ae200000, 0x00000007ae200000, 0x00000007ae400000|  0%| F|  |TAMS 0x00000007ae200000| PB 0x00000007ae200000| Untracked 
|1394|0x00000007ae400000, 0x00000007ae400000, 0x00000007ae600000|  0%| F|  |TAMS 0x00000007ae400000| PB 0x00000007ae400000| Untracked 
|1395|0x00000007ae600000, 0x00000007ae600000, 0x00000007ae800000|  0%| F|  |TAMS 0x00000007ae600000| PB 0x00000007ae600000| Untracked 
|1396|0x00000007ae800000, 0x00000007ae800000, 0x00000007aea00000|  0%| F|  |TAMS 0x00000007ae800000| PB 0x00000007ae800000| Untracked 
|1397|0x00000007aea00000, 0x00000007aea00000, 0x00000007aec00000|  0%| F|  |TAMS 0x00000007aea00000| PB 0x00000007aea00000| Untracked 
|1398|0x00000007aec00000, 0x00000007aec00000, 0x00000007aee00000|  0%| F|  |TAMS 0x00000007aec00000| PB 0x00000007aec00000| Untracked 
|1399|0x00000007aee00000, 0x00000007aee00000, 0x00000007af000000|  0%| F|  |TAMS 0x00000007aee00000| PB 0x00000007aee00000| Untracked 
|1400|0x00000007af000000, 0x00000007af000000, 0x00000007af200000|  0%| F|  |TAMS 0x00000007af000000| PB 0x00000007af000000| Untracked 
|1401|0x00000007af200000, 0x00000007af200000, 0x00000007af400000|  0%| F|  |TAMS 0x00000007af200000| PB 0x00000007af200000| Untracked 
|1402|0x00000007af400000, 0x00000007af400000, 0x00000007af600000|  0%| F|  |TAMS 0x00000007af400000| PB 0x00000007af400000| Untracked 
|1403|0x00000007af600000, 0x00000007af600000, 0x00000007af800000|  0%| F|  |TAMS 0x00000007af600000| PB 0x00000007af600000| Untracked 
|1404|0x00000007af800000, 0x00000007af800000, 0x00000007afa00000|  0%| F|  |TAMS 0x00000007af800000| PB 0x00000007af800000| Untracked 
|1405|0x00000007afa00000, 0x00000007afa00000, 0x00000007afc00000|  0%| F|  |TAMS 0x00000007afa00000| PB 0x00000007afa00000| Untracked 
|1406|0x00000007afc00000, 0x00000007afc00000, 0x00000007afe00000|  0%| F|  |TAMS 0x00000007afc00000| PB 0x00000007afc00000| Untracked 
|1407|0x00000007afe00000, 0x00000007afe00000, 0x00000007b0000000|  0%| F|  |TAMS 0x00000007afe00000| PB 0x00000007afe00000| Untracked 
|1408|0x00000007b0000000, 0x00000007b0000000, 0x00000007b0200000|  0%| F|  |TAMS 0x00000007b0000000| PB 0x00000007b0000000| Untracked 
|1409|0x00000007b0200000, 0x00000007b0200000, 0x00000007b0400000|  0%| F|  |TAMS 0x00000007b0200000| PB 0x00000007b0200000| Untracked 
|1410|0x00000007b0400000, 0x00000007b0400000, 0x00000007b0600000|  0%| F|  |TAMS 0x00000007b0400000| PB 0x00000007b0400000| Untracked 
|1411|0x00000007b0600000, 0x00000007b0600000, 0x00000007b0800000|  0%| F|  |TAMS 0x00000007b0600000| PB 0x00000007b0600000| Untracked 
|1412|0x00000007b0800000, 0x00000007b0800000, 0x00000007b0a00000|  0%| F|  |TAMS 0x00000007b0800000| PB 0x00000007b0800000| Untracked 
|1413|0x00000007b0a00000, 0x00000007b0a00000, 0x00000007b0c00000|  0%| F|  |TAMS 0x00000007b0a00000| PB 0x00000007b0a00000| Untracked 
|1414|0x00000007b0c00000, 0x00000007b0c00000, 0x00000007b0e00000|  0%| F|  |TAMS 0x00000007b0c00000| PB 0x00000007b0c00000| Untracked 
|1415|0x00000007b0e00000, 0x00000007b0e00000, 0x00000007b1000000|  0%| F|  |TAMS 0x00000007b0e00000| PB 0x00000007b0e00000| Untracked 
|1416|0x00000007b1000000, 0x00000007b1000000, 0x00000007b1200000|  0%| F|  |TAMS 0x00000007b1000000| PB 0x00000007b1000000| Untracked 
|1417|0x00000007b1200000, 0x00000007b1200000, 0x00000007b1400000|  0%| F|  |TAMS 0x00000007b1200000| PB 0x00000007b1200000| Untracked 
|1418|0x00000007b1400000, 0x00000007b1400000, 0x00000007b1600000|  0%| F|  |TAMS 0x00000007b1400000| PB 0x00000007b1400000| Untracked 
|1419|0x00000007b1600000, 0x00000007b1600000, 0x00000007b1800000|  0%| F|  |TAMS 0x00000007b1600000| PB 0x00000007b1600000| Untracked 
|1420|0x00000007b1800000, 0x00000007b1800000, 0x00000007b1a00000|  0%| F|  |TAMS 0x00000007b1800000| PB 0x00000007b1800000| Untracked 
|1421|0x00000007b1a00000, 0x00000007b1a00000, 0x00000007b1c00000|  0%| F|  |TAMS 0x00000007b1a00000| PB 0x00000007b1a00000| Untracked 
|1422|0x00000007b1c00000, 0x00000007b1c00000, 0x00000007b1e00000|  0%| F|  |TAMS 0x00000007b1c00000| PB 0x00000007b1c00000| Untracked 
|1423|0x00000007b1e00000, 0x00000007b1e00000, 0x00000007b2000000|  0%| F|  |TAMS 0x00000007b1e00000| PB 0x00000007b1e00000| Untracked 
|1424|0x00000007b2000000, 0x00000007b2000000, 0x00000007b2200000|  0%| F|  |TAMS 0x00000007b2000000| PB 0x00000007b2000000| Untracked 
|1425|0x00000007b2200000, 0x00000007b2200000, 0x00000007b2400000|  0%| F|  |TAMS 0x00000007b2200000| PB 0x00000007b2200000| Untracked 
|1426|0x00000007b2400000, 0x00000007b2400000, 0x00000007b2600000|  0%| F|  |TAMS 0x00000007b2400000| PB 0x00000007b2400000| Untracked 
|1427|0x00000007b2600000, 0x00000007b2600000, 0x00000007b2800000|  0%| F|  |TAMS 0x00000007b2600000| PB 0x00000007b2600000| Untracked 
|1428|0x00000007b2800000, 0x00000007b2800000, 0x00000007b2a00000|  0%| F|  |TAMS 0x00000007b2800000| PB 0x00000007b2800000| Untracked 
|1429|0x00000007b2a00000, 0x00000007b2a00000, 0x00000007b2c00000|  0%| F|  |TAMS 0x00000007b2a00000| PB 0x00000007b2a00000| Untracked 
|1430|0x00000007b2c00000, 0x00000007b2c00000, 0x00000007b2e00000|  0%| F|  |TAMS 0x00000007b2c00000| PB 0x00000007b2c00000| Untracked 
|1431|0x00000007b2e00000, 0x00000007b2e00000, 0x00000007b3000000|  0%| F|  |TAMS 0x00000007b2e00000| PB 0x00000007b2e00000| Untracked 
|1432|0x00000007b3000000, 0x00000007b3000000, 0x00000007b3200000|  0%| F|  |TAMS 0x00000007b3000000| PB 0x00000007b3000000| Untracked 
|1433|0x00000007b3200000, 0x00000007b3200000, 0x00000007b3400000|  0%| F|  |TAMS 0x00000007b3200000| PB 0x00000007b3200000| Untracked 
|1434|0x00000007b3400000, 0x00000007b3400000, 0x00000007b3600000|  0%| F|  |TAMS 0x00000007b3400000| PB 0x00000007b3400000| Untracked 
|1435|0x00000007b3600000, 0x00000007b3600000, 0x00000007b3800000|  0%| F|  |TAMS 0x00000007b3600000| PB 0x00000007b3600000| Untracked 
|1436|0x00000007b3800000, 0x00000007b3800000, 0x00000007b3a00000|  0%| F|  |TAMS 0x00000007b3800000| PB 0x00000007b3800000| Untracked 
|1437|0x00000007b3a00000, 0x00000007b3a00000, 0x00000007b3c00000|  0%| F|  |TAMS 0x00000007b3a00000| PB 0x00000007b3a00000| Untracked 
|1438|0x00000007b3c00000, 0x00000007b3c00000, 0x00000007b3e00000|  0%| F|  |TAMS 0x00000007b3c00000| PB 0x00000007b3c00000| Untracked 
|1439|0x00000007b3e00000, 0x00000007b3e00000, 0x00000007b4000000|  0%| F|  |TAMS 0x00000007b3e00000| PB 0x00000007b3e00000| Untracked 
|1440|0x00000007b4000000, 0x00000007b4000000, 0x00000007b4200000|  0%| F|  |TAMS 0x00000007b4000000| PB 0x00000007b4000000| Untracked 
|1441|0x00000007b4200000, 0x00000007b4200000, 0x00000007b4400000|  0%| F|  |TAMS 0x00000007b4200000| PB 0x00000007b4200000| Untracked 
|1442|0x00000007b4400000, 0x00000007b4400000, 0x00000007b4600000|  0%| F|  |TAMS 0x00000007b4400000| PB 0x00000007b4400000| Untracked 
|1443|0x00000007b4600000, 0x00000007b4600000, 0x00000007b4800000|  0%| F|  |TAMS 0x00000007b4600000| PB 0x00000007b4600000| Untracked 
|1444|0x00000007b4800000, 0x00000007b4800000, 0x00000007b4a00000|  0%| F|  |TAMS 0x00000007b4800000| PB 0x00000007b4800000| Untracked 
|1445|0x00000007b4a00000, 0x00000007b4a00000, 0x00000007b4c00000|  0%| F|  |TAMS 0x00000007b4a00000| PB 0x00000007b4a00000| Untracked 
|1446|0x00000007b4c00000, 0x00000007b4c00000, 0x00000007b4e00000|  0%| F|  |TAMS 0x00000007b4c00000| PB 0x00000007b4c00000| Untracked 
|1447|0x00000007b4e00000, 0x00000007b4e00000, 0x00000007b5000000|  0%| F|  |TAMS 0x00000007b4e00000| PB 0x00000007b4e00000| Untracked 
|1448|0x00000007b5000000, 0x00000007b5000000, 0x00000007b5200000|  0%| F|  |TAMS 0x00000007b5000000| PB 0x00000007b5000000| Untracked 
|1449|0x00000007b5200000, 0x00000007b5200000, 0x00000007b5400000|  0%| F|  |TAMS 0x00000007b5200000| PB 0x00000007b5200000| Untracked 
|1450|0x00000007b5400000, 0x00000007b5400000, 0x00000007b5600000|  0%| F|  |TAMS 0x00000007b5400000| PB 0x00000007b5400000| Untracked 
|1451|0x00000007b5600000, 0x00000007b5600000, 0x00000007b5800000|  0%| F|  |TAMS 0x00000007b5600000| PB 0x00000007b5600000| Untracked 
|1452|0x00000007b5800000, 0x00000007b5800000, 0x00000007b5a00000|  0%| F|  |TAMS 0x00000007b5800000| PB 0x00000007b5800000| Untracked 
|1453|0x00000007b5a00000, 0x00000007b5a00000, 0x00000007b5c00000|  0%| F|  |TAMS 0x00000007b5a00000| PB 0x00000007b5a00000| Untracked 
|1454|0x00000007b5c00000, 0x00000007b5c00000, 0x00000007b5e00000|  0%| F|  |TAMS 0x00000007b5c00000| PB 0x00000007b5c00000| Untracked 
|1455|0x00000007b5e00000, 0x00000007b5e00000, 0x00000007b6000000|  0%| F|  |TAMS 0x00000007b5e00000| PB 0x00000007b5e00000| Untracked 
|1456|0x00000007b6000000, 0x00000007b6000000, 0x00000007b6200000|  0%| F|  |TAMS 0x00000007b6000000| PB 0x00000007b6000000| Untracked 
|1457|0x00000007b6200000, 0x00000007b6200000, 0x00000007b6400000|  0%| F|  |TAMS 0x00000007b6200000| PB 0x00000007b6200000| Untracked 
|1458|0x00000007b6400000, 0x00000007b6400000, 0x00000007b6600000|  0%| F|  |TAMS 0x00000007b6400000| PB 0x00000007b6400000| Untracked 
|1459|0x00000007b6600000, 0x00000007b6600000, 0x00000007b6800000|  0%| F|  |TAMS 0x00000007b6600000| PB 0x00000007b6600000| Untracked 
|1460|0x00000007b6800000, 0x00000007b6800000, 0x00000007b6a00000|  0%| F|  |TAMS 0x00000007b6800000| PB 0x00000007b6800000| Untracked 
|1461|0x00000007b6a00000, 0x00000007b6a00000, 0x00000007b6c00000|  0%| F|  |TAMS 0x00000007b6a00000| PB 0x00000007b6a00000| Untracked 
|1462|0x00000007b6c00000, 0x00000007b6c00000, 0x00000007b6e00000|  0%| F|  |TAMS 0x00000007b6c00000| PB 0x00000007b6c00000| Untracked 
|1463|0x00000007b6e00000, 0x00000007b6e00000, 0x00000007b7000000|  0%| F|  |TAMS 0x00000007b6e00000| PB 0x00000007b6e00000| Untracked 
|1464|0x00000007b7000000, 0x00000007b7000000, 0x00000007b7200000|  0%| F|  |TAMS 0x00000007b7000000| PB 0x00000007b7000000| Untracked 
|1465|0x00000007b7200000, 0x00000007b7200000, 0x00000007b7400000|  0%| F|  |TAMS 0x00000007b7200000| PB 0x00000007b7200000| Untracked 
|1466|0x00000007b7400000, 0x00000007b7400000, 0x00000007b7600000|  0%| F|  |TAMS 0x00000007b7400000| PB 0x00000007b7400000| Untracked 
|1467|0x00000007b7600000, 0x00000007b7600000, 0x00000007b7800000|  0%| F|  |TAMS 0x00000007b7600000| PB 0x00000007b7600000| Untracked 
|1468|0x00000007b7800000, 0x00000007b7800000, 0x00000007b7a00000|  0%| F|  |TAMS 0x00000007b7800000| PB 0x00000007b7800000| Untracked 
|1469|0x00000007b7a00000, 0x00000007b7a00000, 0x00000007b7c00000|  0%| F|  |TAMS 0x00000007b7a00000| PB 0x00000007b7a00000| Untracked 
|1470|0x00000007b7c00000, 0x00000007b7c00000, 0x00000007b7e00000|  0%| F|  |TAMS 0x00000007b7c00000| PB 0x00000007b7c00000| Untracked 
|1471|0x00000007b7e00000, 0x00000007b7e00000, 0x00000007b8000000|  0%| F|  |TAMS 0x00000007b7e00000| PB 0x00000007b7e00000| Untracked 
|1472|0x00000007b8000000, 0x00000007b8000000, 0x00000007b8200000|  0%| F|  |TAMS 0x00000007b8000000| PB 0x00000007b8000000| Untracked 
|1473|0x00000007b8200000, 0x00000007b8200000, 0x00000007b8400000|  0%| F|  |TAMS 0x00000007b8200000| PB 0x00000007b8200000| Untracked 
|1474|0x00000007b8400000, 0x00000007b8400000, 0x00000007b8600000|  0%| F|  |TAMS 0x00000007b8400000| PB 0x00000007b8400000| Untracked 
|1475|0x00000007b8600000, 0x00000007b8600000, 0x00000007b8800000|  0%| F|  |TAMS 0x00000007b8600000| PB 0x00000007b8600000| Untracked 
|1476|0x00000007b8800000, 0x00000007b8800000, 0x00000007b8a00000|  0%| F|  |TAMS 0x00000007b8800000| PB 0x00000007b8800000| Untracked 
|1477|0x00000007b8a00000, 0x00000007b8a00000, 0x00000007b8c00000|  0%| F|  |TAMS 0x00000007b8a00000| PB 0x00000007b8a00000| Untracked 
|1478|0x00000007b8c00000, 0x00000007b8c00000, 0x00000007b8e00000|  0%| F|  |TAMS 0x00000007b8c00000| PB 0x00000007b8c00000| Untracked 
|1479|0x00000007b8e00000, 0x00000007b8e00000, 0x00000007b9000000|  0%| F|  |TAMS 0x00000007b8e00000| PB 0x00000007b8e00000| Untracked 
|1480|0x00000007b9000000, 0x00000007b9000000, 0x00000007b9200000|  0%| F|  |TAMS 0x00000007b9000000| PB 0x00000007b9000000| Untracked 
|1481|0x00000007b9200000, 0x00000007b9200000, 0x00000007b9400000|  0%| F|  |TAMS 0x00000007b9200000| PB 0x00000007b9200000| Untracked 
|1482|0x00000007b9400000, 0x00000007b9400000, 0x00000007b9600000|  0%| F|  |TAMS 0x00000007b9400000| PB 0x00000007b9400000| Untracked 
|1483|0x00000007b9600000, 0x00000007b9600000, 0x00000007b9800000|  0%| F|  |TAMS 0x00000007b9600000| PB 0x00000007b9600000| Untracked 
|1484|0x00000007b9800000, 0x00000007b9800000, 0x00000007b9a00000|  0%| F|  |TAMS 0x00000007b9800000| PB 0x00000007b9800000| Untracked 
|1485|0x00000007b9a00000, 0x00000007b9a00000, 0x00000007b9c00000|  0%| F|  |TAMS 0x00000007b9a00000| PB 0x00000007b9a00000| Untracked 
|1486|0x00000007b9c00000, 0x00000007b9c00000, 0x00000007b9e00000|  0%| F|  |TAMS 0x00000007b9c00000| PB 0x00000007b9c00000| Untracked 
|1487|0x00000007b9e00000, 0x00000007b9e00000, 0x00000007ba000000|  0%| F|  |TAMS 0x00000007b9e00000| PB 0x00000007b9e00000| Untracked 
|1488|0x00000007ba000000, 0x00000007ba000000, 0x00000007ba200000|  0%| F|  |TAMS 0x00000007ba000000| PB 0x00000007ba000000| Untracked 
|1489|0x00000007ba200000, 0x00000007ba30bd88, 0x00000007ba400000| 52%| E|  |TAMS 0x00000007ba200000| PB 0x00000007ba200000| Complete 
|1490|0x00000007ba400000, 0x00000007ba600000, 0x00000007ba600000|100%| E|CS|TAMS 0x00000007ba400000| PB 0x00000007ba400000| Complete 
|1491|0x00000007ba600000, 0x00000007ba800000, 0x00000007ba800000|100%| E|CS|TAMS 0x00000007ba600000| PB 0x00000007ba600000| Complete 
|1492|0x00000007ba800000, 0x00000007baa00000, 0x00000007baa00000|100%| E|CS|TAMS 0x00000007ba800000| PB 0x00000007ba800000| Complete 
|1493|0x00000007baa00000, 0x00000007bac00000, 0x00000007bac00000|100%| E|CS|TAMS 0x00000007baa00000| PB 0x00000007baa00000| Complete 
|1494|0x00000007bac00000, 0x00000007bae00000, 0x00000007bae00000|100%| E|CS|TAMS 0x00000007bac00000| PB 0x00000007bac00000| Complete 
|1495|0x00000007bae00000, 0x00000007bb000000, 0x00000007bb000000|100%| E|CS|TAMS 0x00000007bae00000| PB 0x00000007bae00000| Complete 
|1496|0x00000007bb000000, 0x00000007bb200000, 0x00000007bb200000|100%| E|CS|TAMS 0x00000007bb000000| PB 0x00000007bb000000| Complete 
|1497|0x00000007bb200000, 0x00000007bb400000, 0x00000007bb400000|100%| E|CS|TAMS 0x00000007bb200000| PB 0x00000007bb200000| Complete 
|1498|0x00000007bb400000, 0x00000007bb600000, 0x00000007bb600000|100%| E|CS|TAMS 0x00000007bb400000| PB 0x00000007bb400000| Complete 
|1499|0x00000007bb600000, 0x00000007bb800000, 0x00000007bb800000|100%| E|CS|TAMS 0x00000007bb600000| PB 0x00000007bb600000| Complete 
|1500|0x00000007bb800000, 0x00000007bba00000, 0x00000007bba00000|100%| E|CS|TAMS 0x00000007bb800000| PB 0x00000007bb800000| Complete 
|1501|0x00000007bba00000, 0x00000007bbc00000, 0x00000007bbc00000|100%| E|CS|TAMS 0x00000007bba00000| PB 0x00000007bba00000| Complete 
|1502|0x00000007bbc00000, 0x00000007bbe00000, 0x00000007bbe00000|100%| E|CS|TAMS 0x00000007bbc00000| PB 0x00000007bbc00000| Complete 
|1503|0x00000007bbe00000, 0x00000007bc000000, 0x00000007bc000000|100%| E|CS|TAMS 0x00000007bbe00000| PB 0x00000007bbe00000| Complete 
|1504|0x00000007bc000000, 0x00000007bc200000, 0x00000007bc200000|100%| E|CS|TAMS 0x00000007bc000000| PB 0x00000007bc000000| Complete 
|1505|0x00000007bc200000, 0x00000007bc400000, 0x00000007bc400000|100%| E|CS|TAMS 0x00000007bc200000| PB 0x00000007bc200000| Complete 
|1506|0x00000007bc400000, 0x00000007bc600000, 0x00000007bc600000|100%| E|CS|TAMS 0x00000007bc400000| PB 0x00000007bc400000| Complete 
|1507|0x00000007bc600000, 0x00000007bc800000, 0x00000007bc800000|100%| E|CS|TAMS 0x00000007bc600000| PB 0x00000007bc600000| Complete 
|1508|0x00000007bc800000, 0x00000007bca00000, 0x00000007bca00000|100%| E|CS|TAMS 0x00000007bc800000| PB 0x00000007bc800000| Complete 
|1509|0x00000007bca00000, 0x00000007bcc00000, 0x00000007bcc00000|100%| E|CS|TAMS 0x00000007bca00000| PB 0x00000007bca00000| Complete 
|1510|0x00000007bcc00000, 0x00000007bce00000, 0x00000007bce00000|100%| E|CS|TAMS 0x00000007bcc00000| PB 0x00000007bcc00000| Complete 
|1511|0x00000007bce00000, 0x00000007bd000000, 0x00000007bd000000|100%| E|CS|TAMS 0x00000007bce00000| PB 0x00000007bce00000| Complete 
|1512|0x00000007bd000000, 0x00000007bd200000, 0x00000007bd200000|100%| E|CS|TAMS 0x00000007bd000000| PB 0x00000007bd000000| Complete 
|1513|0x00000007bd200000, 0x00000007bd400000, 0x00000007bd400000|100%| E|CS|TAMS 0x00000007bd200000| PB 0x00000007bd200000| Complete 
|1514|0x00000007bd400000, 0x00000007bd600000, 0x00000007bd600000|100%| E|CS|TAMS 0x00000007bd400000| PB 0x00000007bd400000| Complete 
|1515|0x00000007bd600000, 0x00000007bd800000, 0x00000007bd800000|100%| E|CS|TAMS 0x00000007bd600000| PB 0x00000007bd600000| Complete 
|1516|0x00000007bd800000, 0x00000007bda00000, 0x00000007bda00000|100%| E|CS|TAMS 0x00000007bd800000| PB 0x00000007bd800000| Complete 
|1517|0x00000007bda00000, 0x00000007bdc00000, 0x00000007bdc00000|100%| E|CS|TAMS 0x00000007bda00000| PB 0x00000007bda00000| Complete 
|1518|0x00000007bdc00000, 0x00000007bde00000, 0x00000007bde00000|100%| E|CS|TAMS 0x00000007bdc00000| PB 0x00000007bdc00000| Complete 
|1519|0x00000007bde00000, 0x00000007be000000, 0x00000007be000000|100%| E|CS|TAMS 0x00000007bde00000| PB 0x00000007bde00000| Complete 
|1520|0x00000007be000000, 0x00000007be200000, 0x00000007be200000|100%| E|CS|TAMS 0x00000007be000000| PB 0x00000007be000000| Complete 
|1521|0x00000007be200000, 0x00000007be400000, 0x00000007be400000|100%| E|CS|TAMS 0x00000007be200000| PB 0x00000007be200000| Complete 
|1522|0x00000007be400000, 0x00000007be600000, 0x00000007be600000|100%| E|CS|TAMS 0x00000007be400000| PB 0x00000007be400000| Complete 
|1523|0x00000007be600000, 0x00000007be800000, 0x00000007be800000|100%| E|CS|TAMS 0x00000007be600000| PB 0x00000007be600000| Complete 
|1524|0x00000007be800000, 0x00000007bea00000, 0x00000007bea00000|100%| E|CS|TAMS 0x00000007be800000| PB 0x00000007be800000| Complete 
|1525|0x00000007bea00000, 0x00000007bec00000, 0x00000007bec00000|100%| E|CS|TAMS 0x00000007bea00000| PB 0x00000007bea00000| Complete 
|1526|0x00000007bec00000, 0x00000007bee00000, 0x00000007bee00000|100%| E|CS|TAMS 0x00000007bec00000| PB 0x00000007bec00000| Complete 
|1527|0x00000007bee00000, 0x00000007bf000000, 0x00000007bf000000|100%| E|CS|TAMS 0x00000007bee00000| PB 0x00000007bee00000| Complete 
|1528|0x00000007bf000000, 0x00000007bf200000, 0x00000007bf200000|100%| E|CS|TAMS 0x00000007bf000000| PB 0x00000007bf000000| Complete 
|1529|0x00000007bf200000, 0x00000007bf400000, 0x00000007bf400000|100%| E|CS|TAMS 0x00000007bf200000| PB 0x00000007bf200000| Complete 
|1530|0x00000007bf400000, 0x00000007bf600000, 0x00000007bf600000|100%| E|CS|TAMS 0x00000007bf400000| PB 0x00000007bf400000| Complete 
|1531|0x00000007bf600000, 0x00000007bf800000, 0x00000007bf800000|100%| E|CS|TAMS 0x00000007bf600000| PB 0x00000007bf600000| Complete 
|1532|0x00000007bf800000, 0x00000007bfa00000, 0x00000007bfa00000|100%| E|CS|TAMS 0x00000007bf800000| PB 0x00000007bf800000| Complete 
|1533|0x00000007bfa00000, 0x00000007bfc00000, 0x00000007bfc00000|100%| E|CS|TAMS 0x00000007bfa00000| PB 0x00000007bfa00000| Complete 
|1534|0x00000007bfc00000, 0x00000007bfe00000, 0x00000007bfe00000|100%| E|CS|TAMS 0x00000007bfc00000| PB 0x00000007bfc00000| Complete 
|1535|0x00000007bfe00000, 0x00000007c0000000, 0x00000007c0000000|100%| E|CS|TAMS 0x00000007bfe00000| PB 0x00000007bfe00000| Complete 
|1536|0x00000007c0000000, 0x00000007c0200000, 0x00000007c0200000|100%| E|CS|TAMS 0x00000007c0000000| PB 0x00000007c0000000| Complete 
|1537|0x00000007c0200000, 0x00000007c0400000, 0x00000007c0400000|100%| E|CS|TAMS 0x00000007c0200000| PB 0x00000007c0200000| Complete 
|1538|0x00000007c0400000, 0x00000007c0600000, 0x00000007c0600000|100%| E|CS|TAMS 0x00000007c0400000| PB 0x00000007c0400000| Complete 
|1539|0x00000007c0600000, 0x00000007c0800000, 0x00000007c0800000|100%| E|CS|TAMS 0x00000007c0600000| PB 0x00000007c0600000| Complete 
|1540|0x00000007c0800000, 0x00000007c0a00000, 0x00000007c0a00000|100%| E|CS|TAMS 0x00000007c0800000| PB 0x00000007c0800000| Complete 
|1541|0x00000007c0a00000, 0x00000007c0c00000, 0x00000007c0c00000|100%| E|CS|TAMS 0x00000007c0a00000| PB 0x00000007c0a00000| Complete 
|1542|0x00000007c0c00000, 0x00000007c0e00000, 0x00000007c0e00000|100%| E|CS|TAMS 0x00000007c0c00000| PB 0x00000007c0c00000| Complete 
|1543|0x00000007c0e00000, 0x00000007c1000000, 0x00000007c1000000|100%| E|CS|TAMS 0x00000007c0e00000| PB 0x00000007c0e00000| Complete 
|1544|0x00000007c1000000, 0x00000007c1200000, 0x00000007c1200000|100%| E|CS|TAMS 0x00000007c1000000| PB 0x00000007c1000000| Complete 
|1545|0x00000007c1200000, 0x00000007c1400000, 0x00000007c1400000|100%| E|CS|TAMS 0x00000007c1200000| PB 0x00000007c1200000| Complete 
|1546|0x00000007c1400000, 0x00000007c1600000, 0x00000007c1600000|100%| E|CS|TAMS 0x00000007c1400000| PB 0x00000007c1400000| Complete 
|1547|0x00000007c1600000, 0x00000007c1800000, 0x00000007c1800000|100%| E|CS|TAMS 0x00000007c1600000| PB 0x00000007c1600000| Complete 
|1548|0x00000007c1800000, 0x00000007c1a00000, 0x00000007c1a00000|100%| E|CS|TAMS 0x00000007c1800000| PB 0x00000007c1800000| Complete 
|1549|0x00000007c1a00000, 0x00000007c1c00000, 0x00000007c1c00000|100%| E|CS|TAMS 0x00000007c1a00000| PB 0x00000007c1a00000| Complete 
|1550|0x00000007c1c00000, 0x00000007c1e00000, 0x00000007c1e00000|100%| E|CS|TAMS 0x00000007c1c00000| PB 0x00000007c1c00000| Complete 
|1551|0x00000007c1e00000, 0x00000007c2000000, 0x00000007c2000000|100%| E|CS|TAMS 0x00000007c1e00000| PB 0x00000007c1e00000| Complete 
|1552|0x00000007c2000000, 0x00000007c2200000, 0x00000007c2200000|100%| E|CS|TAMS 0x00000007c2000000| PB 0x00000007c2000000| Complete 
|1553|0x00000007c2200000, 0x00000007c2400000, 0x00000007c2400000|100%| E|CS|TAMS 0x00000007c2200000| PB 0x00000007c2200000| Complete 
|1554|0x00000007c2400000, 0x00000007c2600000, 0x00000007c2600000|100%| E|CS|TAMS 0x00000007c2400000| PB 0x00000007c2400000| Complete 
|1555|0x00000007c2600000, 0x00000007c2800000, 0x00000007c2800000|100%| E|CS|TAMS 0x00000007c2600000| PB 0x00000007c2600000| Complete 
|1556|0x00000007c2800000, 0x00000007c2a00000, 0x00000007c2a00000|100%| E|CS|TAMS 0x00000007c2800000| PB 0x00000007c2800000| Complete 
|1557|0x00000007c2a00000, 0x00000007c2c00000, 0x00000007c2c00000|100%| E|CS|TAMS 0x00000007c2a00000| PB 0x00000007c2a00000| Complete 
|1558|0x00000007c2c00000, 0x00000007c2e00000, 0x00000007c2e00000|100%| E|CS|TAMS 0x00000007c2c00000| PB 0x00000007c2c00000| Complete 
|1559|0x00000007c2e00000, 0x00000007c3000000, 0x00000007c3000000|100%| E|CS|TAMS 0x00000007c2e00000| PB 0x00000007c2e00000| Complete 
|1560|0x00000007c3000000, 0x00000007c3200000, 0x00000007c3200000|100%| E|CS|TAMS 0x00000007c3000000| PB 0x00000007c3000000| Complete 
|1561|0x00000007c3200000, 0x00000007c3400000, 0x00000007c3400000|100%| E|CS|TAMS 0x00000007c3200000| PB 0x00000007c3200000| Complete 
|1562|0x00000007c3400000, 0x00000007c3600000, 0x00000007c3600000|100%| E|CS|TAMS 0x00000007c3400000| PB 0x00000007c3400000| Complete 
|1563|0x00000007c3600000, 0x00000007c3800000, 0x00000007c3800000|100%| E|CS|TAMS 0x00000007c3600000| PB 0x00000007c3600000| Complete 
|1564|0x00000007c3800000, 0x00000007c3a00000, 0x00000007c3a00000|100%| E|CS|TAMS 0x00000007c3800000| PB 0x00000007c3800000| Complete 
|1565|0x00000007c3a00000, 0x00000007c3c00000, 0x00000007c3c00000|100%| E|CS|TAMS 0x00000007c3a00000| PB 0x00000007c3a00000| Complete 
|1566|0x00000007c3c00000, 0x00000007c3e00000, 0x00000007c3e00000|100%| E|CS|TAMS 0x00000007c3c00000| PB 0x00000007c3c00000| Complete 
|1567|0x00000007c3e00000, 0x00000007c4000000, 0x00000007c4000000|100%| E|CS|TAMS 0x00000007c3e00000| PB 0x00000007c3e00000| Complete 
|1568|0x00000007c4000000, 0x00000007c4200000, 0x00000007c4200000|100%| E|CS|TAMS 0x00000007c4000000| PB 0x00000007c4000000| Complete 
|1569|0x00000007c4200000, 0x00000007c4400000, 0x00000007c4400000|100%| E|CS|TAMS 0x00000007c4200000| PB 0x00000007c4200000| Complete 
|1570|0x00000007c4400000, 0x00000007c4600000, 0x00000007c4600000|100%| E|CS|TAMS 0x00000007c4400000| PB 0x00000007c4400000| Complete 
|1571|0x00000007c4600000, 0x00000007c4800000, 0x00000007c4800000|100%| E|CS|TAMS 0x00000007c4600000| PB 0x00000007c4600000| Complete 
|1572|0x00000007c4800000, 0x00000007c4a00000, 0x00000007c4a00000|100%| E|CS|TAMS 0x00000007c4800000| PB 0x00000007c4800000| Complete 
|1573|0x00000007c4a00000, 0x00000007c4c00000, 0x00000007c4c00000|100%| E|CS|TAMS 0x00000007c4a00000| PB 0x00000007c4a00000| Complete 
|1574|0x00000007c4c00000, 0x00000007c4e00000, 0x00000007c4e00000|100%| E|CS|TAMS 0x00000007c4c00000| PB 0x00000007c4c00000| Complete 
|1575|0x00000007c4e00000, 0x00000007c5000000, 0x00000007c5000000|100%| E|CS|TAMS 0x00000007c4e00000| PB 0x00000007c4e00000| Complete 
|1576|0x00000007c5000000, 0x00000007c5200000, 0x00000007c5200000|100%| E|CS|TAMS 0x00000007c5000000| PB 0x00000007c5000000| Complete 
|1577|0x00000007c5200000, 0x00000007c5400000, 0x00000007c5400000|100%| E|CS|TAMS 0x00000007c5200000| PB 0x00000007c5200000| Complete 
|1578|0x00000007c5400000, 0x00000007c5600000, 0x00000007c5600000|100%| E|CS|TAMS 0x00000007c5400000| PB 0x00000007c5400000| Complete 
|1579|0x00000007c5600000, 0x00000007c5800000, 0x00000007c5800000|100%| E|CS|TAMS 0x00000007c5600000| PB 0x00000007c5600000| Complete 
|1580|0x00000007c5800000, 0x00000007c5a00000, 0x00000007c5a00000|100%| E|CS|TAMS 0x00000007c5800000| PB 0x00000007c5800000| Complete 
|1581|0x00000007c5a00000, 0x00000007c5c00000, 0x00000007c5c00000|100%| E|CS|TAMS 0x00000007c5a00000| PB 0x00000007c5a00000| Complete 
|1582|0x00000007c5c00000, 0x00000007c5e00000, 0x00000007c5e00000|100%| E|CS|TAMS 0x00000007c5c00000| PB 0x00000007c5c00000| Complete 
|1583|0x00000007c5e00000, 0x00000007c6000000, 0x00000007c6000000|100%| E|CS|TAMS 0x00000007c5e00000| PB 0x00000007c5e00000| Complete 
|1584|0x00000007c6000000, 0x00000007c6200000, 0x00000007c6200000|100%| E|CS|TAMS 0x00000007c6000000| PB 0x00000007c6000000| Complete 
|1585|0x00000007c6200000, 0x00000007c6400000, 0x00000007c6400000|100%| E|CS|TAMS 0x00000007c6200000| PB 0x00000007c6200000| Complete 
|1586|0x00000007c6400000, 0x00000007c6600000, 0x00000007c6600000|100%| E|CS|TAMS 0x00000007c6400000| PB 0x00000007c6400000| Complete 
|1587|0x00000007c6600000, 0x00000007c6800000, 0x00000007c6800000|100%| E|CS|TAMS 0x00000007c6600000| PB 0x00000007c6600000| Complete 
|1588|0x00000007c6800000, 0x00000007c6a00000, 0x00000007c6a00000|100%| E|CS|TAMS 0x00000007c6800000| PB 0x00000007c6800000| Complete 
|1589|0x00000007c6a00000, 0x00000007c6c00000, 0x00000007c6c00000|100%| E|CS|TAMS 0x00000007c6a00000| PB 0x00000007c6a00000| Complete 
|1590|0x00000007c6c00000, 0x00000007c6e00000, 0x00000007c6e00000|100%| E|CS|TAMS 0x00000007c6c00000| PB 0x00000007c6c00000| Complete 
|1591|0x00000007c6e00000, 0x00000007c7000000, 0x00000007c7000000|100%| E|CS|TAMS 0x00000007c6e00000| PB 0x00000007c6e00000| Complete 
|1592|0x00000007c7000000, 0x00000007c7200000, 0x00000007c7200000|100%| E|CS|TAMS 0x00000007c7000000| PB 0x00000007c7000000| Complete 
|1593|0x00000007c7200000, 0x00000007c7400000, 0x00000007c7400000|100%| E|CS|TAMS 0x00000007c7200000| PB 0x00000007c7200000| Complete 
|1594|0x00000007c7400000, 0x00000007c7600000, 0x00000007c7600000|100%| E|CS|TAMS 0x00000007c7400000| PB 0x00000007c7400000| Complete 
|1595|0x00000007c7600000, 0x00000007c7800000, 0x00000007c7800000|100%| E|CS|TAMS 0x00000007c7600000| PB 0x00000007c7600000| Complete 
|1596|0x00000007c7800000, 0x00000007c7a00000, 0x00000007c7a00000|100%| E|CS|TAMS 0x00000007c7800000| PB 0x00000007c7800000| Complete 
|1597|0x00000007c7a00000, 0x00000007c7c00000, 0x00000007c7c00000|100%| E|CS|TAMS 0x00000007c7a00000| PB 0x00000007c7a00000| Complete 
|1598|0x00000007c7c00000, 0x00000007c7e00000, 0x00000007c7e00000|100%| E|CS|TAMS 0x00000007c7c00000| PB 0x00000007c7c00000| Complete 
|1599|0x00000007c7e00000, 0x00000007c8000000, 0x00000007c8000000|100%| E|CS|TAMS 0x00000007c7e00000| PB 0x00000007c7e00000| Complete 
|1600|0x00000007c8000000, 0x00000007c8200000, 0x00000007c8200000|100%| E|CS|TAMS 0x00000007c8000000| PB 0x00000007c8000000| Complete 
|1601|0x00000007c8200000, 0x00000007c8400000, 0x00000007c8400000|100%| E|CS|TAMS 0x00000007c8200000| PB 0x00000007c8200000| Complete 
|1602|0x00000007c8400000, 0x00000007c8600000, 0x00000007c8600000|100%| E|CS|TAMS 0x00000007c8400000| PB 0x00000007c8400000| Complete 
|1603|0x00000007c8600000, 0x00000007c8800000, 0x00000007c8800000|100%| E|CS|TAMS 0x00000007c8600000| PB 0x00000007c8600000| Complete 
|1604|0x00000007c8800000, 0x00000007c8a00000, 0x00000007c8a00000|100%| E|CS|TAMS 0x00000007c8800000| PB 0x00000007c8800000| Complete 
|1605|0x00000007c8a00000, 0x00000007c8c00000, 0x00000007c8c00000|100%| E|CS|TAMS 0x00000007c8a00000| PB 0x00000007c8a00000| Complete 
|1606|0x00000007c8c00000, 0x00000007c8e00000, 0x00000007c8e00000|100%| E|CS|TAMS 0x00000007c8c00000| PB 0x00000007c8c00000| Complete 
|1607|0x00000007c8e00000, 0x00000007c9000000, 0x00000007c9000000|100%| E|CS|TAMS 0x00000007c8e00000| PB 0x00000007c8e00000| Complete 
|1608|0x00000007c9000000, 0x00000007c9200000, 0x00000007c9200000|100%| E|CS|TAMS 0x00000007c9000000| PB 0x00000007c9000000| Complete 
|1609|0x00000007c9200000, 0x00000007c9400000, 0x00000007c9400000|100%| E|CS|TAMS 0x00000007c9200000| PB 0x00000007c9200000| Complete 
|1610|0x00000007c9400000, 0x00000007c9600000, 0x00000007c9600000|100%| E|CS|TAMS 0x00000007c9400000| PB 0x00000007c9400000| Complete 
|1611|0x00000007c9600000, 0x00000007c9800000, 0x00000007c9800000|100%| E|CS|TAMS 0x00000007c9600000| PB 0x00000007c9600000| Complete 
|1612|0x00000007c9800000, 0x00000007c9a00000, 0x00000007c9a00000|100%| E|CS|TAMS 0x00000007c9800000| PB 0x00000007c9800000| Complete 
|1613|0x00000007c9a00000, 0x00000007c9c00000, 0x00000007c9c00000|100%| E|CS|TAMS 0x00000007c9a00000| PB 0x00000007c9a00000| Complete 
|1614|0x00000007c9c00000, 0x00000007c9e00000, 0x00000007c9e00000|100%| E|CS|TAMS 0x00000007c9c00000| PB 0x00000007c9c00000| Complete 
|1615|0x00000007c9e00000, 0x00000007ca000000, 0x00000007ca000000|100%| E|CS|TAMS 0x00000007c9e00000| PB 0x00000007c9e00000| Complete 
|1616|0x00000007ca000000, 0x00000007ca200000, 0x00000007ca200000|100%| E|CS|TAMS 0x00000007ca000000| PB 0x00000007ca000000| Complete 
|1617|0x00000007ca200000, 0x00000007ca400000, 0x00000007ca400000|100%| E|CS|TAMS 0x00000007ca200000| PB 0x00000007ca200000| Complete 
|1618|0x00000007ca400000, 0x00000007ca600000, 0x00000007ca600000|100%| E|CS|TAMS 0x00000007ca400000| PB 0x00000007ca400000| Complete 
|1619|0x00000007ca600000, 0x00000007ca800000, 0x00000007ca800000|100%| E|CS|TAMS 0x00000007ca600000| PB 0x00000007ca600000| Complete 
|1620|0x00000007ca800000, 0x00000007caa00000, 0x00000007caa00000|100%| E|CS|TAMS 0x00000007ca800000| PB 0x00000007ca800000| Complete 
|1621|0x00000007caa00000, 0x00000007cac00000, 0x00000007cac00000|100%| E|CS|TAMS 0x00000007caa00000| PB 0x00000007caa00000| Complete 
|1622|0x00000007cac00000, 0x00000007cae00000, 0x00000007cae00000|100%| E|CS|TAMS 0x00000007cac00000| PB 0x00000007cac00000| Complete 
|1623|0x00000007cae00000, 0x00000007cb000000, 0x00000007cb000000|100%| E|CS|TAMS 0x00000007cae00000| PB 0x00000007cae00000| Complete 
|1624|0x00000007cb000000, 0x00000007cb200000, 0x00000007cb200000|100%| E|CS|TAMS 0x00000007cb000000| PB 0x00000007cb000000| Complete 
|1625|0x00000007cb200000, 0x00000007cb400000, 0x00000007cb400000|100%| E|CS|TAMS 0x00000007cb200000| PB 0x00000007cb200000| Complete 
|1626|0x00000007cb400000, 0x00000007cb600000, 0x00000007cb600000|100%| E|CS|TAMS 0x00000007cb400000| PB 0x00000007cb400000| Complete 
|1627|0x00000007cb600000, 0x00000007cb800000, 0x00000007cb800000|100%| E|CS|TAMS 0x00000007cb600000| PB 0x00000007cb600000| Complete 
|1628|0x00000007cb800000, 0x00000007cba00000, 0x00000007cba00000|100%| E|CS|TAMS 0x00000007cb800000| PB 0x00000007cb800000| Complete 
|1629|0x00000007cba00000, 0x00000007cbc00000, 0x00000007cbc00000|100%| E|CS|TAMS 0x00000007cba00000| PB 0x00000007cba00000| Complete 
|1630|0x00000007cbc00000, 0x00000007cbe00000, 0x00000007cbe00000|100%| E|CS|TAMS 0x00000007cbc00000| PB 0x00000007cbc00000| Complete 
|1631|0x00000007cbe00000, 0x00000007cc000000, 0x00000007cc000000|100%| E|CS|TAMS 0x00000007cbe00000| PB 0x00000007cbe00000| Complete 
|1632|0x00000007cc000000, 0x00000007cc200000, 0x00000007cc200000|100%| E|CS|TAMS 0x00000007cc000000| PB 0x00000007cc000000| Complete 
|1633|0x00000007cc200000, 0x00000007cc400000, 0x00000007cc400000|100%| E|CS|TAMS 0x00000007cc200000| PB 0x00000007cc200000| Complete 
|1634|0x00000007cc400000, 0x00000007cc600000, 0x00000007cc600000|100%| E|CS|TAMS 0x00000007cc400000| PB 0x00000007cc400000| Complete 
|1635|0x00000007cc600000, 0x00000007cc800000, 0x00000007cc800000|100%| E|CS|TAMS 0x00000007cc600000| PB 0x00000007cc600000| Complete 
|1636|0x00000007cc800000, 0x00000007cca00000, 0x00000007cca00000|100%| E|CS|TAMS 0x00000007cc800000| PB 0x00000007cc800000| Complete 
|1637|0x00000007cca00000, 0x00000007ccc00000, 0x00000007ccc00000|100%| E|CS|TAMS 0x00000007cca00000| PB 0x00000007cca00000| Complete 
|1638|0x00000007ccc00000, 0x00000007cce00000, 0x00000007cce00000|100%| E|CS|TAMS 0x00000007ccc00000| PB 0x00000007ccc00000| Complete 
|1639|0x00000007cce00000, 0x00000007cd000000, 0x00000007cd000000|100%| E|CS|TAMS 0x00000007cce00000| PB 0x00000007cce00000| Complete 
|1640|0x00000007cd000000, 0x00000007cd200000, 0x00000007cd200000|100%| E|CS|TAMS 0x00000007cd000000| PB 0x00000007cd000000| Complete 
|1641|0x00000007cd200000, 0x00000007cd400000, 0x00000007cd400000|100%| E|CS|TAMS 0x00000007cd200000| PB 0x00000007cd200000| Complete 
|1642|0x00000007cd400000, 0x00000007cd600000, 0x00000007cd600000|100%| E|CS|TAMS 0x00000007cd400000| PB 0x00000007cd400000| Complete 
|1643|0x00000007cd600000, 0x00000007cd800000, 0x00000007cd800000|100%| E|CS|TAMS 0x00000007cd600000| PB 0x00000007cd600000| Complete 
|1644|0x00000007cd800000, 0x00000007cda00000, 0x00000007cda00000|100%| E|CS|TAMS 0x00000007cd800000| PB 0x00000007cd800000| Complete 
|1645|0x00000007cda00000, 0x00000007cdc00000, 0x00000007cdc00000|100%| S|CS|TAMS 0x00000007cda00000| PB 0x00000007cda00000| Complete 
|1646|0x00000007cdc00000, 0x00000007cde00000, 0x00000007cde00000|100%| S|CS|TAMS 0x00000007cdc00000| PB 0x00000007cdc00000| Complete 
|1647|0x00000007cde00000, 0x00000007ce000000, 0x00000007ce000000|100%| S|CS|TAMS 0x00000007cde00000| PB 0x00000007cde00000| Complete 
|1648|0x00000007ce000000, 0x00000007ce200000, 0x00000007ce200000|100%| S|CS|TAMS 0x00000007ce000000| PB 0x00000007ce000000| Complete 
|1649|0x00000007ce200000, 0x00000007ce400000, 0x00000007ce400000|100%| S|CS|TAMS 0x00000007ce200000| PB 0x00000007ce200000| Complete 
|1650|0x00000007ce400000, 0x00000007ce600000, 0x00000007ce600000|100%| S|CS|TAMS 0x00000007ce400000| PB 0x00000007ce400000| Complete 
|1651|0x00000007ce600000, 0x00000007ce800000, 0x00000007ce800000|100%| S|CS|TAMS 0x00000007ce600000| PB 0x00000007ce600000| Complete 
|1652|0x00000007ce800000, 0x00000007cea00000, 0x00000007cea00000|100%| S|CS|TAMS 0x00000007ce800000| PB 0x00000007ce800000| Complete 
|1653|0x00000007cea00000, 0x00000007cec00000, 0x00000007cec00000|100%| S|CS|TAMS 0x00000007cea00000| PB 0x00000007cea00000| Complete 
|1654|0x00000007cec00000, 0x00000007cee00000, 0x00000007cee00000|100%| S|CS|TAMS 0x00000007cec00000| PB 0x00000007cec00000| Complete 
|1655|0x00000007cee00000, 0x00000007cf000000, 0x00000007cf000000|100%| S|CS|TAMS 0x00000007cee00000| PB 0x00000007cee00000| Complete 
|1656|0x00000007cf000000, 0x00000007cf200000, 0x00000007cf200000|100%| S|CS|TAMS 0x00000007cf000000| PB 0x00000007cf000000| Complete 
|1657|0x00000007cf200000, 0x00000007cf400000, 0x00000007cf400000|100%| S|CS|TAMS 0x00000007cf200000| PB 0x00000007cf200000| Complete 
|1658|0x00000007cf400000, 0x00000007cf600000, 0x00000007cf600000|100%| S|CS|TAMS 0x00000007cf400000| PB 0x00000007cf400000| Complete 
|1659|0x00000007cf600000, 0x00000007cf800000, 0x00000007cf800000|100%| S|CS|TAMS 0x00000007cf600000| PB 0x00000007cf600000| Complete 
|1660|0x00000007cf800000, 0x00000007cfa00000, 0x00000007cfa00000|100%| S|CS|TAMS 0x00000007cf800000| PB 0x00000007cf800000| Complete 
|1661|0x00000007cfa00000, 0x00000007cfc00000, 0x00000007cfc00000|100%| S|CS|TAMS 0x00000007cfa00000| PB 0x00000007cfa00000| Complete 
|1662|0x00000007cfc00000, 0x00000007cfe00000, 0x00000007cfe00000|100%| S|CS|TAMS 0x00000007cfc00000| PB 0x00000007cfc00000| Complete 
|1663|0x00000007cfe00000, 0x00000007d0000000, 0x00000007d0000000|100%| S|CS|TAMS 0x00000007cfe00000| PB 0x00000007cfe00000| Complete 
|1664|0x00000007d0000000, 0x00000007d0200000, 0x00000007d0200000|100%| S|CS|TAMS 0x00000007d0000000| PB 0x00000007d0000000| Complete 
|1665|0x00000007d0200000, 0x00000007d0400000, 0x00000007d0400000|100%| S|CS|TAMS 0x00000007d0200000| PB 0x00000007d0200000| Complete 
|1666|0x00000007d0400000, 0x00000007d0600000, 0x00000007d0600000|100%| S|CS|TAMS 0x00000007d0400000| PB 0x00000007d0400000| Complete 
|1667|0x00000007d0600000, 0x00000007d0800000, 0x00000007d0800000|100%| S|CS|TAMS 0x00000007d0600000| PB 0x00000007d0600000| Complete 
|1668|0x00000007d0800000, 0x00000007d0a00000, 0x00000007d0a00000|100%| S|CS|TAMS 0x00000007d0800000| PB 0x00000007d0800000| Complete 
|1669|0x00000007d0a00000, 0x00000007d0c00000, 0x00000007d0c00000|100%| S|CS|TAMS 0x00000007d0a00000| PB 0x00000007d0a00000| Complete 
|1670|0x00000007d0c00000, 0x00000007d0e00000, 0x00000007d0e00000|100%| S|CS|TAMS 0x00000007d0c00000| PB 0x00000007d0c00000| Complete 
|1671|0x00000007d0e00000, 0x00000007d1000000, 0x00000007d1000000|100%| S|CS|TAMS 0x00000007d0e00000| PB 0x00000007d0e00000| Complete 
|1672|0x00000007d1000000, 0x00000007d1200000, 0x00000007d1200000|100%| S|CS|TAMS 0x00000007d1000000| PB 0x00000007d1000000| Complete 
|1673|0x00000007d1200000, 0x00000007d1400000, 0x00000007d1400000|100%| S|CS|TAMS 0x00000007d1200000| PB 0x00000007d1200000| Complete 
|1674|0x00000007d1400000, 0x00000007d1600000, 0x00000007d1600000|100%| S|CS|TAMS 0x00000007d1400000| PB 0x00000007d1400000| Complete 
|1675|0x00000007d1600000, 0x00000007d1800000, 0x00000007d1800000|100%| S|CS|TAMS 0x00000007d1600000| PB 0x00000007d1600000| Complete 
|1676|0x00000007d1800000, 0x00000007d1a00000, 0x00000007d1a00000|100%| S|CS|TAMS 0x00000007d1800000| PB 0x00000007d1800000| Complete 
|1677|0x00000007d1a00000, 0x00000007d1c00000, 0x00000007d1c00000|100%| S|CS|TAMS 0x00000007d1a00000| PB 0x00000007d1a00000| Complete 
|1678|0x00000007d1c00000, 0x00000007d1e00000, 0x00000007d1e00000|100%| S|CS|TAMS 0x00000007d1c00000| PB 0x00000007d1c00000| Complete 
|1679|0x00000007d1e00000, 0x00000007d2000000, 0x00000007d2000000|100%| S|CS|TAMS 0x00000007d1e00000| PB 0x00000007d1e00000| Complete 
|1680|0x00000007d2000000, 0x00000007d2200000, 0x00000007d2200000|100%| S|CS|TAMS 0x00000007d2000000| PB 0x00000007d2000000| Complete 
|1681|0x00000007d2200000, 0x00000007d2400000, 0x00000007d2400000|100%| S|CS|TAMS 0x00000007d2200000| PB 0x00000007d2200000| Complete 
|1682|0x00000007d2400000, 0x00000007d2600000, 0x00000007d2600000|100%| S|CS|TAMS 0x00000007d2400000| PB 0x00000007d2400000| Complete 
|1683|0x00000007d2600000, 0x00000007d2800000, 0x00000007d2800000|100%| S|CS|TAMS 0x00000007d2600000| PB 0x00000007d2600000| Complete 
|1684|0x00000007d2800000, 0x00000007d2a00000, 0x00000007d2a00000|100%| S|CS|TAMS 0x00000007d2800000| PB 0x00000007d2800000| Complete 
|1685|0x00000007d2a00000, 0x00000007d2c00000, 0x00000007d2c00000|100%| S|CS|TAMS 0x00000007d2a00000| PB 0x00000007d2a00000| Complete 
|1686|0x00000007d2c00000, 0x00000007d2e00000, 0x00000007d2e00000|100%| S|CS|TAMS 0x00000007d2c00000| PB 0x00000007d2c00000| Complete 
|1687|0x00000007d2e00000, 0x00000007d3000000, 0x00000007d3000000|100%| S|CS|TAMS 0x00000007d2e00000| PB 0x00000007d2e00000| Complete 
|1688|0x00000007d3000000, 0x00000007d3200000, 0x00000007d3200000|100%| S|CS|TAMS 0x00000007d3000000| PB 0x00000007d3000000| Complete 
|1689|0x00000007d3200000, 0x00000007d3400000, 0x00000007d3400000|100%| S|CS|TAMS 0x00000007d3200000| PB 0x00000007d3200000| Complete 
|1690|0x00000007d3400000, 0x00000007d3600000, 0x00000007d3600000|100%| S|CS|TAMS 0x00000007d3400000| PB 0x00000007d3400000| Complete 
|1691|0x00000007d3600000, 0x00000007d3800000, 0x00000007d3800000|100%| S|CS|TAMS 0x00000007d3600000| PB 0x00000007d3600000| Complete 
|1692|0x00000007d3800000, 0x00000007d3a00000, 0x00000007d3a00000|100%| S|CS|TAMS 0x00000007d3800000| PB 0x00000007d3800000| Complete 
|1693|0x00000007d3a00000, 0x00000007d3c00000, 0x00000007d3c00000|100%| S|CS|TAMS 0x00000007d3a00000| PB 0x00000007d3a00000| Complete 
|1694|0x00000007d3c00000, 0x00000007d3e00000, 0x00000007d3e00000|100%| S|CS|TAMS 0x00000007d3c00000| PB 0x00000007d3c00000| Complete 
|1695|0x00000007d3e00000, 0x00000007d4000000, 0x00000007d4000000|100%| S|CS|TAMS 0x00000007d3e00000| PB 0x00000007d3e00000| Complete 
|1696|0x00000007d4000000, 0x00000007d4200000, 0x00000007d4200000|100%| S|CS|TAMS 0x00000007d4000000| PB 0x00000007d4000000| Complete 
|1697|0x00000007d4200000, 0x00000007d4400000, 0x00000007d4400000|100%| S|CS|TAMS 0x00000007d4200000| PB 0x00000007d4200000| Complete 
|1698|0x00000007d4400000, 0x00000007d4600000, 0x00000007d4600000|100%| S|CS|TAMS 0x00000007d4400000| PB 0x00000007d4400000| Complete 
|1699|0x00000007d4600000, 0x00000007d4800000, 0x00000007d4800000|100%| S|CS|TAMS 0x00000007d4600000| PB 0x00000007d4600000| Complete 
|1700|0x00000007d4800000, 0x00000007d4a00000, 0x00000007d4a00000|100%| S|CS|TAMS 0x00000007d4800000| PB 0x00000007d4800000| Complete 
|1701|0x00000007d4a00000, 0x00000007d4c00000, 0x00000007d4c00000|100%| S|CS|TAMS 0x00000007d4a00000| PB 0x00000007d4a00000| Complete 
|1702|0x00000007d4c00000, 0x00000007d4e00000, 0x00000007d4e00000|100%| S|CS|TAMS 0x00000007d4c00000| PB 0x00000007d4c00000| Complete 
|1703|0x00000007d4e00000, 0x00000007d5000000, 0x00000007d5000000|100%| S|CS|TAMS 0x00000007d4e00000| PB 0x00000007d4e00000| Complete 
|1704|0x00000007d5000000, 0x00000007d5200000, 0x00000007d5200000|100%| S|CS|TAMS 0x00000007d5000000| PB 0x00000007d5000000| Complete 
|1705|0x00000007d5200000, 0x00000007d5400000, 0x00000007d5400000|100%| S|CS|TAMS 0x00000007d5200000| PB 0x00000007d5200000| Complete 
|1706|0x00000007d5400000, 0x00000007d5600000, 0x00000007d5600000|100%| S|CS|TAMS 0x00000007d5400000| PB 0x00000007d5400000| Complete 
|1707|0x00000007d5600000, 0x00000007d5800000, 0x00000007d5800000|100%| S|CS|TAMS 0x00000007d5600000| PB 0x00000007d5600000| Complete 
|1708|0x00000007d5800000, 0x00000007d5a00000, 0x00000007d5a00000|100%| S|CS|TAMS 0x00000007d5800000| PB 0x00000007d5800000| Complete 
|1709|0x00000007d5a00000, 0x00000007d5c00000, 0x00000007d5c00000|100%| S|CS|TAMS 0x00000007d5a00000| PB 0x00000007d5a00000| Complete 
|1710|0x00000007d5c00000, 0x00000007d5e00000, 0x00000007d5e00000|100%| E|CS|TAMS 0x00000007d5c00000| PB 0x00000007d5c00000| Complete 
|1711|0x00000007d5e00000, 0x00000007d6000000, 0x00000007d6000000|100%| E|CS|TAMS 0x00000007d5e00000| PB 0x00000007d5e00000| Complete 
|1712|0x00000007d6000000, 0x00000007d6200000, 0x00000007d6200000|100%| E|CS|TAMS 0x00000007d6000000| PB 0x00000007d6000000| Complete 
|1713|0x00000007d6200000, 0x00000007d6400000, 0x00000007d6400000|100%| E|CS|TAMS 0x00000007d6200000| PB 0x00000007d6200000| Complete 
|1714|0x00000007d6400000, 0x00000007d6600000, 0x00000007d6600000|100%| E|CS|TAMS 0x00000007d6400000| PB 0x00000007d6400000| Complete 
|1715|0x00000007d6600000, 0x00000007d6800000, 0x00000007d6800000|100%| E|CS|TAMS 0x00000007d6600000| PB 0x00000007d6600000| Complete 
|1716|0x00000007d6800000, 0x00000007d6a00000, 0x00000007d6a00000|100%| E|CS|TAMS 0x00000007d6800000| PB 0x00000007d6800000| Complete 
|1717|0x00000007d6a00000, 0x00000007d6c00000, 0x00000007d6c00000|100%| E|CS|TAMS 0x00000007d6a00000| PB 0x00000007d6a00000| Complete 
|1718|0x00000007d6c00000, 0x00000007d6e00000, 0x00000007d6e00000|100%| E|CS|TAMS 0x00000007d6c00000| PB 0x00000007d6c00000| Complete 
|1719|0x00000007d6e00000, 0x00000007d7000000, 0x00000007d7000000|100%| E|CS|TAMS 0x00000007d6e00000| PB 0x00000007d6e00000| Complete 
|1720|0x00000007d7000000, 0x00000007d7200000, 0x00000007d7200000|100%| E|CS|TAMS 0x00000007d7000000| PB 0x00000007d7000000| Complete 
|1721|0x00000007d7200000, 0x00000007d7400000, 0x00000007d7400000|100%| E|CS|TAMS 0x00000007d7200000| PB 0x00000007d7200000| Complete 
|1722|0x00000007d7400000, 0x00000007d7600000, 0x00000007d7600000|100%| E|CS|TAMS 0x00000007d7400000| PB 0x00000007d7400000| Complete 
|1723|0x00000007d7600000, 0x00000007d7800000, 0x00000007d7800000|100%| O|Cm|TAMS 0x00000007d7600000| PB 0x00000007d7600000| Complete 
|1724|0x00000007d7800000, 0x00000007d7a00000, 0x00000007d7a00000|100%| O|Cm|TAMS 0x00000007d7800000| PB 0x00000007d7800000| Complete 
|1725|0x00000007d7a00000, 0x00000007d7c00000, 0x00000007d7c00000|100%| O|  |TAMS 0x00000007d7a00000| PB 0x00000007d7a00000| Untracked 
|1726|0x00000007d7c00000, 0x00000007d7e00000, 0x00000007d7e00000|100%| O|  |TAMS 0x00000007d7c00000| PB 0x00000007d7c00000| Untracked 
|1727|0x00000007d7e00000, 0x00000007d8000000, 0x00000007d8000000|100%| O|  |TAMS 0x00000007d7e00000| PB 0x00000007d7e00000| Untracked 
|1728|0x00000007d8000000, 0x00000007d8200000, 0x00000007d8200000|100%| O|  |TAMS 0x00000007d8000000| PB 0x00000007d8000000| Untracked 
|1729|0x00000007d8200000, 0x00000007d8400000, 0x00000007d8400000|100%| O|  |TAMS 0x00000007d8200000| PB 0x00000007d8200000| Untracked 
|1730|0x00000007d8400000, 0x00000007d8600000, 0x00000007d8600000|100%| O|  |TAMS 0x00000007d8400000| PB 0x00000007d8400000| Untracked 
|1731|0x00000007d8600000, 0x00000007d8800000, 0x00000007d8800000|100%| O|  |TAMS 0x00000007d8600000| PB 0x00000007d8600000| Untracked 
|1732|0x00000007d8800000, 0x00000007d8a00000, 0x00000007d8a00000|100%| O|  |TAMS 0x00000007d8800000| PB 0x00000007d8800000| Untracked 
|1733|0x00000007d8a00000, 0x00000007d8c00000, 0x00000007d8c00000|100%| O|  |TAMS 0x00000007d8a00000| PB 0x00000007d8a00000| Untracked 
|1734|0x00000007d8c00000, 0x00000007d8e00000, 0x00000007d8e00000|100%| O|  |TAMS 0x00000007d8c00000| PB 0x00000007d8c00000| Untracked 
|1735|0x00000007d8e00000, 0x00000007d9000000, 0x00000007d9000000|100%| O|  |TAMS 0x00000007d8e00000| PB 0x00000007d8e00000| Untracked 
|1736|0x00000007d9000000, 0x00000007d9200000, 0x00000007d9200000|100%| O|Cm|TAMS 0x00000007d9000000| PB 0x00000007d9000000| Complete 
|1737|0x00000007d9200000, 0x00000007d9400000, 0x00000007d9400000|100%| E|CS|TAMS 0x00000007d9200000| PB 0x00000007d9200000| Complete 
|1738|0x00000007d9400000, 0x00000007d9600000, 0x00000007d9600000|100%| E|CS|TAMS 0x00000007d9400000| PB 0x00000007d9400000| Complete 
|1739|0x00000007d9600000, 0x00000007d9800000, 0x00000007d9800000|100%| E|CS|TAMS 0x00000007d9600000| PB 0x00000007d9600000| Complete 
|1740|0x00000007d9800000, 0x00000007d9a00000, 0x00000007d9a00000|100%| E|CS|TAMS 0x00000007d9800000| PB 0x00000007d9800000| Complete 
|1741|0x00000007d9a00000, 0x00000007d9c00000, 0x00000007d9c00000|100%| O|Cm|TAMS 0x00000007d9a00000| PB 0x00000007d9a00000| Complete 
|1742|0x00000007d9c00000, 0x00000007d9e00000, 0x00000007d9e00000|100%| E|CS|TAMS 0x00000007d9c00000| PB 0x00000007d9c00000| Complete 
|1743|0x00000007d9e00000, 0x00000007da000000, 0x00000007da000000|100%| O|Cm|TAMS 0x00000007d9e00000| PB 0x00000007d9e00000| Complete 
|1744|0x00000007da000000, 0x00000007da200000, 0x00000007da200000|100%| E|CS|TAMS 0x00000007da000000| PB 0x00000007da000000| Complete 
|1745|0x00000007da200000, 0x00000007da400000, 0x00000007da400000|100%| E|CS|TAMS 0x00000007da200000| PB 0x00000007da200000| Complete 
|1746|0x00000007da400000, 0x00000007da600000, 0x00000007da600000|100%| E|CS|TAMS 0x00000007da400000| PB 0x00000007da400000| Complete 
|1747|0x00000007da600000, 0x00000007da800000, 0x00000007da800000|100%| E|CS|TAMS 0x00000007da600000| PB 0x00000007da600000| Complete 
|1748|0x00000007da800000, 0x00000007daa00000, 0x00000007daa00000|100%| O|Cm|TAMS 0x00000007da800000| PB 0x00000007da800000| Complete 
|1749|0x00000007daa00000, 0x00000007dac00000, 0x00000007dac00000|100%| E|CS|TAMS 0x00000007daa00000| PB 0x00000007daa00000| Complete 
|1750|0x00000007dac00000, 0x00000007dae00000, 0x00000007dae00000|100%| E|CS|TAMS 0x00000007dac00000| PB 0x00000007dac00000| Complete 
|1751|0x00000007dae00000, 0x00000007db000000, 0x00000007db000000|100%| O|Cm|TAMS 0x00000007dae00000| PB 0x00000007dae00000| Complete 
|1752|0x00000007db000000, 0x00000007db200000, 0x00000007db200000|100%| E|CS|TAMS 0x00000007db000000| PB 0x00000007db000000| Complete 
|1753|0x00000007db200000, 0x00000007db400000, 0x00000007db400000|100%| E|CS|TAMS 0x00000007db200000| PB 0x00000007db200000| Complete 
|1754|0x00000007db400000, 0x00000007db600000, 0x00000007db600000|100%| E|CS|TAMS 0x00000007db400000| PB 0x00000007db400000| Complete 
|1755|0x00000007db600000, 0x00000007db800000, 0x00000007db800000|100%| E|CS|TAMS 0x00000007db600000| PB 0x00000007db600000| Complete 
|1756|0x00000007db800000, 0x00000007dba00000, 0x00000007dba00000|100%| E|CS|TAMS 0x00000007db800000| PB 0x00000007db800000| Complete 
|1757|0x00000007dba00000, 0x00000007dbc00000, 0x00000007dbc00000|100%| E|CS|TAMS 0x00000007dba00000| PB 0x00000007dba00000| Complete 
|1758|0x00000007dbc00000, 0x00000007dbe00000, 0x00000007dbe00000|100%| E|CS|TAMS 0x00000007dbc00000| PB 0x00000007dbc00000| Complete 
|1759|0x00000007dbe00000, 0x00000007dc000000, 0x00000007dc000000|100%| E|CS|TAMS 0x00000007dbe00000| PB 0x00000007dbe00000| Complete 
|1760|0x00000007dc000000, 0x00000007dc200000, 0x00000007dc200000|100%| E|CS|TAMS 0x00000007dc000000| PB 0x00000007dc000000| Complete 
|1761|0x00000007dc200000, 0x00000007dc400000, 0x00000007dc400000|100%| E|CS|TAMS 0x00000007dc200000| PB 0x00000007dc200000| Complete 
|1762|0x00000007dc400000, 0x00000007dc600000, 0x00000007dc600000|100%| E|CS|TAMS 0x00000007dc400000| PB 0x00000007dc400000| Complete 
|1763|0x00000007dc600000, 0x00000007dc800000, 0x00000007dc800000|100%| E|CS|TAMS 0x00000007dc600000| PB 0x00000007dc600000| Complete 
|1764|0x00000007dc800000, 0x00000007dca00000, 0x00000007dca00000|100%| E|CS|TAMS 0x00000007dc800000| PB 0x00000007dc800000| Complete 
|1765|0x00000007dca00000, 0x00000007dcc00000, 0x00000007dcc00000|100%| E|CS|TAMS 0x00000007dca00000| PB 0x00000007dca00000| Complete 
|1766|0x00000007dcc00000, 0x00000007dce00000, 0x00000007dce00000|100%| E|CS|TAMS 0x00000007dcc00000| PB 0x00000007dcc00000| Complete 
|1767|0x00000007dce00000, 0x00000007dd000000, 0x00000007dd000000|100%| E|CS|TAMS 0x00000007dce00000| PB 0x00000007dce00000| Complete 
|1768|0x00000007dd000000, 0x00000007dd200000, 0x00000007dd200000|100%| E|CS|TAMS 0x00000007dd000000| PB 0x00000007dd000000| Complete 
|1769|0x00000007dd200000, 0x00000007dd400000, 0x00000007dd400000|100%| E|CS|TAMS 0x00000007dd200000| PB 0x00000007dd200000| Complete 
|1770|0x00000007dd400000, 0x00000007dd600000, 0x00000007dd600000|100%| E|CS|TAMS 0x00000007dd400000| PB 0x00000007dd400000| Complete 
|1771|0x00000007dd600000, 0x00000007dd800000, 0x00000007dd800000|100%| E|CS|TAMS 0x00000007dd600000| PB 0x00000007dd600000| Complete 
|1772|0x00000007dd800000, 0x00000007dda00000, 0x00000007dda00000|100%| E|CS|TAMS 0x00000007dd800000| PB 0x00000007dd800000| Complete 
|1773|0x00000007dda00000, 0x00000007ddc00000, 0x00000007ddc00000|100%| E|CS|TAMS 0x00000007dda00000| PB 0x00000007dda00000| Complete 
|1774|0x00000007ddc00000, 0x00000007dde00000, 0x00000007dde00000|100%| E|CS|TAMS 0x00000007ddc00000| PB 0x00000007ddc00000| Complete 
|1775|0x00000007dde00000, 0x00000007de000000, 0x00000007de000000|100%| E|CS|TAMS 0x00000007dde00000| PB 0x00000007dde00000| Complete 
|1776|0x00000007de000000, 0x00000007de200000, 0x00000007de200000|100%| E|CS|TAMS 0x00000007de000000| PB 0x00000007de000000| Complete 
|1777|0x00000007de200000, 0x00000007de400000, 0x00000007de400000|100%| E|CS|TAMS 0x00000007de200000| PB 0x00000007de200000| Complete 
|1778|0x00000007de400000, 0x00000007de600000, 0x00000007de600000|100%| E|CS|TAMS 0x00000007de400000| PB 0x00000007de400000| Complete 
|1779|0x00000007de600000, 0x00000007de800000, 0x00000007de800000|100%| E|CS|TAMS 0x00000007de600000| PB 0x00000007de600000| Complete 
|1780|0x00000007de800000, 0x00000007dea00000, 0x00000007dea00000|100%| E|CS|TAMS 0x00000007de800000| PB 0x00000007de800000| Complete 
|1781|0x00000007dea00000, 0x00000007dec00000, 0x00000007dec00000|100%| E|CS|TAMS 0x00000007dea00000| PB 0x00000007dea00000| Complete 
|1782|0x00000007dec00000, 0x00000007dee00000, 0x00000007dee00000|100%| E|CS|TAMS 0x00000007dec00000| PB 0x00000007dec00000| Complete 
|1783|0x00000007dee00000, 0x00000007df000000, 0x00000007df000000|100%| E|CS|TAMS 0x00000007dee00000| PB 0x00000007dee00000| Complete 
|1784|0x00000007df000000, 0x00000007df200000, 0x00000007df200000|100%| E|CS|TAMS 0x00000007df000000| PB 0x00000007df000000| Complete 
|1785|0x00000007df200000, 0x00000007df400000, 0x00000007df400000|100%| E|CS|TAMS 0x00000007df200000| PB 0x00000007df200000| Complete 
|1786|0x00000007df400000, 0x00000007df600000, 0x00000007df600000|100%| E|CS|TAMS 0x00000007df400000| PB 0x00000007df400000| Complete 
|1787|0x00000007df600000, 0x00000007df800000, 0x00000007df800000|100%| E|CS|TAMS 0x00000007df600000| PB 0x00000007df600000| Complete 
|1788|0x00000007df800000, 0x00000007dfa00000, 0x00000007dfa00000|100%| E|CS|TAMS 0x00000007df800000| PB 0x00000007df800000| Complete 
|1789|0x00000007dfa00000, 0x00000007dfc00000, 0x00000007dfc00000|100%| E|CS|TAMS 0x00000007dfa00000| PB 0x00000007dfa00000| Complete 
|1790|0x00000007dfc00000, 0x00000007dfe00000, 0x00000007dfe00000|100%| E|CS|TAMS 0x00000007dfc00000| PB 0x00000007dfc00000| Complete 
|1791|0x00000007dfe00000, 0x00000007e0000000, 0x00000007e0000000|100%| E|CS|TAMS 0x00000007dfe00000| PB 0x00000007dfe00000| Complete 
|1792|0x00000007e0000000, 0x00000007e0200000, 0x00000007e0200000|100%| E|CS|TAMS 0x00000007e0000000| PB 0x00000007e0000000| Complete 
|1793|0x00000007e0200000, 0x00000007e0400000, 0x00000007e0400000|100%| E|CS|TAMS 0x00000007e0200000| PB 0x00000007e0200000| Complete 
|1794|0x00000007e0400000, 0x00000007e0600000, 0x00000007e0600000|100%| E|CS|TAMS 0x00000007e0400000| PB 0x00000007e0400000| Complete 
|1795|0x00000007e0600000, 0x00000007e0800000, 0x00000007e0800000|100%| E|CS|TAMS 0x00000007e0600000| PB 0x00000007e0600000| Complete 
|1796|0x00000007e0800000, 0x00000007e0a00000, 0x00000007e0a00000|100%| E|CS|TAMS 0x00000007e0800000| PB 0x00000007e0800000| Complete 
|1797|0x00000007e0a00000, 0x00000007e0c00000, 0x00000007e0c00000|100%| E|CS|TAMS 0x00000007e0a00000| PB 0x00000007e0a00000| Complete 
|1798|0x00000007e0c00000, 0x00000007e0e00000, 0x00000007e0e00000|100%| E|CS|TAMS 0x00000007e0c00000| PB 0x00000007e0c00000| Complete 
|1799|0x00000007e0e00000, 0x00000007e1000000, 0x00000007e1000000|100%| E|CS|TAMS 0x00000007e0e00000| PB 0x00000007e0e00000| Complete 
|1800|0x00000007e1000000, 0x00000007e1200000, 0x00000007e1200000|100%| E|CS|TAMS 0x00000007e1000000| PB 0x00000007e1000000| Complete 
|1801|0x00000007e1200000, 0x00000007e1400000, 0x00000007e1400000|100%| E|CS|TAMS 0x00000007e1200000| PB 0x00000007e1200000| Complete 
|1802|0x00000007e1400000, 0x00000007e1600000, 0x00000007e1600000|100%| E|CS|TAMS 0x00000007e1400000| PB 0x00000007e1400000| Complete 
|1803|0x00000007e1600000, 0x00000007e1800000, 0x00000007e1800000|100%| E|CS|TAMS 0x00000007e1600000| PB 0x00000007e1600000| Complete 
|1804|0x00000007e1800000, 0x00000007e1a00000, 0x00000007e1a00000|100%| E|CS|TAMS 0x00000007e1800000| PB 0x00000007e1800000| Complete 
|1805|0x00000007e1a00000, 0x00000007e1c00000, 0x00000007e1c00000|100%| E|CS|TAMS 0x00000007e1a00000| PB 0x00000007e1a00000| Complete 
|1806|0x00000007e1c00000, 0x00000007e1e00000, 0x00000007e1e00000|100%| E|CS|TAMS 0x00000007e1c00000| PB 0x00000007e1c00000| Complete 
|1807|0x00000007e1e00000, 0x00000007e2000000, 0x00000007e2000000|100%| E|CS|TAMS 0x00000007e1e00000| PB 0x00000007e1e00000| Complete 
|1808|0x00000007e2000000, 0x00000007e2200000, 0x00000007e2200000|100%| E|CS|TAMS 0x00000007e2000000| PB 0x00000007e2000000| Complete 
|1809|0x00000007e2200000, 0x00000007e2400000, 0x00000007e2400000|100%| E|CS|TAMS 0x00000007e2200000| PB 0x00000007e2200000| Complete 
|1810|0x00000007e2400000, 0x00000007e2600000, 0x00000007e2600000|100%| E|CS|TAMS 0x00000007e2400000| PB 0x00000007e2400000| Complete 
|1811|0x00000007e2600000, 0x00000007e2800000, 0x00000007e2800000|100%| E|CS|TAMS 0x00000007e2600000| PB 0x00000007e2600000| Complete 
|1812|0x00000007e2800000, 0x00000007e2a00000, 0x00000007e2a00000|100%| E|CS|TAMS 0x00000007e2800000| PB 0x00000007e2800000| Complete 
|1813|0x00000007e2a00000, 0x00000007e2c00000, 0x00000007e2c00000|100%| E|CS|TAMS 0x00000007e2a00000| PB 0x00000007e2a00000| Complete 
|1814|0x00000007e2c00000, 0x00000007e2e00000, 0x00000007e2e00000|100%| E|CS|TAMS 0x00000007e2c00000| PB 0x00000007e2c00000| Complete 
|1815|0x00000007e2e00000, 0x00000007e3000000, 0x00000007e3000000|100%| E|CS|TAMS 0x00000007e2e00000| PB 0x00000007e2e00000| Complete 
|1816|0x00000007e3000000, 0x00000007e3200000, 0x00000007e3200000|100%| O|Cm|TAMS 0x00000007e3000000| PB 0x00000007e3000000| Complete 
|1817|0x00000007e3200000, 0x00000007e3400000, 0x00000007e3400000|100%| O|Cm|TAMS 0x00000007e3200000| PB 0x00000007e3200000| Complete 
|1818|0x00000007e3400000, 0x00000007e3600000, 0x00000007e3600000|100%| O|Cm|TAMS 0x00000007e3400000| PB 0x00000007e3400000| Complete 
|1819|0x00000007e3600000, 0x00000007e3800000, 0x00000007e3800000|100%| E|CS|TAMS 0x00000007e3600000| PB 0x00000007e3600000| Complete 
|1820|0x00000007e3800000, 0x00000007e3a00000, 0x00000007e3a00000|100%| O|Cm|TAMS 0x00000007e3800000| PB 0x00000007e3800000| Complete 
|1821|0x00000007e3a00000, 0x00000007e3c00000, 0x00000007e3c00000|100%| E|CS|TAMS 0x00000007e3a00000| PB 0x00000007e3a00000| Complete 
|1822|0x00000007e3c00000, 0x00000007e3e00000, 0x00000007e3e00000|100%| O|  |TAMS 0x00000007e3c00000| PB 0x00000007e3c00000| Untracked 
|1823|0x00000007e3e00000, 0x00000007e4000000, 0x00000007e4000000|100%| E|CS|TAMS 0x00000007e3e00000| PB 0x00000007e3e00000| Complete 
|1824|0x00000007e4000000, 0x00000007e4200000, 0x00000007e4200000|100%| O|Cm|TAMS 0x00000007e4000000| PB 0x00000007e4000000| Complete 
|1825|0x00000007e4200000, 0x00000007e4400000, 0x00000007e4400000|100%| O|Cm|TAMS 0x00000007e4200000| PB 0x00000007e4200000| Complete 
|1826|0x00000007e4400000, 0x00000007e4600000, 0x00000007e4600000|100%| E|CS|TAMS 0x00000007e4400000| PB 0x00000007e4400000| Complete 
|1827|0x00000007e4600000, 0x00000007e4800000, 0x00000007e4800000|100%| E|CS|TAMS 0x00000007e4600000| PB 0x00000007e4600000| Complete 
|1828|0x00000007e4800000, 0x00000007e4a00000, 0x00000007e4a00000|100%| E|CS|TAMS 0x00000007e4800000| PB 0x00000007e4800000| Complete 
|1829|0x00000007e4a00000, 0x00000007e4c00000, 0x00000007e4c00000|100%| E|CS|TAMS 0x00000007e4a00000| PB 0x00000007e4a00000| Complete 
|1830|0x00000007e4c00000, 0x00000007e4e00000, 0x00000007e4e00000|100%| E|CS|TAMS 0x00000007e4c00000| PB 0x00000007e4c00000| Complete 
|1831|0x00000007e4e00000, 0x00000007e5000000, 0x00000007e5000000|100%| E|CS|TAMS 0x00000007e4e00000| PB 0x00000007e4e00000| Complete 
|1832|0x00000007e5000000, 0x00000007e5200000, 0x00000007e5200000|100%| E|CS|TAMS 0x00000007e5000000| PB 0x00000007e5000000| Complete 
|1833|0x00000007e5200000, 0x00000007e5400000, 0x00000007e5400000|100%| E|CS|TAMS 0x00000007e5200000| PB 0x00000007e5200000| Complete 
|1834|0x00000007e5400000, 0x00000007e5600000, 0x00000007e5600000|100%| E|CS|TAMS 0x00000007e5400000| PB 0x00000007e5400000| Complete 
|1835|0x00000007e5600000, 0x00000007e5800000, 0x00000007e5800000|100%| E|CS|TAMS 0x00000007e5600000| PB 0x00000007e5600000| Complete 
|1836|0x00000007e5800000, 0x00000007e5a00000, 0x00000007e5a00000|100%| E|CS|TAMS 0x00000007e5800000| PB 0x00000007e5800000| Complete 
|1837|0x00000007e5a00000, 0x00000007e5c00000, 0x00000007e5c00000|100%| E|CS|TAMS 0x00000007e5a00000| PB 0x00000007e5a00000| Complete 
|1838|0x00000007e5c00000, 0x00000007e5e00000, 0x00000007e5e00000|100%| E|CS|TAMS 0x00000007e5c00000| PB 0x00000007e5c00000| Complete 
|1839|0x00000007e5e00000, 0x00000007e6000000, 0x00000007e6000000|100%| E|CS|TAMS 0x00000007e5e00000| PB 0x00000007e5e00000| Complete 
|1840|0x00000007e6000000, 0x00000007e6200000, 0x00000007e6200000|100%| E|CS|TAMS 0x00000007e6000000| PB 0x00000007e6000000| Complete 
|1841|0x00000007e6200000, 0x00000007e6400000, 0x00000007e6400000|100%| E|CS|TAMS 0x00000007e6200000| PB 0x00000007e6200000| Complete 
|1842|0x00000007e6400000, 0x00000007e6600000, 0x00000007e6600000|100%| E|CS|TAMS 0x00000007e6400000| PB 0x00000007e6400000| Complete 
|1843|0x00000007e6600000, 0x00000007e6800000, 0x00000007e6800000|100%| E|CS|TAMS 0x00000007e6600000| PB 0x00000007e6600000| Complete 
|1844|0x00000007e6800000, 0x00000007e6a00000, 0x00000007e6a00000|100%| E|CS|TAMS 0x00000007e6800000| PB 0x00000007e6800000| Complete 
|1845|0x00000007e6a00000, 0x00000007e6c00000, 0x00000007e6c00000|100%| E|CS|TAMS 0x00000007e6a00000| PB 0x00000007e6a00000| Complete 
|1846|0x00000007e6c00000, 0x00000007e6e00000, 0x00000007e6e00000|100%| E|CS|TAMS 0x00000007e6c00000| PB 0x00000007e6c00000| Complete 
|1847|0x00000007e6e00000, 0x00000007e7000000, 0x00000007e7000000|100%| E|CS|TAMS 0x00000007e6e00000| PB 0x00000007e6e00000| Complete 
|1848|0x00000007e7000000, 0x00000007e7200000, 0x00000007e7200000|100%| E|CS|TAMS 0x00000007e7000000| PB 0x00000007e7000000| Complete 
|1849|0x00000007e7200000, 0x00000007e7400000, 0x00000007e7400000|100%| E|CS|TAMS 0x00000007e7200000| PB 0x00000007e7200000| Complete 
|1850|0x00000007e7400000, 0x00000007e7600000, 0x00000007e7600000|100%| E|CS|TAMS 0x00000007e7400000| PB 0x00000007e7400000| Complete 
|1851|0x00000007e7600000, 0x00000007e7800000, 0x00000007e7800000|100%| E|CS|TAMS 0x00000007e7600000| PB 0x00000007e7600000| Complete 
|1852|0x00000007e7800000, 0x00000007e7a00000, 0x00000007e7a00000|100%| E|CS|TAMS 0x00000007e7800000| PB 0x00000007e7800000| Complete 
|1853|0x00000007e7a00000, 0x00000007e7c00000, 0x00000007e7c00000|100%| E|CS|TAMS 0x00000007e7a00000| PB 0x00000007e7a00000| Complete 
|1854|0x00000007e7c00000, 0x00000007e7e00000, 0x00000007e7e00000|100%| E|CS|TAMS 0x00000007e7c00000| PB 0x00000007e7c00000| Complete 
|1855|0x00000007e7e00000, 0x00000007e8000000, 0x00000007e8000000|100%| E|CS|TAMS 0x00000007e7e00000| PB 0x00000007e7e00000| Complete 
|1856|0x00000007e8000000, 0x00000007e8200000, 0x00000007e8200000|100%| E|CS|TAMS 0x00000007e8000000| PB 0x00000007e8000000| Complete 
|1857|0x00000007e8200000, 0x00000007e8400000, 0x00000007e8400000|100%| E|CS|TAMS 0x00000007e8200000| PB 0x00000007e8200000| Complete 
|1858|0x00000007e8400000, 0x00000007e8600000, 0x00000007e8600000|100%| E|CS|TAMS 0x00000007e8400000| PB 0x00000007e8400000| Complete 
|1859|0x00000007e8600000, 0x00000007e8800000, 0x00000007e8800000|100%| E|CS|TAMS 0x00000007e8600000| PB 0x00000007e8600000| Complete 
|1860|0x00000007e8800000, 0x00000007e8a00000, 0x00000007e8a00000|100%| E|CS|TAMS 0x00000007e8800000| PB 0x00000007e8800000| Complete 
|1861|0x00000007e8a00000, 0x00000007e8c00000, 0x00000007e8c00000|100%| E|CS|TAMS 0x00000007e8a00000| PB 0x00000007e8a00000| Complete 
|1862|0x00000007e8c00000, 0x00000007e8e00000, 0x00000007e8e00000|100%| E|CS|TAMS 0x00000007e8c00000| PB 0x00000007e8c00000| Complete 
|1863|0x00000007e8e00000, 0x00000007e9000000, 0x00000007e9000000|100%| E|CS|TAMS 0x00000007e8e00000| PB 0x00000007e8e00000| Complete 
|1864|0x00000007e9000000, 0x00000007e9200000, 0x00000007e9200000|100%| E|CS|TAMS 0x00000007e9000000| PB 0x00000007e9000000| Complete 
|1865|0x00000007e9200000, 0x00000007e9400000, 0x00000007e9400000|100%| E|CS|TAMS 0x00000007e9200000| PB 0x00000007e9200000| Complete 
|1866|0x00000007e9400000, 0x00000007e9600000, 0x00000007e9600000|100%| E|CS|TAMS 0x00000007e9400000| PB 0x00000007e9400000| Complete 
|1867|0x00000007e9600000, 0x00000007e9800000, 0x00000007e9800000|100%| E|CS|TAMS 0x00000007e9600000| PB 0x00000007e9600000| Complete 
|1868|0x00000007e9800000, 0x00000007e9a00000, 0x00000007e9a00000|100%| E|CS|TAMS 0x00000007e9800000| PB 0x00000007e9800000| Complete 
|1869|0x00000007e9a00000, 0x00000007e9c00000, 0x00000007e9c00000|100%| E|CS|TAMS 0x00000007e9a00000| PB 0x00000007e9a00000| Complete 
|1870|0x00000007e9c00000, 0x00000007e9e00000, 0x00000007e9e00000|100%| E|CS|TAMS 0x00000007e9c00000| PB 0x00000007e9c00000| Complete 
|1871|0x00000007e9e00000, 0x00000007ea000000, 0x00000007ea000000|100%| E|CS|TAMS 0x00000007e9e00000| PB 0x00000007e9e00000| Complete 
|1872|0x00000007ea000000, 0x00000007ea200000, 0x00000007ea200000|100%| E|CS|TAMS 0x00000007ea000000| PB 0x00000007ea000000| Complete 
|1873|0x00000007ea200000, 0x00000007ea400000, 0x00000007ea400000|100%| E|CS|TAMS 0x00000007ea200000| PB 0x00000007ea200000| Complete 
|1874|0x00000007ea400000, 0x00000007ea600000, 0x00000007ea600000|100%| E|CS|TAMS 0x00000007ea400000| PB 0x00000007ea400000| Complete 
|1875|0x00000007ea600000, 0x00000007ea800000, 0x00000007ea800000|100%| E|CS|TAMS 0x00000007ea600000| PB 0x00000007ea600000| Complete 
|1876|0x00000007ea800000, 0x00000007eaa00000, 0x00000007eaa00000|100%| E|CS|TAMS 0x00000007ea800000| PB 0x00000007ea800000| Complete 
|1877|0x00000007eaa00000, 0x00000007eac00000, 0x00000007eac00000|100%| E|CS|TAMS 0x00000007eaa00000| PB 0x00000007eaa00000| Complete 
|1878|0x00000007eac00000, 0x00000007eae00000, 0x00000007eae00000|100%| E|CS|TAMS 0x00000007eac00000| PB 0x00000007eac00000| Complete 
|1879|0x00000007eae00000, 0x00000007eb000000, 0x00000007eb000000|100%| E|CS|TAMS 0x00000007eae00000| PB 0x00000007eae00000| Complete 
|1880|0x00000007eb000000, 0x00000007eb200000, 0x00000007eb200000|100%| E|CS|TAMS 0x00000007eb000000| PB 0x00000007eb000000| Complete 
|1881|0x00000007eb200000, 0x00000007eb400000, 0x00000007eb400000|100%| E|CS|TAMS 0x00000007eb200000| PB 0x00000007eb200000| Complete 
|1882|0x00000007eb400000, 0x00000007eb600000, 0x00000007eb600000|100%| E|CS|TAMS 0x00000007eb400000| PB 0x00000007eb400000| Complete 
|1883|0x00000007eb600000, 0x00000007eb800000, 0x00000007eb800000|100%| E|CS|TAMS 0x00000007eb600000| PB 0x00000007eb600000| Complete 
|1884|0x00000007eb800000, 0x00000007eba00000, 0x00000007eba00000|100%| E|CS|TAMS 0x00000007eb800000| PB 0x00000007eb800000| Complete 
|1885|0x00000007eba00000, 0x00000007ebc00000, 0x00000007ebc00000|100%| E|CS|TAMS 0x00000007eba00000| PB 0x00000007eba00000| Complete 
|1886|0x00000007ebc00000, 0x00000007ebe00000, 0x00000007ebe00000|100%| E|CS|TAMS 0x00000007ebc00000| PB 0x00000007ebc00000| Complete 
|1887|0x00000007ebe00000, 0x00000007ec000000, 0x00000007ec000000|100%| E|CS|TAMS 0x00000007ebe00000| PB 0x00000007ebe00000| Complete 
|1888|0x00000007ec000000, 0x00000007ec200000, 0x00000007ec200000|100%| E|CS|TAMS 0x00000007ec000000| PB 0x00000007ec000000| Complete 
|1889|0x00000007ec200000, 0x00000007ec400000, 0x00000007ec400000|100%| E|CS|TAMS 0x00000007ec200000| PB 0x00000007ec200000| Complete 
|1890|0x00000007ec400000, 0x00000007ec600000, 0x00000007ec600000|100%| E|CS|TAMS 0x00000007ec400000| PB 0x00000007ec400000| Complete 
|1891|0x00000007ec600000, 0x00000007ec800000, 0x00000007ec800000|100%| E|CS|TAMS 0x00000007ec600000| PB 0x00000007ec600000| Complete 
|1892|0x00000007ec800000, 0x00000007eca00000, 0x00000007eca00000|100%| E|CS|TAMS 0x00000007ec800000| PB 0x00000007ec800000| Complete 
|1893|0x00000007eca00000, 0x00000007ecc00000, 0x00000007ecc00000|100%| E|CS|TAMS 0x00000007eca00000| PB 0x00000007eca00000| Complete 
|1894|0x00000007ecc00000, 0x00000007ece00000, 0x00000007ece00000|100%| E|CS|TAMS 0x00000007ecc00000| PB 0x00000007ecc00000| Complete 
|1895|0x00000007ece00000, 0x00000007ed000000, 0x00000007ed000000|100%| E|CS|TAMS 0x00000007ece00000| PB 0x00000007ece00000| Complete 
|1896|0x00000007ed000000, 0x00000007ed200000, 0x00000007ed200000|100%| E|CS|TAMS 0x00000007ed000000| PB 0x00000007ed000000| Complete 
|1897|0x00000007ed200000, 0x00000007ed400000, 0x00000007ed400000|100%| E|CS|TAMS 0x00000007ed200000| PB 0x00000007ed200000| Complete 
|1898|0x00000007ed400000, 0x00000007ed600000, 0x00000007ed600000|100%| E|CS|TAMS 0x00000007ed400000| PB 0x00000007ed400000| Complete 
|1899|0x00000007ed600000, 0x00000007ed800000, 0x00000007ed800000|100%| E|CS|TAMS 0x00000007ed600000| PB 0x00000007ed600000| Complete 
|1900|0x00000007ed800000, 0x00000007eda00000, 0x00000007eda00000|100%| E|CS|TAMS 0x00000007ed800000| PB 0x00000007ed800000| Complete 
|1901|0x00000007eda00000, 0x00000007edc00000, 0x00000007edc00000|100%| E|CS|TAMS 0x00000007eda00000| PB 0x00000007eda00000| Complete 
|1902|0x00000007edc00000, 0x00000007ede00000, 0x00000007ede00000|100%| E|CS|TAMS 0x00000007edc00000| PB 0x00000007edc00000| Complete 
|1903|0x00000007ede00000, 0x00000007ee000000, 0x00000007ee000000|100%| E|CS|TAMS 0x00000007ede00000| PB 0x00000007ede00000| Complete 
|1904|0x00000007ee000000, 0x00000007ee200000, 0x00000007ee200000|100%| E|CS|TAMS 0x00000007ee000000| PB 0x00000007ee000000| Complete 
|1905|0x00000007ee200000, 0x00000007ee400000, 0x00000007ee400000|100%| E|CS|TAMS 0x00000007ee200000| PB 0x00000007ee200000| Complete 
|1906|0x00000007ee400000, 0x00000007ee600000, 0x00000007ee600000|100%| E|CS|TAMS 0x00000007ee400000| PB 0x00000007ee400000| Complete 
|1907|0x00000007ee600000, 0x00000007ee800000, 0x00000007ee800000|100%| E|CS|TAMS 0x00000007ee600000| PB 0x00000007ee600000| Complete 
|1908|0x00000007ee800000, 0x00000007eea00000, 0x00000007eea00000|100%| E|CS|TAMS 0x00000007ee800000| PB 0x00000007ee800000| Complete 
|1909|0x00000007eea00000, 0x00000007eec00000, 0x00000007eec00000|100%| E|CS|TAMS 0x00000007eea00000| PB 0x00000007eea00000| Complete 
|1910|0x00000007eec00000, 0x00000007eee00000, 0x00000007eee00000|100%| E|CS|TAMS 0x00000007eec00000| PB 0x00000007eec00000| Complete 
|1911|0x00000007eee00000, 0x00000007ef000000, 0x00000007ef000000|100%| E|CS|TAMS 0x00000007eee00000| PB 0x00000007eee00000| Complete 
|1912|0x00000007ef000000, 0x00000007ef200000, 0x00000007ef200000|100%| E|CS|TAMS 0x00000007ef000000| PB 0x00000007ef000000| Complete 
|1913|0x00000007ef200000, 0x00000007ef400000, 0x00000007ef400000|100%| E|CS|TAMS 0x00000007ef200000| PB 0x00000007ef200000| Complete 
|1914|0x00000007ef400000, 0x00000007ef600000, 0x00000007ef600000|100%| E|CS|TAMS 0x00000007ef400000| PB 0x00000007ef400000| Complete 
|1915|0x00000007ef600000, 0x00000007ef800000, 0x00000007ef800000|100%| O|Cm|TAMS 0x00000007ef600000| PB 0x00000007ef600000| Complete 
|1916|0x00000007ef800000, 0x00000007efa00000, 0x00000007efa00000|100%| E|CS|TAMS 0x00000007ef800000| PB 0x00000007ef800000| Complete 
|1917|0x00000007efa00000, 0x00000007efc00000, 0x00000007efc00000|100%| E|CS|TAMS 0x00000007efa00000| PB 0x00000007efa00000| Complete 
|1918|0x00000007efc00000, 0x00000007efe00000, 0x00000007efe00000|100%| E|CS|TAMS 0x00000007efc00000| PB 0x00000007efc00000| Complete 
|1919|0x00000007efe00000, 0x00000007f0000000, 0x00000007f0000000|100%| E|CS|TAMS 0x00000007efe00000| PB 0x00000007efe00000| Complete 
|1920|0x00000007f0000000, 0x00000007f0200000, 0x00000007f0200000|100%| E|CS|TAMS 0x00000007f0000000| PB 0x00000007f0000000| Complete 
|1921|0x00000007f0200000, 0x00000007f0400000, 0x00000007f0400000|100%| E|CS|TAMS 0x00000007f0200000| PB 0x00000007f0200000| Complete 
|1922|0x00000007f0400000, 0x00000007f0600000, 0x00000007f0600000|100%| E|CS|TAMS 0x00000007f0400000| PB 0x00000007f0400000| Complete 
|1923|0x00000007f0600000, 0x00000007f0800000, 0x00000007f0800000|100%| E|CS|TAMS 0x00000007f0600000| PB 0x00000007f0600000| Complete 
|1924|0x00000007f0800000, 0x00000007f0a00000, 0x00000007f0a00000|100%| E|CS|TAMS 0x00000007f0800000| PB 0x00000007f0800000| Complete 
|1925|0x00000007f0a00000, 0x00000007f0c00000, 0x00000007f0c00000|100%| E|CS|TAMS 0x00000007f0a00000| PB 0x00000007f0a00000| Complete 
|1926|0x00000007f0c00000, 0x00000007f0e00000, 0x00000007f0e00000|100%| E|CS|TAMS 0x00000007f0c00000| PB 0x00000007f0c00000| Complete 
|1927|0x00000007f0e00000, 0x00000007f1000000, 0x00000007f1000000|100%| E|CS|TAMS 0x00000007f0e00000| PB 0x00000007f0e00000| Complete 
|1928|0x00000007f1000000, 0x00000007f1200000, 0x00000007f1200000|100%| E|CS|TAMS 0x00000007f1000000| PB 0x00000007f1000000| Complete 
|1929|0x00000007f1200000, 0x00000007f1400000, 0x00000007f1400000|100%| E|CS|TAMS 0x00000007f1200000| PB 0x00000007f1200000| Complete 
|1930|0x00000007f1400000, 0x00000007f1600000, 0x00000007f1600000|100%| E|CS|TAMS 0x00000007f1400000| PB 0x00000007f1400000| Complete 
|1931|0x00000007f1600000, 0x00000007f1800000, 0x00000007f1800000|100%| E|CS|TAMS 0x00000007f1600000| PB 0x00000007f1600000| Complete 
|1932|0x00000007f1800000, 0x00000007f1a00000, 0x00000007f1a00000|100%| E|CS|TAMS 0x00000007f1800000| PB 0x00000007f1800000| Complete 
|1933|0x00000007f1a00000, 0x00000007f1c00000, 0x00000007f1c00000|100%| E|CS|TAMS 0x00000007f1a00000| PB 0x00000007f1a00000| Complete 
|1934|0x00000007f1c00000, 0x00000007f1e00000, 0x00000007f1e00000|100%| E|CS|TAMS 0x00000007f1c00000| PB 0x00000007f1c00000| Complete 
|1935|0x00000007f1e00000, 0x00000007f2000000, 0x00000007f2000000|100%| E|CS|TAMS 0x00000007f1e00000| PB 0x00000007f1e00000| Complete 
|1936|0x00000007f2000000, 0x00000007f2200000, 0x00000007f2200000|100%| E|CS|TAMS 0x00000007f2000000| PB 0x00000007f2000000| Complete 
|1937|0x00000007f2200000, 0x00000007f2400000, 0x00000007f2400000|100%| E|CS|TAMS 0x00000007f2200000| PB 0x00000007f2200000| Complete 
|1938|0x00000007f2400000, 0x00000007f2600000, 0x00000007f2600000|100%| E|CS|TAMS 0x00000007f2400000| PB 0x00000007f2400000| Complete 
|1939|0x00000007f2600000, 0x00000007f2800000, 0x00000007f2800000|100%| E|CS|TAMS 0x00000007f2600000| PB 0x00000007f2600000| Complete 
|1940|0x00000007f2800000, 0x00000007f2a00000, 0x00000007f2a00000|100%| E|CS|TAMS 0x00000007f2800000| PB 0x00000007f2800000| Complete 
|1941|0x00000007f2a00000, 0x00000007f2c00000, 0x00000007f2c00000|100%| E|CS|TAMS 0x00000007f2a00000| PB 0x00000007f2a00000| Complete 
|1942|0x00000007f2c00000, 0x00000007f2e00000, 0x00000007f2e00000|100%| E|CS|TAMS 0x00000007f2c00000| PB 0x00000007f2c00000| Complete 
|1943|0x00000007f2e00000, 0x00000007f3000000, 0x00000007f3000000|100%| E|CS|TAMS 0x00000007f2e00000| PB 0x00000007f2e00000| Complete 
|1944|0x00000007f3000000, 0x00000007f3200000, 0x00000007f3200000|100%| E|CS|TAMS 0x00000007f3000000| PB 0x00000007f3000000| Complete 
|1945|0x00000007f3200000, 0x00000007f3400000, 0x00000007f3400000|100%| E|CS|TAMS 0x00000007f3200000| PB 0x00000007f3200000| Complete 
|1946|0x00000007f3400000, 0x00000007f3600000, 0x00000007f3600000|100%| E|CS|TAMS 0x00000007f3400000| PB 0x00000007f3400000| Complete 
|1947|0x00000007f3600000, 0x00000007f3800000, 0x00000007f3800000|100%| E|CS|TAMS 0x00000007f3600000| PB 0x00000007f3600000| Complete 
|1948|0x00000007f3800000, 0x00000007f3a00000, 0x00000007f3a00000|100%| E|CS|TAMS 0x00000007f3800000| PB 0x00000007f3800000| Complete 
|1949|0x00000007f3a00000, 0x00000007f3c00000, 0x00000007f3c00000|100%| E|CS|TAMS 0x00000007f3a00000| PB 0x00000007f3a00000| Complete 
|1950|0x00000007f3c00000, 0x00000007f3e00000, 0x00000007f3e00000|100%| E|CS|TAMS 0x00000007f3c00000| PB 0x00000007f3c00000| Complete 
|1951|0x00000007f3e00000, 0x00000007f4000000, 0x00000007f4000000|100%| E|CS|TAMS 0x00000007f3e00000| PB 0x00000007f3e00000| Complete 
|1952|0x00000007f4000000, 0x00000007f4200000, 0x00000007f4200000|100%| E|CS|TAMS 0x00000007f4000000| PB 0x00000007f4000000| Complete 
|1953|0x00000007f4200000, 0x00000007f4400000, 0x00000007f4400000|100%| E|CS|TAMS 0x00000007f4200000| PB 0x00000007f4200000| Complete 
|1954|0x00000007f4400000, 0x00000007f4600000, 0x00000007f4600000|100%| E|CS|TAMS 0x00000007f4400000| PB 0x00000007f4400000| Complete 
|1955|0x00000007f4600000, 0x00000007f4800000, 0x00000007f4800000|100%| E|CS|TAMS 0x00000007f4600000| PB 0x00000007f4600000| Complete 
|1956|0x00000007f4800000, 0x00000007f4a00000, 0x00000007f4a00000|100%| E|CS|TAMS 0x00000007f4800000| PB 0x00000007f4800000| Complete 
|1957|0x00000007f4a00000, 0x00000007f4c00000, 0x00000007f4c00000|100%| E|CS|TAMS 0x00000007f4a00000| PB 0x00000007f4a00000| Complete 
|1958|0x00000007f4c00000, 0x00000007f4e00000, 0x00000007f4e00000|100%| E|CS|TAMS 0x00000007f4c00000| PB 0x00000007f4c00000| Complete 
|1959|0x00000007f4e00000, 0x00000007f5000000, 0x00000007f5000000|100%| E|CS|TAMS 0x00000007f4e00000| PB 0x00000007f4e00000| Complete 
|1960|0x00000007f5000000, 0x00000007f5200000, 0x00000007f5200000|100%| E|CS|TAMS 0x00000007f5000000| PB 0x00000007f5000000| Complete 
|1961|0x00000007f5200000, 0x00000007f5400000, 0x00000007f5400000|100%| E|CS|TAMS 0x00000007f5200000| PB 0x00000007f5200000| Complete 
|1962|0x00000007f5400000, 0x00000007f5600000, 0x00000007f5600000|100%| E|CS|TAMS 0x00000007f5400000| PB 0x00000007f5400000| Complete 
|1963|0x00000007f5600000, 0x00000007f5800000, 0x00000007f5800000|100%| E|CS|TAMS 0x00000007f5600000| PB 0x00000007f5600000| Complete 
|1964|0x00000007f5800000, 0x00000007f5a00000, 0x00000007f5a00000|100%| E|CS|TAMS 0x00000007f5800000| PB 0x00000007f5800000| Complete 
|1965|0x00000007f5a00000, 0x00000007f5c00000, 0x00000007f5c00000|100%| E|CS|TAMS 0x00000007f5a00000| PB 0x00000007f5a00000| Complete 
|1966|0x00000007f5c00000, 0x00000007f5e00000, 0x00000007f5e00000|100%| E|CS|TAMS 0x00000007f5c00000| PB 0x00000007f5c00000| Complete 
|1967|0x00000007f5e00000, 0x00000007f6000000, 0x00000007f6000000|100%| E|CS|TAMS 0x00000007f5e00000| PB 0x00000007f5e00000| Complete 
|1968|0x00000007f6000000, 0x00000007f6200000, 0x00000007f6200000|100%| E|CS|TAMS 0x00000007f6000000| PB 0x00000007f6000000| Complete 
|1969|0x00000007f6200000, 0x00000007f6400000, 0x00000007f6400000|100%| E|CS|TAMS 0x00000007f6200000| PB 0x00000007f6200000| Complete 
|1970|0x00000007f6400000, 0x00000007f6600000, 0x00000007f6600000|100%| E|CS|TAMS 0x00000007f6400000| PB 0x00000007f6400000| Complete 
|1971|0x00000007f6600000, 0x00000007f6800000, 0x00000007f6800000|100%| E|CS|TAMS 0x00000007f6600000| PB 0x00000007f6600000| Complete 
|1972|0x00000007f6800000, 0x00000007f6a00000, 0x00000007f6a00000|100%| E|CS|TAMS 0x00000007f6800000| PB 0x00000007f6800000| Complete 
|1973|0x00000007f6a00000, 0x00000007f6c00000, 0x00000007f6c00000|100%| E|CS|TAMS 0x00000007f6a00000| PB 0x00000007f6a00000| Complete 
|1974|0x00000007f6c00000, 0x00000007f6e00000, 0x00000007f6e00000|100%| E|CS|TAMS 0x00000007f6c00000| PB 0x00000007f6c00000| Complete 
|1975|0x00000007f6e00000, 0x00000007f7000000, 0x00000007f7000000|100%| E|CS|TAMS 0x00000007f6e00000| PB 0x00000007f6e00000| Complete 
|1976|0x00000007f7000000, 0x00000007f7200000, 0x00000007f7200000|100%| E|CS|TAMS 0x00000007f7000000| PB 0x00000007f7000000| Complete 
|1977|0x00000007f7200000, 0x00000007f7400000, 0x00000007f7400000|100%| E|CS|TAMS 0x00000007f7200000| PB 0x00000007f7200000| Complete 
|1978|0x00000007f7400000, 0x00000007f7600000, 0x00000007f7600000|100%| E|CS|TAMS 0x00000007f7400000| PB 0x00000007f7400000| Complete 
|1979|0x00000007f7600000, 0x00000007f7800000, 0x00000007f7800000|100%| E|CS|TAMS 0x00000007f7600000| PB 0x00000007f7600000| Complete 
|1980|0x00000007f7800000, 0x00000007f7a00000, 0x00000007f7a00000|100%| E|CS|TAMS 0x00000007f7800000| PB 0x00000007f7800000| Complete 
|1981|0x00000007f7a00000, 0x00000007f7c00000, 0x00000007f7c00000|100%| E|CS|TAMS 0x00000007f7a00000| PB 0x00000007f7a00000| Complete 
|1982|0x00000007f7c00000, 0x00000007f7e00000, 0x00000007f7e00000|100%| E|CS|TAMS 0x00000007f7c00000| PB 0x00000007f7c00000| Complete 
|1983|0x00000007f7e00000, 0x00000007f8000000, 0x00000007f8000000|100%| E|CS|TAMS 0x00000007f7e00000| PB 0x00000007f7e00000| Complete 
|1984|0x00000007f8000000, 0x00000007f8200000, 0x00000007f8200000|100%| E|CS|TAMS 0x00000007f8000000| PB 0x00000007f8000000| Complete 
|1985|0x00000007f8200000, 0x00000007f8400000, 0x00000007f8400000|100%| E|CS|TAMS 0x00000007f8200000| PB 0x00000007f8200000| Complete 
|1986|0x00000007f8400000, 0x00000007f8600000, 0x00000007f8600000|100%| E|CS|TAMS 0x00000007f8400000| PB 0x00000007f8400000| Complete 
|1987|0x00000007f8600000, 0x00000007f8800000, 0x00000007f8800000|100%| E|CS|TAMS 0x00000007f8600000| PB 0x00000007f8600000| Complete 
|1988|0x00000007f8800000, 0x00000007f8a00000, 0x00000007f8a00000|100%| E|CS|TAMS 0x00000007f8800000| PB 0x00000007f8800000| Complete 
|1989|0x00000007f8a00000, 0x00000007f8c00000, 0x00000007f8c00000|100%| E|CS|TAMS 0x00000007f8a00000| PB 0x00000007f8a00000| Complete 
|1990|0x00000007f8c00000, 0x00000007f8e00000, 0x00000007f8e00000|100%| E|CS|TAMS 0x00000007f8c00000| PB 0x00000007f8c00000| Complete 
|1991|0x00000007f8e00000, 0x00000007f9000000, 0x00000007f9000000|100%| E|CS|TAMS 0x00000007f8e00000| PB 0x00000007f8e00000| Complete 
|1992|0x00000007f9000000, 0x00000007f9200000, 0x00000007f9200000|100%| E|CS|TAMS 0x00000007f9000000| PB 0x00000007f9000000| Complete 
|1993|0x00000007f9200000, 0x00000007f9400000, 0x00000007f9400000|100%| E|CS|TAMS 0x00000007f9200000| PB 0x00000007f9200000| Complete 
|1994|0x00000007f9400000, 0x00000007f9600000, 0x00000007f9600000|100%| E|CS|TAMS 0x00000007f9400000| PB 0x00000007f9400000| Complete 
|1995|0x00000007f9600000, 0x00000007f9800000, 0x00000007f9800000|100%| E|CS|TAMS 0x00000007f9600000| PB 0x00000007f9600000| Complete 
|1996|0x00000007f9800000, 0x00000007f9a00000, 0x00000007f9a00000|100%| E|CS|TAMS 0x00000007f9800000| PB 0x00000007f9800000| Complete 
|1997|0x00000007f9a00000, 0x00000007f9c00000, 0x00000007f9c00000|100%| E|CS|TAMS 0x00000007f9a00000| PB 0x00000007f9a00000| Complete 
|1998|0x00000007f9c00000, 0x00000007f9e00000, 0x00000007f9e00000|100%| E|CS|TAMS 0x00000007f9c00000| PB 0x00000007f9c00000| Complete 
|1999|0x00000007f9e00000, 0x00000007fa000000, 0x00000007fa000000|100%| E|CS|TAMS 0x00000007f9e00000| PB 0x00000007f9e00000| Complete 
|2000|0x00000007fa000000, 0x00000007fa200000, 0x00000007fa200000|100%| E|CS|TAMS 0x00000007fa000000| PB 0x00000007fa000000| Complete 
|2001|0x00000007fa200000, 0x00000007fa400000, 0x00000007fa400000|100%| E|CS|TAMS 0x00000007fa200000| PB 0x00000007fa200000| Complete 
|2002|0x00000007fa400000, 0x00000007fa600000, 0x00000007fa600000|100%| E|CS|TAMS 0x00000007fa400000| PB 0x00000007fa400000| Complete 
|2003|0x00000007fa600000, 0x00000007fa800000, 0x00000007fa800000|100%| E|CS|TAMS 0x00000007fa600000| PB 0x00000007fa600000| Complete 
|2004|0x00000007fa800000, 0x00000007faa00000, 0x00000007faa00000|100%| E|CS|TAMS 0x00000007fa800000| PB 0x00000007fa800000| Complete 
|2005|0x00000007faa00000, 0x00000007fac00000, 0x00000007fac00000|100%| E|CS|TAMS 0x00000007faa00000| PB 0x00000007faa00000| Complete 
|2006|0x00000007fac00000, 0x00000007fae00000, 0x00000007fae00000|100%| E|CS|TAMS 0x00000007fac00000| PB 0x00000007fac00000| Complete 
|2007|0x00000007fae00000, 0x00000007fb000000, 0x00000007fb000000|100%| E|CS|TAMS 0x00000007fae00000| PB 0x00000007fae00000| Complete 
|2008|0x00000007fb000000, 0x00000007fb200000, 0x00000007fb200000|100%| E|CS|TAMS 0x00000007fb000000| PB 0x00000007fb000000| Complete 
|2009|0x00000007fb200000, 0x00000007fb400000, 0x00000007fb400000|100%| E|CS|TAMS 0x00000007fb200000| PB 0x00000007fb200000| Complete 
|2010|0x00000007fb400000, 0x00000007fb600000, 0x00000007fb600000|100%| E|CS|TAMS 0x00000007fb400000| PB 0x00000007fb400000| Complete 
|2011|0x00000007fb600000, 0x00000007fb800000, 0x00000007fb800000|100%| E|CS|TAMS 0x00000007fb600000| PB 0x00000007fb600000| Complete 
|2012|0x00000007fb800000, 0x00000007fba00000, 0x00000007fba00000|100%| E|CS|TAMS 0x00000007fb800000| PB 0x00000007fb800000| Complete 
|2013|0x00000007fba00000, 0x00000007fbc00000, 0x00000007fbc00000|100%| E|CS|TAMS 0x00000007fba00000| PB 0x00000007fba00000| Complete 
|2014|0x00000007fbc00000, 0x00000007fbe00000, 0x00000007fbe00000|100%| E|CS|TAMS 0x00000007fbc00000| PB 0x00000007fbc00000| Complete 
|2015|0x00000007fbe00000, 0x00000007fc000000, 0x00000007fc000000|100%| E|CS|TAMS 0x00000007fbe00000| PB 0x00000007fbe00000| Complete 
|2016|0x00000007fc000000, 0x00000007fc200000, 0x00000007fc200000|100%| E|CS|TAMS 0x00000007fc000000| PB 0x00000007fc000000| Complete 
|2017|0x00000007fc200000, 0x00000007fc400000, 0x00000007fc400000|100%| E|CS|TAMS 0x00000007fc200000| PB 0x00000007fc200000| Complete 
|2018|0x00000007fc400000, 0x00000007fc600000, 0x00000007fc600000|100%| E|CS|TAMS 0x00000007fc400000| PB 0x00000007fc400000| Complete 
|2019|0x00000007fc600000, 0x00000007fc800000, 0x00000007fc800000|100%| E|CS|TAMS 0x00000007fc600000| PB 0x00000007fc600000| Complete 
|2020|0x00000007fc800000, 0x00000007fca00000, 0x00000007fca00000|100%| E|CS|TAMS 0x00000007fc800000| PB 0x00000007fc800000| Complete 
|2021|0x00000007fca00000, 0x00000007fcc00000, 0x00000007fcc00000|100%| E|CS|TAMS 0x00000007fca00000| PB 0x00000007fca00000| Complete 
|2022|0x00000007fcc00000, 0x00000007fce00000, 0x00000007fce00000|100%| E|CS|TAMS 0x00000007fcc00000| PB 0x00000007fcc00000| Complete 
|2023|0x00000007fce00000, 0x00000007fd000000, 0x00000007fd000000|100%| E|CS|TAMS 0x00000007fce00000| PB 0x00000007fce00000| Complete 
|2024|0x00000007fd000000, 0x00000007fd200000, 0x00000007fd200000|100%| E|CS|TAMS 0x00000007fd000000| PB 0x00000007fd000000| Complete 
|2025|0x00000007fd200000, 0x00000007fd400000, 0x00000007fd400000|100%| E|CS|TAMS 0x00000007fd200000| PB 0x00000007fd200000| Complete 
|2026|0x00000007fd400000, 0x00000007fd600000, 0x00000007fd600000|100%| E|CS|TAMS 0x00000007fd400000| PB 0x00000007fd400000| Complete 
|2027|0x00000007fd600000, 0x00000007fd800000, 0x00000007fd800000|100%| E|CS|TAMS 0x00000007fd600000| PB 0x00000007fd600000| Complete 
|2028|0x00000007fd800000, 0x00000007fda00000, 0x00000007fda00000|100%| O|  |TAMS 0x00000007fd800000| PB 0x00000007fd800000| Untracked 
|2029|0x00000007fda00000, 0x00000007fdc00000, 0x00000007fdc00000|100%| E|CS|TAMS 0x00000007fda00000| PB 0x00000007fda00000| Complete 
|2030|0x00000007fdc00000, 0x00000007fde00000, 0x00000007fde00000|100%| O|  |TAMS 0x00000007fdc00000| PB 0x00000007fdc00000| Untracked 
|2031|0x00000007fde00000, 0x00000007fe000000, 0x00000007fe000000|100%| O|Cm|TAMS 0x00000007fde00000| PB 0x00000007fde00000| Complete 
|2032|0x00000007fe000000, 0x00000007fe200000, 0x00000007fe200000|100%| E|CS|TAMS 0x00000007fe000000| PB 0x00000007fe000000| Complete 
|2033|0x00000007fe200000, 0x00000007fe400000, 0x00000007fe400000|100%| E|CS|TAMS 0x00000007fe200000| PB 0x00000007fe200000| Complete 
|2034|0x00000007fe400000, 0x00000007fe600000, 0x00000007fe600000|100%| E|CS|TAMS 0x00000007fe400000| PB 0x00000007fe400000| Complete 
|2035|0x00000007fe600000, 0x00000007fe800000, 0x00000007fe800000|100%| E|CS|TAMS 0x00000007fe600000| PB 0x00000007fe600000| Complete 
|2036|0x00000007fe800000, 0x00000007fea00000, 0x00000007fea00000|100%| E|CS|TAMS 0x00000007fe800000| PB 0x00000007fe800000| Complete 
|2037|0x00000007fea00000, 0x00000007fec00000, 0x00000007fec00000|100%| E|CS|TAMS 0x00000007fea00000| PB 0x00000007fea00000| Complete 
|2038|0x00000007fec00000, 0x00000007fee00000, 0x00000007fee00000|100%| E|CS|TAMS 0x00000007fec00000| PB 0x00000007fec00000| Complete 
|2039|0x00000007fee00000, 0x00000007ff000000, 0x00000007ff000000|100%| E|CS|TAMS 0x00000007fee00000| PB 0x00000007fee00000| Complete 
|2040|0x00000007ff000000, 0x00000007ff200000, 0x00000007ff200000|100%| E|CS|TAMS 0x00000007ff000000| PB 0x00000007ff000000| Complete 
|2041|0x00000007ff200000, 0x00000007ff400000, 0x00000007ff400000|100%| E|CS|TAMS 0x00000007ff200000| PB 0x00000007ff200000| Complete 
|2042|0x00000007ff400000, 0x00000007ff600000, 0x00000007ff600000|100%| E|CS|TAMS 0x00000007ff400000| PB 0x00000007ff400000| Complete 
|2043|0x00000007ff600000, 0x00000007ff800000, 0x00000007ff800000|100%| O|Cm|TAMS 0x00000007ff600000| PB 0x00000007ff600000| Complete 
|2044|0x00000007ff800000, 0x00000007ffa00000, 0x00000007ffa00000|100%| O|  |TAMS 0x00000007ff800000| PB 0x00000007ff800000| Untracked 
|2045|0x00000007ffa00000, 0x00000007ffc00000, 0x00000007ffc00000|100%| O|  |TAMS 0x00000007ffa00000| PB 0x00000007ffa00000| Untracked 
|2046|0x00000007ffc00000, 0x00000007ffe00000, 0x00000007ffe00000|100%| O|  |TAMS 0x00000007ffc00000| PB 0x00000007ffc00000| Untracked 
|2047|0x00000007ffe00000, 0x0000000800000000, 0x0000000800000000|100%| O|  |TAMS 0x00000007ffe00000| PB 0x00000007ffe00000| Untracked 

Card table byte_map: [0x00000222d5480000,0x00000222d5c80000] _byte_map_base: 0x00000222d1c80000

Marking Bits: (CMBitMap*) 0x00000222c2636e00
 Bits: [0x00000222d5c80000, 0x00000222d9c80000)

Polling page: 0x00000222c0210000

Metaspace:

Usage:
  Non-class:    275.99 MB used.
      Class:     38.75 MB used.
       Both:    314.74 MB used.

Virtual space:
  Non-class space:      320.00 MB reserved,     277.69 MB ( 87%) committed,  5 nodes.
      Class space:        1.00 GB reserved,      41.25 MB (  4%) committed,  1 nodes.
             Both:        1.31 GB reserved,     318.94 MB ( 24%) committed. 

Chunk freelists:
   Non-Class:  42.09 MB
       Class:  7.61 MB
        Both:  49.70 MB

MaxMetaspaceSize: unlimited
CompressedClassSpaceSize: 1.00 GB
Initial GC threshold: 21.00 MB
Current GC threshold: 587.50 MB
CDS: off
 - commit_granule_bytes: 65536.
 - commit_granule_words: 8192.
 - virtual_space_node_default_size: 8388608.
 - enlarge_chunks_in_place: 1.
 - use_allocation_guard: 0.


Internal statistics:

num_allocs_failed_limit: 12.
num_arena_births: 10742.
num_arena_deaths: 4768.
num_vsnodes_births: 6.
num_vsnodes_deaths: 0.
num_space_committed: 8590.
num_space_uncommitted: 1337.
num_chunks_returned_to_freelist: 19040.
num_chunks_taken_from_freelist: 40179.
num_chunk_merges: 5442.
num_chunk_splits: 24128.
num_chunks_enlarged: 18041.
num_inconsistent_stats: 0.

CodeHeap 'non-profiled nmethods': size=120000Kb used=55314Kb max_used=82208Kb free=64685Kb
 bounds [0x00000222cd200000, 0x00000222d2250000, 0x00000222d4730000]
CodeHeap 'profiled nmethods': size=120000Kb used=57182Kb max_used=79466Kb free=62817Kb
 bounds [0x00000222c5730000, 0x00000222ca4e0000, 0x00000222ccc60000]
CodeHeap 'non-nmethods': size=5760Kb used=3290Kb max_used=3509Kb free=2469Kb
 bounds [0x00000222ccc60000, 0x00000222ccfe0000, 0x00000222cd200000]
CodeCache: size=245760Kb, used=115786Kb, max_used=165183Kb, free=129971Kb
 total_blobs=35547, nmethods=34056, adapters=1390, full_count=0
Compilation: enabled, stopped_count=0, restarted_count=0

Compilation events (20 events):
Event: 12016.207 Thread 0x00000222dcab46a0 nmethod 558175 0x00000222c602f690 code [0x00000222c602f860, 0x00000222c602fbe0]
Event: 12016.207 Thread 0x00000222dcab46a0 558172       3       ksp.com.intellij.psi.impl.source.tree.java.PsiJavaTokenImpl::accept (32 bytes)
Event: 12016.207 Thread 0x00000222dcab46a0 nmethod 558172 0x00000222c602ec90 code [0x00000222c602ee80, 0x00000222c602f4e8]
Event: 12016.207 Thread 0x00000222dcab46a0 558173       3       ksp.com.intellij.psi.impl.source.tree.CompositePsiElement::getPrevSibling (20 bytes)
Event: 12016.207 Thread 0x00000222dcab46a0 nmethod 558173 0x00000222c602e790 code [0x00000222c602e940, 0x00000222c602eba0]
Event: 12016.207 Thread 0x00000222dcab46a0 558184       2       ksp.com.intellij.psi.scope.processor.FilterScopeProcessor::execute (71 bytes)
Event: 12016.208 Thread 0x00000222dcab46a0 nmethod 558184 0x00000222c602e090 code [0x00000222c602e2a0, 0x00000222c602e5d0]
Event: 12016.208 Thread 0x00000222dcab46a0 558162       2       ksp.com.intellij.psi.impl.source.tree.java.PsiNameValuePairImpl::getName (39 bytes)
Event: 12016.208 Thread 0x00000222dcab46a0 nmethod 558162 0x00000222c602d810 code [0x00000222c602da40, 0x00000222c602de28]
Event: 12016.208 Thread 0x00000222dcab46a0 558163       2       ksp.com.intellij.psi.impl.source.tree.java.PsiNameValuePairImpl::getNameIdentifier (28 bytes)
Event: 12016.208 Thread 0x00000222dcab46a0 nmethod 558163 0x00000222c602d310 code [0x00000222c602d4e0, 0x00000222c602d6e0]
Event: 12016.208 Thread 0x00000222dcab46a0 558180       2       ksp.com.intellij.psi.impl.compiled.ClsEnumConstantImpl::hasModifierProperty (42 bytes)
Event: 12016.208 Thread 0x00000222dcab46a0 nmethod 558180 0x00000222c602ce90 code [0x00000222c602d060, 0x00000222c602d230]
Event: 12016.208 Thread 0x00000222dcab46a0 558181       2       ksp.com.intellij.psi.scope.conflictResolvers.JavaVariableConflictResolver::resolveConflict (512 bytes)
Event: 12016.210 Thread 0x00000222dcab46a0 nmethod 558181 0x00000222c602b210 code [0x00000222c602b620, 0x00000222c602c788]
Event: 12016.210 Thread 0x00000222dcab46a0 558182       2       ksp.com.intellij.psi.PsiVariable::isUnnamed (40 bytes)
Event: 12016.210 Thread 0x00000222dcab46a0 nmethod 558182 0x00000222c602ac90 code [0x00000222c602ae60, 0x00000222c602b0c8]
Event: 12016.210 Thread 0x00000222dcab46a0 558164       1       ksp.com.intellij.psi.impl.compiled.ClsArrayInitializerMemberValueImpl::getParent (5 bytes)
Event: 12016.210 Thread 0x00000222dcab46a0 nmethod 558164 0x00000222cf310710 code [0x00000222cf3108a0, 0x00000222cf310970]
Event: 12016.281 Thread 0x00000222dcab46a0 558188       2       ksp.org.jetbrains.kotlin.analysis.api.fir.symbols.FirSymbolUtilsKt::createRegularKtTypeParameters (207 bytes)

GC Heap History (20 events):
Event: 11961.593 GC heap before
{Heap before GC invocations=434 (full 1):
 garbage-first heap   total 4100096K, used 3048127K [0x0000000700000000, 0x0000000800000000)
  region size 2048K, 649 young (1329152K), 20 survivors (40960K)
 Metaspace       used 324162K, committed 331136K, reserved 1376256K
  class space    used 39669K, committed 43136K, reserved 1048576K
}
Event: 11961.824 GC heap after
{Heap after GC invocations=435 (full 1):
 garbage-first heap   total 4100096K, used 1881279K [0x0000000700000000, 0x0000000800000000)
  region size 2048K, 82 young (167936K), 82 survivors (167936K)
 Metaspace       used 324162K, committed 331136K, reserved 1376256K
  class space    used 39669K, committed 43136K, reserved 1048576K
}
Event: 11962.411 GC heap before
{Heap before GC invocations=435 (full 1):
 garbage-first heap   total 4100096K, used 2542783K [0x0000000700000000, 0x0000000800000000)
  region size 2048K, 387 young (792576K), 82 survivors (167936K)
 Metaspace       used 324578K, committed 331136K, reserved 1376256K
  class space    used 39746K, committed 43136K, reserved 1048576K
}
Event: 11962.630 GC heap after
{Heap after GC invocations=436 (full 1):
 garbage-first heap   total 4100096K, used 1727679K [0x0000000700000000, 0x0000000800000000)
  region size 2048K, 49 young (100352K), 49 survivors (100352K)
 Metaspace       used 324578K, committed 331136K, reserved 1376256K
  class space    used 39746K, committed 43136K, reserved 1048576K
}
Event: 11964.819 GC heap before
{Heap before GC invocations=436 (full 1):
 garbage-first heap   total 4100096K, used 3042495K [0x0000000700000000, 0x0000000800000000)
  region size 2048K, 691 young (1415168K), 49 survivors (100352K)
 Metaspace       used 324781K, committed 331136K, reserved 1376256K
  class space    used 39768K, committed 43136K, reserved 1048576K
}
Event: 11964.889 GC heap after
{Heap after GC invocations=437 (full 1):
 garbage-first heap   total 4100096K, used 1782975K [0x0000000700000000, 0x0000000800000000)
  region size 2048K, 31 young (63488K), 31 survivors (63488K)
 Metaspace       used 324781K, committed 331136K, reserved 1376256K
  class space    used 39768K, committed 43136K, reserved 1048576K
}
Event: 11966.425 GC heap before
{Heap before GC invocations=437 (full 1):
 garbage-first heap   total 4100096K, used 3226815K [0x0000000700000000, 0x0000000800000000)
  region size 2048K, 736 young (1507328K), 31 survivors (63488K)
 Metaspace       used 324792K, committed 331136K, reserved 1376256K
  class space    used 39769K, committed 43136K, reserved 1048576K
}
Event: 11966.475 GC heap after
{Heap after GC invocations=438 (full 1):
 garbage-first heap   total 4100096K, used 1848511K [0x0000000700000000, 0x0000000800000000)
  region size 2048K, 63 young (129024K), 63 survivors (129024K)
 Metaspace       used 324792K, committed 331136K, reserved 1376256K
  class space    used 39769K, committed 43136K, reserved 1048576K
}
Event: 11968.072 GC heap before
{Heap before GC invocations=439 (full 1):
 garbage-first heap   total 4100096K, used 3122367K [0x0000000700000000, 0x0000000800000000)
  region size 2048K, 760 young (1556480K), 63 survivors (129024K)
 Metaspace       used 324798K, committed 331136K, reserved 1376256K
  class space    used 39769K, committed 43136K, reserved 1048576K
}
Event: 11968.145 GC heap after
{Heap after GC invocations=440 (full 1):
 garbage-first heap   total 4100096K, used 1763519K [0x0000000700000000, 0x0000000800000000)
  region size 2048K, 66 young (135168K), 66 survivors (135168K)
 Metaspace       used 324798K, committed 331136K, reserved 1376256K
  class space    used 39769K, committed 43136K, reserved 1048576K
}
Event: 11972.226 GC heap before
{Heap before GC invocations=440 (full 1):
 garbage-first heap   total 4100096K, used 3524799K [0x0000000700000000, 0x0000000800000000)
  region size 2048K, 896 young (1835008K), 66 survivors (135168K)
 Metaspace       used 330097K, committed 334400K, reserved 1376256K
  class space    used 40587K, committed 43136K, reserved 1048576K
}
Event: 11972.300 GC heap after
{Heap after GC invocations=441 (full 1):
 garbage-first heap   total 4100096K, used 1892543K [0x0000000700000000, 0x0000000800000000)
  region size 2048K, 69 young (141312K), 69 survivors (141312K)
 Metaspace       used 330097K, committed 334400K, reserved 1376256K
  class space    used 40587K, committed 43136K, reserved 1048576K
}
Event: 11980.226 GC heap before
{Heap before GC invocations=441 (full 1):
 garbage-first heap   total 4118528K, used 4114623K [0x0000000700000000, 0x0000000800000000)
  region size 2048K, 341 young (698368K), 69 survivors (141312K)
 Metaspace       used 330615K, committed 334848K, reserved 1376256K
  class space    used 40642K, committed 43136K, reserved 1048576K
}
Event: 11980.295 GC heap after
{Heap after GC invocations=442 (full 1):
 garbage-first heap   total 4194304K, used 2430143K [0x0000000700000000, 0x0000000800000000)
  region size 2048K, 21 young (43008K), 21 survivors (43008K)
 Metaspace       used 330615K, committed 334848K, reserved 1376256K
  class space    used 40642K, committed 43136K, reserved 1048576K
}
Event: 11990.346 GC heap before
{Heap before GC invocations=442 (full 1):
 garbage-first heap   total 4194304K, used 2909375K [0x0000000700000000, 0x0000000800000000)
  region size 2048K, 257 young (526336K), 21 survivors (43008K)
 Metaspace       used 331001K, committed 335232K, reserved 1376256K
  class space    used 40683K, committed 43136K, reserved 1048576K
}
Event: 11990.395 GC heap after
{Heap after GC invocations=443 (full 1):
 garbage-first heap   total 4194304K, used 2459839K [0x0000000700000000, 0x0000000800000000)
  region size 2048K, 46 young (94208K), 46 survivors (94208K)
 Metaspace       used 331001K, committed 335232K, reserved 1376256K
  class space    used 40683K, committed 43136K, reserved 1048576K
}
Event: 12001.081 GC heap before
{Heap before GC invocations=444 (full 1):
 garbage-first heap   total 4194304K, used 2992319K [0x0000000700000000, 0x0000000800000000)
  region size 2048K, 490 young (1003520K), 46 survivors (94208K)
 Metaspace       used 331289K, committed 335488K, reserved 1376256K
  class space    used 40706K, committed 43136K, reserved 1048576K
}
Event: 12001.164 GC heap after
{Heap after GC invocations=445 (full 1):
 garbage-first heap   total 4194304K, used 2171071K [0x0000000700000000, 0x0000000800000000)
  region size 2048K, 87 young (178176K), 87 survivors (178176K)
 Metaspace       used 331289K, committed 335488K, reserved 1376256K
  class space    used 40706K, committed 43136K, reserved 1048576K
}
Event: 12007.736 GC heap before
{Heap before GC invocations=446 (full 1):
 garbage-first heap   total 4194304K, used 2752703K [0x0000000700000000, 0x0000000800000000)
  region size 2048K, 391 young (800768K), 87 survivors (178176K)
 Metaspace       used 322282K, committed 326592K, reserved 1376256K
  class space    used 39675K, committed 42240K, reserved 1048576K
}
Event: 12007.875 GC heap after
{Heap after GC invocations=447 (full 1):
 garbage-first heap   total 4194304K, used 2262207K [0x0000000700000000, 0x0000000800000000)
  region size 2048K, 65 young (133120K), 65 survivors (133120K)
 Metaspace       used 322282K, committed 326592K, reserved 1376256K
  class space    used 39675K, committed 42240K, reserved 1048576K
}

Dll operation events (12 events):
Event: 0.017 Loaded shared library C:\Program Files\Android\Android Studio\jbr\bin\java.dll
Event: 0.021 Loaded shared library C:\Program Files\Android\Android Studio\jbr\bin\zip.dll
Event: 1.282 Loaded shared library C:\Program Files\Android\Android Studio\jbr\bin\verify.dll
Event: 4014.533 Unloaded dll "C:\Users\4\AppData\Local\Temp\sqlite-3.41.2.2-1fe0f09a-4c40-43be-a3ff-568dda68af91-sqlitejdbc.dll" [0x00007ff86dcf0000]
Event: 4780.776 Unloaded dll "C:\Users\4\AppData\Local\Temp\sqlite-3.41.2.2-59313f5a-8b4e-4902-8c84-2cf280695ea5-sqlitejdbc.dll" [0x00007ff844cf0000]
Event: 5967.633 Unloaded dll "C:\Users\4\AppData\Local\Temp\sqlite-3.41.2.2-cf38667b-88d1-4233-9bcd-b4aaac5e6e11-sqlitejdbc.dll" [0x00007ff844cf0000]
Event: 6412.316 Unloaded dll "C:\Users\4\AppData\Local\Temp\sqlite-3.41.2.2-81a00431-b06f-4920-8326-a5d71eef4cf8-sqlitejdbc.dll" [0x00007ff844cf0000]
Event: 6481.945 Unloaded dll "C:\Users\4\AppData\Local\Temp\sqlite-3.41.2.2-ae78e816-a3b1-459d-8b3f-1f571e260bc1-sqlitejdbc.dll" [0x00007ff86dcf0000]
Event: 10935.952 Unloaded dll "C:\Users\4\AppData\Local\Temp\sqlite-3.41.2.2-355bf252-86e5-4204-bbd3-2da4d3d8a24f-sqlitejdbc.dll" [0x00007ff83e6c0000]
Event: 11444.065 Unloaded dll "C:\Users\4\AppData\Local\Temp\sqlite-3.41.2.2-ab17df5e-1100-4447-bdfe-4fc303f5b398-sqlitejdbc.dll" [0x00007ff844cf0000]
Event: 11841.560 Unloaded dll "C:\Users\4\AppData\Local\Temp\sqlite-3.41.2.2-c09dfa64-9139-4c2b-b051-f87747b7827a-sqlitejdbc.dll" [0x00007ff83d1d0000]
Event: 11904.137 Unloaded dll "C:\Users\4\AppData\Local\Temp\sqlite-3.41.2.2-b993b63b-29e4-4956-8cdb-f72930360863-sqlitejdbc.dll" [0x00007ff844cf0000]

Deoptimization events (20 events):
Event: 12013.171 Thread 0x00000222efefebf0 DEOPT PACKING pc=0x00000222c7b6cda3 sp=0x0000003f909fa770
Event: 12013.171 Thread 0x00000222efefebf0 DEOPT UNPACKING pc=0x00000222cccb4bc2 sp=0x0000003f909f9b98 mode 0
Event: 12013.212 Thread 0x00000222efefebf0 DEOPT PACKING pc=0x00000222c9e595f6 sp=0x0000003f909fa700
Event: 12013.212 Thread 0x00000222efefebf0 DEOPT UNPACKING pc=0x00000222cccb4bc2 sp=0x0000003f909f9b68 mode 0
Event: 12013.663 Thread 0x00000222efefebf0 DEOPT PACKING pc=0x00000222c88b9ddf sp=0x0000003f909fb490
Event: 12013.663 Thread 0x00000222efefebf0 DEOPT UNPACKING pc=0x00000222cccb4bc2 sp=0x0000003f909fa938 mode 0
Event: 12013.736 Thread 0x00000222efefebf0 DEOPT PACKING pc=0x00000222ca4a222c sp=0x0000003f909f8c50
Event: 12013.736 Thread 0x00000222efefebf0 DEOPT UNPACKING pc=0x00000222cccb4bc2 sp=0x0000003f909f8148 mode 0
Event: 12013.784 Thread 0x00000222efefebf0 DEOPT PACKING pc=0x00000222c9e595f6 sp=0x0000003f909fb170
Event: 12013.784 Thread 0x00000222efefebf0 DEOPT UNPACKING pc=0x00000222cccb4bc2 sp=0x0000003f909fa5d0 mode 0
Event: 12014.478 Thread 0x00000222efefebf0 DEOPT PACKING pc=0x00000222c9e595f6 sp=0x0000003f909fb4c0
Event: 12014.478 Thread 0x00000222efefebf0 DEOPT UNPACKING pc=0x00000222cccb4bc2 sp=0x0000003f909fa920 mode 0
Event: 12014.642 Thread 0x00000222efefebf0 DEOPT PACKING pc=0x00000222c9bbaf5a sp=0x0000003f909fbb00
Event: 12014.642 Thread 0x00000222efefebf0 DEOPT UNPACKING pc=0x00000222cccb4bc2 sp=0x0000003f909fafa8 mode 0
Event: 12015.230 Thread 0x00000222efefebf0 DEOPT PACKING pc=0x00000222c9e595f6 sp=0x0000003f909fada0
Event: 12015.230 Thread 0x00000222efefebf0 DEOPT UNPACKING pc=0x00000222cccb4bc2 sp=0x0000003f909fa208 mode 0
Event: 12015.565 Thread 0x00000222efefebf0 DEOPT PACKING pc=0x00000222c88b9ddf sp=0x0000003f909fb2d0
Event: 12015.565 Thread 0x00000222efefebf0 DEOPT UNPACKING pc=0x00000222cccb4bc2 sp=0x0000003f909fa778 mode 0
Event: 12016.158 Thread 0x00000222efefebf0 DEOPT PACKING pc=0x00000222c8f77062 sp=0x0000003f909fb700
Event: 12016.158 Thread 0x00000222efefebf0 DEOPT UNPACKING pc=0x00000222cccb4bc2 sp=0x0000003f909fab40 mode 0

Classes loaded (20 events):
Event: 11973.618 Loading class com/sun/crypto/provider/PBES2Parameters done
Event: 11973.619 Loading class com/sun/crypto/provider/PBES2Parameters$General done
Event: 11973.620 Loading class com/sun/crypto/provider/PBES2Core$HmacSHA256AndAES_256
Event: 11973.620 Loading class com/sun/crypto/provider/PBES2Core
Event: 11973.620 Loading class com/sun/crypto/provider/PBES2Core done
Event: 11973.620 Loading class com/sun/crypto/provider/PBES2Core$HmacSHA256AndAES_256 done
Event: 11973.620 Loading class sun/security/util/PBEUtil$PBES2Params
Event: 11973.622 Loading class sun/security/util/PBEUtil$PBES2Params done
Event: 11973.622 Loading class com/sun/crypto/provider/PBKDF2Core$HmacSHA256
Event: 11973.622 Loading class com/sun/crypto/provider/PBKDF2Core
Event: 11973.622 Loading class com/sun/crypto/provider/PBKDF2Core done
Event: 11973.622 Loading class com/sun/crypto/provider/PBKDF2Core$HmacSHA256 done
Event: 11973.622 Loading class com/sun/crypto/provider/PBKDF2KeyImpl
Event: 11973.622 Loading class com/sun/crypto/provider/PBKDF2KeyImpl done
Event: 11973.622 Loading class com/sun/crypto/provider/PBKDF2KeyImpl$1
Event: 11973.623 Loading class com/sun/crypto/provider/PBKDF2KeyImpl$1 done
Event: 11973.643 Loading class com/sun/crypto/provider/HmacPKCS12PBECore$HmacPKCS12PBE_SHA256
Event: 11973.644 Loading class com/sun/crypto/provider/HmacPKCS12PBECore$HmacPKCS12PBE_SHA256 done
Event: 11983.440 Loading class java/util/concurrent/CompletableFuture$Signaller
Event: 11983.440 Loading class java/util/concurrent/CompletableFuture$Signaller done

Classes unloaded (20 events):
Event: 12001.644 Thread 0x00000222dc92ec20 Unloading class 0x000000080295f060 'com/google/common/base/Function'
Event: 12001.644 Thread 0x00000222dc92ec20 Unloading class 0x000000080295edd0 'com/google/common/collect/Maps$8'
Event: 12001.644 Thread 0x00000222dc92ec20 Unloading class 0x000000080295eb50 'com/google/common/collect/UnmodifiableIterator'
Event: 12001.644 Thread 0x00000222dc92ec20 Unloading class 0x000000080295e918 'com/google/common/collect/Maps'
Event: 12001.644 Thread 0x00000222dc92ec20 Unloading class 0x000000080295e488 'com/google/common/collect/ImmutableEnumSet'
Event: 12001.644 Thread 0x00000222dc92ec20 Unloading class 0x000000080295e000 'com/google/common/collect/ImmutableSet'
Event: 12001.644 Thread 0x00000222dc92ec20 Unloading class 0x000000080295da20 'com/google/common/collect/ImmutableCollection'
Event: 12001.644 Thread 0x00000222dc92ec20 Unloading class 0x000000080295d5c8 'com/google/common/collect/Sets$3'
Event: 12001.644 Thread 0x00000222dc92ec20 Unloading class 0x000000080295d170 'com/google/common/collect/Sets$4'
Event: 12001.644 Thread 0x00000222dc92ec20 Unloading class 0x000000080295cd18 'com/google/common/collect/Sets$2'
Event: 12001.644 Thread 0x00000222dc92ec20 Unloading class 0x000000080295c8c0 'com/google/common/collect/Sets$1'
Event: 12001.644 Thread 0x00000222dc92ec20 Unloading class 0x000000080295c470 'com/google/common/collect/Sets$SetView'
Event: 12001.644 Thread 0x00000222dc92ec20 Unloading class 0x000000080295c238 'com/google/common/collect/Sets'
Event: 12001.644 Thread 0x00000222dc92ec20 Unloading class 0x000000080295c000 'android/databinding/tool/CompilerArguments$Companion'
Event: 12001.644 Thread 0x00000222dc92ec20 Unloading class 0x00000008020f1c38 'android/databinding/tool/CompilerArguments'
Event: 12001.644 Thread 0x00000222dc92ec20 Unloading class 0x00000008020f19e0 'android/databinding/tool/writer/AnnotationJavaFileWriter'
Event: 12001.644 Thread 0x00000222dc92ec20 Unloading class 0x00000008020f1790 'android/databinding/tool/writer/JavaFileWriter'
Event: 12001.644 Thread 0x00000222dc92ec20 Unloading class 0x00000008020f1560 'android/databinding/annotationprocessor/ProcessDataBinding$Callback'
Event: 12001.644 Thread 0x00000222dc92ec20 Unloading class 0x00000008020f12b8 'javax/xml/bind/JAXBException'
Event: 12001.644 Thread 0x00000222dc92ec20 Unloading class 0x00000008020f1000 'android/databinding/annotationprocessor/ProcessDataBinding'

Classes redefined (0 events):
No events

Internal exceptions (20 events):
Event: 12004.548 Thread 0x00000222efefebf0 Exception <a 'sun/nio/fs/WindowsException'{0x00000007e6c342b8}> (0x00000007e6c342b8) 
thrown [s\src\hotspot\share\prims\jni.cpp, line 537]
Event: 12004.548 Thread 0x00000222efefebf0 Exception <a 'sun/nio/fs/WindowsException'{0x00000007e6c35480}> (0x00000007e6c35480) 
thrown [s\src\hotspot\share\prims\jni.cpp, line 537]
Event: 12004.548 Thread 0x00000222efefebf0 Exception <a 'sun/nio/fs/WindowsException'{0x00000007e6c36620}> (0x00000007e6c36620) 
thrown [s\src\hotspot\share\prims\jni.cpp, line 537]
Event: 12004.548 Thread 0x00000222efefebf0 Exception <a 'sun/nio/fs/WindowsException'{0x00000007e6c377c8}> (0x00000007e6c377c8) 
thrown [s\src\hotspot\share\prims\jni.cpp, line 537]
Event: 12004.548 Thread 0x00000222efefebf0 Exception <a 'sun/nio/fs/WindowsException'{0x00000007e6c38968}> (0x00000007e6c38968) 
thrown [s\src\hotspot\share\prims\jni.cpp, line 537]
Event: 12004.548 Thread 0x00000222efefebf0 Exception <a 'sun/nio/fs/WindowsException'{0x00000007e6c39b38}> (0x00000007e6c39b38) 
thrown [s\src\hotspot\share\prims\jni.cpp, line 537]
Event: 12004.548 Thread 0x00000222efefebf0 Exception <a 'sun/nio/fs/WindowsException'{0x00000007e6c3acc8}> (0x00000007e6c3acc8) 
thrown [s\src\hotspot\share\prims\jni.cpp, line 537]
Event: 12004.548 Thread 0x00000222efefebf0 Exception <a 'sun/nio/fs/WindowsException'{0x00000007e6c3be68}> (0x00000007e6c3be68) 
thrown [s\src\hotspot\share\prims\jni.cpp, line 537]
Event: 12004.549 Thread 0x00000222efefebf0 Exception <a 'sun/nio/fs/WindowsException'{0x00000007e6c3d020}> (0x00000007e6c3d020) 
thrown [s\src\hotspot\share\prims\jni.cpp, line 537]
Event: 12004.549 Thread 0x00000222efefebf0 Exception <a 'sun/nio/fs/WindowsException'{0x00000007e6c3e1c8}> (0x00000007e6c3e1c8) 
thrown [s\src\hotspot\share\prims\jni.cpp, line 537]
Event: 12004.549 Thread 0x00000222efefebf0 Exception <a 'sun/nio/fs/WindowsException'{0x00000007e6c3f370}> (0x00000007e6c3f370) 
thrown [s\src\hotspot\share\prims\jni.cpp, line 537]
Event: 12004.549 Thread 0x00000222efefebf0 Exception <a 'sun/nio/fs/WindowsException'{0x00000007e6c40500}> (0x00000007e6c40500) 
thrown [s\src\hotspot\share\prims\jni.cpp, line 537]
Event: 12004.549 Thread 0x00000222efefebf0 Exception <a 'sun/nio/fs/WindowsException'{0x00000007e6c416b8}> (0x00000007e6c416b8) 
thrown [s\src\hotspot\share\prims\jni.cpp, line 537]
Event: 12004.549 Thread 0x00000222efefebf0 Exception <a 'sun/nio/fs/WindowsException'{0x00000007e6c42860}> (0x00000007e6c42860) 
thrown [s\src\hotspot\share\prims\jni.cpp, line 537]
Event: 12004.549 Thread 0x00000222efefebf0 Exception <a 'sun/nio/fs/WindowsException'{0x00000007e6c43a50}> (0x00000007e6c43a50) 
thrown [s\src\hotspot\share\prims\jni.cpp, line 537]
Event: 12004.549 Thread 0x00000222efefebf0 Exception <a 'sun/nio/fs/WindowsException'{0x00000007e6c44c40}> (0x00000007e6c44c40) 
thrown [s\src\hotspot\share\prims\jni.cpp, line 537]
Event: 12004.549 Thread 0x00000222efefebf0 Exception <a 'sun/nio/fs/WindowsException'{0x00000007e6c45e38}> (0x00000007e6c45e38) 
thrown [s\src\hotspot\share\prims\jni.cpp, line 537]
Event: 12004.549 Thread 0x00000222efefebf0 Exception <a 'sun/nio/fs/WindowsException'{0x00000007e6c47040}> (0x00000007e6c47040) 
thrown [s\src\hotspot\share\prims\jni.cpp, line 537]
Event: 12004.549 Thread 0x00000222efefebf0 Exception <a 'sun/nio/fs/WindowsException'{0x00000007e6c48238}> (0x00000007e6c48238) 
thrown [s\src\hotspot\share\prims\jni.cpp, line 537]
Event: 12012.960 Thread 0x00000222dca815f0 Exception <a 'sun/nio/fs/WindowsException'{0x00000007de006948}> (0x00000007de006948) 
thrown [s\src\hotspot\share\prims\jni.cpp, line 537]

ZGC Phase Switch (0 events):
No events

VM Operations (20 events):
Event: 12010.724 Executing VM operation: ICBufferFull
Event: 12010.724 Executing VM operation: ICBufferFull done
Event: 12011.101 Executing VM operation: ICBufferFull
Event: 12011.101 Executing VM operation: ICBufferFull done
Event: 12011.205 Executing VM operation: ICBufferFull
Event: 12011.205 Executing VM operation: ICBufferFull done
Event: 12011.435 Executing VM operation: ICBufferFull
Event: 12011.435 Executing VM operation: ICBufferFull done
Event: 12012.306 Executing VM operation: ICBufferFull
Event: 12012.306 Executing VM operation: ICBufferFull done
Event: 12012.969 Executing VM operation: ICBufferFull
Event: 12012.969 Executing VM operation: ICBufferFull done
Event: 12013.703 Executing VM operation: ICBufferFull
Event: 12013.703 Executing VM operation: ICBufferFull done
Event: 12014.703 Executing VM operation: Cleanup
Event: 12014.704 Executing VM operation: Cleanup done
Event: 12015.130 Executing VM operation: ICBufferFull
Event: 12015.130 Executing VM operation: ICBufferFull done
Event: 12017.130 Executing VM operation: Cleanup
Event: 12017.130 Executing VM operation: Cleanup done

Memory protections (0 events):
No events

Nmethod flushes (20 events):
Event: 12008.623 Thread 0x00000222dc92ec20 flushing  nmethod 0x00000222c9a1f290
Event: 12008.623 Thread 0x00000222dc92ec20 flushing  nmethod 0x00000222c9b7a410
Event: 12008.623 Thread 0x00000222dc92ec20 flushing  nmethod 0x00000222c9b7cb90
Event: 12008.623 Thread 0x00000222dc92ec20 flushing  nmethod 0x00000222c9b7d590
Event: 12008.623 Thread 0x00000222dc92ec20 flushing  nmethod 0x00000222c9b7dc10
Event: 12008.623 Thread 0x00000222dc92ec20 flushing  nmethod 0x00000222c9b7fd90
Event: 12008.623 Thread 0x00000222dc92ec20 flushing  nmethod 0x00000222c9c8ae10
Event: 12008.623 Thread 0x00000222dc92ec20 flushing  nmethod 0x00000222c9c8b490
Event: 12008.623 Thread 0x00000222dc92ec20 flushing  nmethod 0x00000222c9d5a010
Event: 12008.623 Thread 0x00000222dc92ec20 flushing  nmethod 0x00000222c9d5ad90
Event: 12008.623 Thread 0x00000222dc92ec20 flushing  nmethod 0x00000222c9d5c010
Event: 12008.623 Thread 0x00000222dc92ec20 flushing  nmethod 0x00000222c9d5c490
Event: 12008.623 Thread 0x00000222dc92ec20 flushing  nmethod 0x00000222c9d5d390
Event: 12008.623 Thread 0x00000222dc92ec20 flushing  nmethod 0x00000222c9d5dd10
Event: 12008.623 Thread 0x00000222dc92ec20 flushing  nmethod 0x00000222c9d5e510
Event: 12008.623 Thread 0x00000222dc92ec20 flushing  nmethod 0x00000222c9d5e890
Event: 12008.623 Thread 0x00000222dc92ec20 flushing  nmethod 0x00000222c9e5d690
Event: 12008.623 Thread 0x00000222dc92ec20 flushing  nmethod 0x00000222c9e5ea10
Event: 12008.623 Thread 0x00000222dc92ec20 flushing  nmethod 0x00000222ca4d5010
Event: 12008.623 Thread 0x00000222dc92ec20 flushing  nmethod 0x00000222ca4d8910

Events (20 events):
Event: 11992.200 Thread 0x00000222ef5bec00 Thread added: 0x000002228431c5f0
Event: 11992.201 Thread 0x000002228431c5f0 Thread added: 0x00000222f995ba60
Event: 11992.201 Thread 0x000002228431c5f0 Thread added: 0x00000222fa219740
Event: 11992.201 Thread 0x000002228431c5f0 Thread added: 0x00000222fa217d00
Event: 11992.201 Thread 0x000002228431c5f0 Thread added: 0x00000222fa218390
Event: 11992.201 Thread 0x000002228431c5f0 Thread added: 0x00000222fa21a460
Event: 11992.201 Thread 0x000002228431c5f0 Thread added: 0x00000222fa217670
Event: 11992.201 Thread 0x000002228431c5f0 Thread added: 0x00000222fa216fe0
Event: 11992.201 Thread 0x000002228431c5f0 Thread added: 0x00000222fa218a20
Event: 11992.201 Thread 0x000002228431c5f0 Thread added: 0x00000222fa2190b0
Event: 11992.201 Thread 0x000002228431c5f0 Thread added: 0x00000222f858aae0
Event: 11992.201 Thread 0x000002228431c5f0 Thread added: 0x00000222f858a450
Event: 11992.202 Thread 0x00000222fa216fe0 Thread added: 0x00000222fb758900
Event: 11997.304 Thread 0x00000222fbe438d0 Thread exited: 0x00000222fbe438d0
Event: 11997.306 Thread 0x00000222fc3280c0 Thread exited: 0x00000222fc3280c0
Event: 11997.571 Thread 0x00000222dcab46a0 Thread added: 0x00000222fdd14560
Event: 11997.580 Thread 0x00000222dcab46a0 Thread added: 0x00000222fc329c00
Event: 11997.682 Thread 0x00000222f83cd060 Thread added: 0x00000222fe19faa0
Event: 11998.088 Thread 0x00000222fa218a20 Thread added: 0x00000222efefebf0
Event: 11998.708 Thread 0x00000222fe19faa0 Thread exited: 0x00000222fe19faa0


Dynamic libraries:
0x00007ff6c0f90000 - 0x00007ff6c0f9a000 	C:\Program Files\Android\Android Studio\jbr\bin\java.exe
0x00007ff8aa700000 - 0x00007ff8aa967000 	C:\WINDOWS\SYSTEM32\ntdll.dll
0x00007ff8a9e60000 - 0x00007ff8a9f29000 	C:\WINDOWS\System32\KERNEL32.DLL
0x00007ff8a6fe0000 - 0x00007ff8a73d1000 	C:\WINDOWS\System32\KERNELBASE.dll
0x00007ff8a73e0000 - 0x00007ff8a752b000 	C:\WINDOWS\System32\ucrtbase.dll
0x00007ff8a2770000 - 0x00007ff8a2788000 	C:\Program Files\Android\Android Studio\jbr\bin\jli.dll
0x00007fffa8da0000 - 0x00007fffa8dbb000 	C:\Program Files\Android\Android Studio\jbr\bin\VCRUNTIME140.dll
0x00007ff8a8c40000 - 0x00007ff8a8e05000 	C:\WINDOWS\System32\USER32.dll
0x00007ff8a7b50000 - 0x00007ff8a7b77000 	C:\WINDOWS\System32\win32u.dll
0x00007ff895620000 - 0x00007ff8958b3000 	C:\WINDOWS\WinSxS\amd64_microsoft.windows.common-controls_6595b64144ccf1df_6.0.26100.8037_none_3e092faae333b53b\COMCTL32.dll
0x00007ff8a9f30000 - 0x00007ff8a9f5b000 	C:\WINDOWS\System32\GDI32.dll
0x00007ff8a88a0000 - 0x00007ff8a8949000 	C:\WINDOWS\System32\msvcrt.dll
0x00007ff8a7530000 - 0x00007ff8a765b000 	C:\WINDOWS\System32\gdi32full.dll
0x00007ff8a83f0000 - 0x00007ff8a8493000 	C:\WINDOWS\System32\msvcp_win.dll
0x00007ff8a8960000 - 0x00007ff8a8991000 	C:\WINDOWS\System32\IMM32.DLL
0x00007ff807c60000 - 0x00007ff807c6c000 	C:\Program Files\Android\Android Studio\jbr\bin\vcruntime140_1.dll
0x00007ff88f880000 - 0x00007ff88f90d000 	C:\Program Files\Android\Android Studio\jbr\bin\msvcp140.dll
0x00007fff81110000 - 0x00007fff81da6000 	C:\Program Files\Android\Android Studio\jbr\bin\server\jvm.dll
0x00007ff8a90f0000 - 0x00007ff8a91ab000 	C:\WINDOWS\System32\ADVAPI32.dll
0x00007ff8aa610000 - 0x00007ff8aa6b7000 	C:\WINDOWS\System32\sechost.dll
0x00007ff8a8a10000 - 0x00007ff8a8b28000 	C:\WINDOWS\System32\RPCRT4.dll
0x00007ff8a9610000 - 0x00007ff8a9684000 	C:\WINDOWS\System32\WS2_32.dll
0x00007ff8a6c90000 - 0x00007ff8a6cee000 	C:\WINDOWS\SYSTEM32\POWRPROF.dll
0x00007ff8a2000000 - 0x00007ff8a200b000 	C:\WINDOWS\SYSTEM32\VERSION.dll
0x00007ff896830000 - 0x00007ff896865000 	C:\WINDOWS\SYSTEM32\WINMM.dll
0x00007ff8a6bb0000 - 0x00007ff8a6bc4000 	C:\WINDOWS\SYSTEM32\UMPDC.dll
0x00007ff8a5d30000 - 0x00007ff8a5d4b000 	C:\WINDOWS\SYSTEM32\kernel.appcore.dll
0x00007fffda660000 - 0x00007fffda66a000 	C:\Program Files\Android\Android Studio\jbr\bin\jimage.dll
0x00007ff8a4c20000 - 0x00007ff8a4e62000 	C:\WINDOWS\SYSTEM32\DBGHELP.DLL
0x00007ff8a9280000 - 0x00007ff8a9602000 	C:\WINDOWS\System32\combase.dll
0x00007ff8a8ea0000 - 0x00007ff8a8f77000 	C:\WINDOWS\System32\OLEAUT32.dll
0x00007ff881e10000 - 0x00007ff881e4b000 	C:\WINDOWS\SYSTEM32\dbgcore.DLL
0x00007ff8a7870000 - 0x00007ff8a7915000 	C:\WINDOWS\System32\bcryptPrimitives.dll
0x00007ff8a17c0000 - 0x00007ff8a17ce000 	C:\Program Files\Android\Android Studio\jbr\bin\instrument.dll
0x00007fffa82e0000 - 0x00007fffa8300000 	C:\Program Files\Android\Android Studio\jbr\bin\java.dll
0x00007fffa4180000 - 0x00007fffa4198000 	C:\Program Files\Android\Android Studio\jbr\bin\zip.dll
0x00007ff8a96f0000 - 0x00007ff8a9e4f000 	C:\WINDOWS\System32\SHELL32.dll
0x00007ff8a79e0000 - 0x00007ff8a7b4a000 	C:\WINDOWS\System32\wintypes.dll
0x00007ff8a7b80000 - 0x00007ff8a83e4000 	C:\WINDOWS\System32\windows.storage.dll
0x00007ff8aa510000 - 0x00007ff8aa607000 	C:\WINDOWS\System32\SHCORE.dll
0x00007ff8a89a0000 - 0x00007ff8a8a07000 	C:\WINDOWS\System32\shlwapi.dll
0x00007ff8a6f00000 - 0x00007ff8a6f29000 	C:\WINDOWS\SYSTEM32\profapi.dll
0x00007fffbadf0000 - 0x00007fffbae00000 	C:\Program Files\Android\Android Studio\jbr\bin\net.dll
0x00007ff8a0f40000 - 0x00007ff8a1067000 	C:\WINDOWS\SYSTEM32\WINHTTP.dll
0x00007ff8a6280000 - 0x00007ff8a62eb000 	C:\WINDOWS\system32\mswsock.dll
0x00007fffa3b20000 - 0x00007fffa3b36000 	C:\Program Files\Android\Android Studio\jbr\bin\nio.dll
0x00007fffa4170000 - 0x00007fffa4180000 	C:\Program Files\Android\Android Studio\jbr\bin\verify.dll
0x00007fffa36e0000 - 0x00007fffa3707000 	F:\.gradle\native\660c5614fbf4a5f2a75b1949f50a0caf5cd603558e7d8a26e50b933a0cfb79d1\windows-amd64\native-platform.dll
0x00007ff880000000 - 0x00007ff880077000 	F:\.gradle\native\0.2.8\x86_64-windows-gnu\gradle-fileevents.dll
0x00007fffa9470000 - 0x00007fffa9479000 	C:\Program Files\Android\Android Studio\jbr\bin\management.dll
0x00007fffa84c0000 - 0x00007fffa84cb000 	C:\Program Files\Android\Android Studio\jbr\bin\management_ext.dll
0x00007ff8a8bb0000 - 0x00007ff8a8bb8000 	C:\WINDOWS\System32\PSAPI.DLL
0x00007ff8a5720000 - 0x00007ff8a5753000 	C:\WINDOWS\SYSTEM32\IPHLPAPI.DLL
0x00007ff8a9270000 - 0x00007ff8a927a000 	C:\WINDOWS\System32\NSI.dll
0x00007fffab560000 - 0x00007fffab569000 	C:\Program Files\Android\Android Studio\jbr\bin\extnet.dll
0x00007ff8a6680000 - 0x00007ff8a669b000 	C:\WINDOWS\SYSTEM32\CRYPTSP.dll
0x00007ff8a5c90000 - 0x00007ff8a5cc9000 	C:\WINDOWS\system32\rsaenh.dll
0x00007ff8a6330000 - 0x00007ff8a6362000 	C:\WINDOWS\SYSTEM32\USERENV.dll
0x00007ff8a6ed0000 - 0x00007ff8a6efa000 	C:\WINDOWS\SYSTEM32\bcrypt.dll
0x00007ff8a64e0000 - 0x00007ff8a64ec000 	C:\WINDOWS\SYSTEM32\CRYPTBASE.dll
0x00007ff89da80000 - 0x00007ff89da88000 	C:\WINDOWS\system32\wshunix.dll
0x00007ff8a5810000 - 0x00007ff8a593a000 	C:\WINDOWS\SYSTEM32\DNSAPI.dll
0x00007ff8a00c0000 - 0x00007ff8a00cb000 	C:\Windows\System32\rasadhlp.dll
0x00007ff8a0810000 - 0x00007ff8a0896000 	C:\WINDOWS\System32\fwpuclnt.dll
0x00007ff8a5e50000 - 0x00007ff8a5e86000 	C:\WINDOWS\SYSTEM32\ntmarta.dll
0x00007fff9e830000 - 0x00007fff9e9c8000 	C:\Program Files\Android\Android Studio\jbr\bin\awt.dll
0x00007fff9e7e0000 - 0x00007fff9e824000 	C:\Program Files\Android\Android Studio\jbr\bin\nvdaControllerClient64.dll
0x00007ff8a3ca0000 - 0x00007ff8a3cce000 	C:\WINDOWS\SYSTEM32\dwmapi.dll
0x00007ff8866a0000 - 0x00007ff886716000 	C:\WINDOWS\SYSTEM32\OLEACC.dll
0x00007ff8a3940000 - 0x00007ff8a39df000 	C:\WINDOWS\SYSTEM32\apphelp.dll
0x00007ff8a3b80000 - 0x00007ff8a3c2a000 	C:\WINDOWS\system32\uxtheme.dll
0x00007ff8a8f80000 - 0x00007ff8a90dd000 	C:\WINDOWS\System32\MSCTF.dll
0x00007ff8a84a0000 - 0x00007ff8a8635000 	C:\WINDOWS\System32\ole32.dll
0x00007ff8a1770000 - 0x00007ff8a1777000 	C:\Program Files\Android\Android Studio\jbr\bin\rmi.dll

JVMTI agents:
F:\.gradle\wrapper\dists\gradle-9.4.0-bin\lcvyxq3t37f6mx9miaydrrgs\gradle-9.4.0\lib\agents\gradle-instrumentation-agent-9.4.0.jar path:C:\Program Files\Android\Android Studio\jbr\bin\instrument.dll, loaded, initialized, instrumentlib options:none

dbghelp: loaded successfully - version: 4.0.5 - missing functions: none
symbol engine: initialized successfully - sym options: 0x614 - pdb path: .;C:\Program Files\Android\Android Studio\jbr\bin;C:\WINDOWS\SYSTEM32;C:\WINDOWS\WinSxS\amd64_microsoft.windows.common-controls_6595b64144ccf1df_6.0.26100.8037_none_3e092faae333b53b;C:\Program Files\Android\Android Studio\jbr\bin\server;F:\.gradle\native\660c5614fbf4a5f2a75b1949f50a0caf5cd603558e7d8a26e50b933a0cfb79d1\windows-amd64;F:\.gradle\native\0.2.8\x86_64-windows-gnu;C:\Users\4\AppData\Local\Temp

VM Arguments:
jvm_args: --add-opens=java.base/java.lang=ALL-UNNAMED --add-opens=java.base/java.lang.invoke=ALL-UNNAMED --add-opens=java.base/java.util=ALL-UNNAMED --add-opens=java.prefs/java.util.prefs=ALL-UNNAMED --add-exports=jdk.compiler/com.sun.tools.javac.api=ALL-UNNAMED --add-exports=jdk.compiler/com.sun.tools.javac.util=ALL-UNNAMED --add-opens=java.base/java.util=ALL-UNNAMED --add-opens=java.prefs/java.util.prefs=ALL-UNNAMED --add-opens=java.base/java.nio.charset=ALL-UNNAMED --add-opens=java.base/java.net=ALL-UNNAMED --add-opens=java.base/java.util.concurrent=ALL-UNNAMED --add-opens=java.base/java.util.concurrent.atomic=ALL-UNNAMED --add-opens=java.xml/javax.xml.namespace=ALL-UNNAMED --add-opens=java.base/java.time=ALL-UNNAMED -Xmx4g -Dfile.encoding=UTF-8 -Duser.country=CN -Duser.language=zh -Duser.variant -javaagent:F:\.gradle\wrapper\dists\gradle-9.4.0-bin\lcvyxq3t37f6mx9miaydrrgs\gradle-9.4.0\lib\agents\gradle-instrumentation-agent-9.4.0.jar 
java_command: org.gradle.launcher.daemon.bootstrap.GradleDaemon 9.4.0
java_class_path (initial): F:\.gradle\wrapper\dists\gradle-9.4.0-bin\lcvyxq3t37f6mx9miaydrrgs\gradle-9.4.0\lib\gradle-daemon-main-9.4.0.jar
Launcher Type: SUN_STANDARD

[Global flags]
     intx CICompilerCount                          = 4                                         {product} {ergonomic}
     uint ConcGCThreads                            = 3                                         {product} {ergonomic}
     uint G1ConcRefinementThreads                  = 10                                        {product} {ergonomic}
   size_t G1HeapRegionSize                         = 2097152                                   {product} {ergonomic}
    uintx GCDrainStackTargetSize                   = 64                                        {product} {ergonomic}
   size_t InitialHeapSize                          = 536870912                                 {product} {ergonomic}
   size_t MarkStackSize                            = 4194304                                   {product} {ergonomic}
   size_t MaxHeapSize                              = 4294967296                                {product} {command line}
   size_t MaxNewSize                               = 2575302656                                {product} {ergonomic}
   size_t MinHeapDeltaBytes                        = 2097152                                   {product} {ergonomic}
   size_t MinHeapSize                              = 8388608                                   {product} {ergonomic}
    uintx NonNMethodCodeHeapSize                   = 5839372                                {pd product} {ergonomic}
    uintx NonProfiledCodeHeapSize                  = 122909434                              {pd product} {ergonomic}
    uintx ProfiledCodeHeapSize                     = 122909434                              {pd product} {ergonomic}
    uintx ReservedCodeCacheSize                    = 251658240                              {pd product} {ergonomic}
     bool SegmentedCodeCache                       = true                                      {product} {ergonomic}
   size_t SoftMaxHeapSize                          = 4294967296                             {manageable} {ergonomic}
     bool UseCompressedOops                        = true                           {product lp64_product} {ergonomic}
     bool UseG1GC                                  = true                                      {product} {ergonomic}
     bool UseLargePagesIndividualAllocation        = false                                  {pd product} {ergonomic}

Logging:
Log output configuration:
 #0: stdout all=warning uptime,level,tags foldmultilines=false
 #1: stderr all=off uptime,level,tags foldmultilines=false

Release file:
JAVA_VERSION="21.0.9" 
MODULES="java.base java.compiler java.datatransfer java.xml java.prefs java.desktop java.instrument java.logging java.management java.security.sasl java.naming java.rmi java.management.rmi java.net.http java.scripting java.security.jgss java.transaction.xa java.sql java.sql.rowset java.xml.crypto java.se java.smartcardio jdk.accessibility jdk.internal.jvmstat jdk.attach jdk.charsets jdk.internal.opt jdk.zipfs jdk.compiler jdk.crypto.ec jdk.crypto.cryptoki jdk.dynalink jdk.hotspot.agent jdk.httpserver jdk.internal.ed jdk.internal.le jdk.internal.vm.ci jdk.jartool jdk.javadoc jdk.jcmd jdk.jdeps jdk.jdwp.agent jdk.jdi jdk.jfr jdk.jlink jdk.jsobject jdk.localedata jdk.management jdk.management.agent jdk.management.jfr jdk.naming.dns jdk.naming.rmi jdk.net jdk.sctp jdk.security.auth jdk.security.jgss jdk.unsupported jdk.unsupported.desktop jdk.xml.dom" 
IMPLEMENTOR="JetBrains s.r.o." 
JAVA_RUNTIME_VERSION="21.0.9+-14787801-b1163.94" 
LIBC="default" 
OS_ARCH="x86_64" 
OS_NAME="Windows" 
SOURCE=".:git:0c757ddc9f2f" 

Environment Variables:
JAVA_HOME=C:\Program Files\Java\jdk-21
PATH=D:\Program Files (x86)\VMware\VMware Workstation\bin\;C:\Program Files\Common Files\Oracle\Java\javapath;C:\WINDOWS\system32;C:\WINDOWS;C:\WINDOWS\System32\Wbem;C:\WINDOWS\System32\WindowsPowerShell\v1.0\;C:\WINDOWS\System32\OpenSSH\;C:\Program Files\Git\cmd;C:\Program Files\PuTTY\;C:\Program Files\Apache\maven\bin;C:\Program Files\dotnet\;C:\Program Files\swigwin-4.3.0;C:\Program Files\nodejs\;C:\ProgramData\chocolatey\bin;E:\Program Files\Huawei\DevEco Studio\tools\hvigor\bin;E:\Program Files\Huawei\DevEco Studio\tools\ohpm\bin;E:\Program Files\Huawei\DevEco Studio\tools\node;E:\Program Files\Huawei\DevEco Studio\sdk\default\openharmony\toolchains;D:\Users\4\AppData\Local\sdk\18\toolchains;F:\E\Android\Sdk\platform-tools;E:\Android\Sdk\emulator;C:\Users\4\.gradle\wrapper\dists\gradle-8.7-bin\bhs2wmbdwecv87pi65oeuq5iu\gradle-8.7\bin;C:\Program Files\cursor\resources\app\bin;C:\Users\4\.local\bin;C:\Users\4\AppData\Local\Microsoft\WindowsApps;C:\Users\4\AppData\Local\Programs\Fiddler;D:\Users\4\AppData\Local\Programs\Microsoft VS Code\bin;C:\Users\4\AppData\Local\GitHubDesktop\bin;C:\Users\4\.bun\bin;D:\Users\4\AppData\Local\Programs\Fiddler;E:\flutter\flutter_flutter\bin;C:\Users\4\AppData\Local\Microsoft\WinGet\Packages\Y2Z.Monolith_Microsoft.Winget.Source_8wekyb3d8bbwe;C:\Users\4\AppData\Roaming\npm;%DevEco Studio%;D:\Users\4\AppData\Local\Programs\Qoder\bin;C:\Users\4\AppData\Local\Programs\Python\Python311;C:\Users\4\AppData\Local\Programs\Python\Python311\Scripts;C:\Users\4\AppData\Local\Microsoft\WinGet\Packages\Gyan.FFmpeg_Microsoft.Winget.Source_8wekyb3d8bbwe\ffmpeg-8.0.1-full_build\bin;D:\Windsurf\bin;C:\Users\4\AppData\Local\Programs\Kiro\bin;C:\Program Files\Java\jdk-17\bin;C:\Users\4\.codex\tools\jadx\bin
USERNAME=4
OS=Windows_NT
PROCESSOR_IDENTIFIER=Intel64 Family 6 Model 165 Stepping 3, GenuineIntel
TMP=C:\Users\4\AppData\Local\Temp
TEMP=C:\Users\4\AppData\Local\Temp




Periodic native trim disabled

JNI global refs:
JNI global refs: 44, weak refs: 3935

JNI global refs memory usage: 835, weak refs: 40465

Process memory usage:
Resident Set Size: 5337032K (15% of 33468236K total physical memory with 2058728K free physical memory)

OOME stack traces (most recent first):
Classloader memory used:
Loader org.gradle.internal.classloader.VisitableURLClassLoader$InstrumentingVisitableURLClassLoader: 101019K
Loader java.net.URLClassLoader                                                         : 85614K
Loader org.gradle.internal.classloader.VisitableURLClassLoader                         : 59154K
Loader bootstrap                                                                       : 42415K
Loader org.gradle.initialization.MixInLegacyTypesClassLoader                           : 15739K
Loader jdk.internal.loader.ClassLoaders$AppClassLoader                                 : 12694K
Loader org.gradle.internal.classloader.VisitableURLClassLoader                         : 2630K
Loader jdk.internal.loader.ClassLoaders$PlatformClassLoader                            : 1320K
Loader jdk.internal.reflect.DelegatingClassLoader                                      : 986K
Loader jdk.internal.jrtfs.JrtFileSystemProvider$JrtFsLoader                            : 352K
Loader org.gradle.groovy.scripts.internal.DefaultScriptCompilationHandler$ScriptClassLoader: 247K
Loader org.codehaus.groovy.runtime.callsite.CallSiteClassLoader                        : 111K
Loader sun.reflect.misc.MethodUtil                                                     : 2984B

Classes loaded by more than one classloader:
Class Program                                                                         : loaded 46 times (x 72B)
Class Build_gradle                                                                    : loaded 43 times (x 126B)
Class Build_gradle$1                                                                  : loaded 22 times (x 74B)
Class org.gradle.kotlin.dsl.Accessors7t09xqv4rp34sow31xff10e9cKt                      : loaded 21 times (x 71B)
Class org.gradle.kotlin.dsl.VersionCatalogAccessorsKt                                 : loaded 21 times (x 71B)
Class Build_gradle$2                                                                  : loaded 18 times (x 74B)
Class Build_gradle$addFrameworkJar$1$1                                                : loaded 17 times (x 75B)
Class org.gradle.kotlin.dsl.Accessors2sci8yewa96g0fyfhouaecr70Kt                      : loaded 17 times (x 71B)
Class Build_gradle$addFrameworkJar$1$1$1                                              : loaded 17 times (x 75B)
Class Build_gradle$addFrameworkJar$1$1$2                                              : loaded 17 times (x 75B)
Class org.gradle.kotlin.dsl.CompileOnlyConfigurationAccessorsKt                       : loaded 17 times (x 71B)
Class Build_gradle$2$3$2                                                              : loaded 17 times (x 74B)
Class Build_gradle$2$2$1                                                              : loaded 16 times (x 74B)
Class org.gradle.kotlin.dsl.ImplementationConfigurationAccessorsKt                    : loaded 15 times (x 71B)
Class org.gradle.kotlin.dsl.ApiConfigurationAccessorsKt                               : loaded 7 times (x 71B)
Class org.gradle.kotlin.dsl.AndroidTestImplementationConfigurationAccessorsKt         : loaded 4 times (x 71B)
Class kotlin.collections.CollectionsKt__ReversedViewsKt                               : loaded 3 times (x 71B)
Class com.google.common.collect.ImmutableSet$SetBuilderImpl                           : loaded 3 times (x 76B)
Class com.google.common.collect.ImmutableList                                         : loaded 3 times (x 206B)
Class kotlin.reflect.KClassifier                                                      : loaded 3 times (x 70B)
Class [Lkotlin.reflect.KProperty;                                                     : loaded 3 times (x 69B)
Class kotlin.jvm.internal.markers.KMappedMarker                                       : loaded 3 times (x 70B)
Class kotlin.NoWhenBranchMatchedException                                             : loaded 3 times (x 82B)
Class kotlin.Lazy                                                                     : loaded 3 times (x 70B)
Class kotlin.jvm.functions.Function19                                                 : loaded 3 times (x 70B)
Class kotlin.jvm.internal.CallableReference$NoReceiver                                : loaded 3 times (x 71B)
Class kotlin.jvm.functions.Function18                                                 : loaded 3 times (x 70B)
Class kotlin.text.StringsKt__StringBuilderKt                                          : loaded 3 times (x 71B)
Class com.google.common.collect.ImmutableList$1                                       : loaded 3 times (x 97B)
Class kotlin.SafePublicationLazyImpl$Companion                                        : loaded 3 times (x 71B)
Class kotlin.jvm.internal.PropertyReference1Impl                                      : loaded 3 times (x 127B)
Class kotlin.jvm.internal.MutablePropertyReference1                                   : loaded 3 times (x 137B)
Class kotlin.collections.ArraysKt__ArraysJVMKt                                        : loaded 3 times (x 71B)
Class kotlin.jvm.functions.Function17                                                 : loaded 3 times (x 70B)
Class kotlin.LazyKt                                                                   : loaded 3 times (x 71B)
Class kotlin.jvm.functions.Function16                                                 : loaded 3 times (x 70B)
Class kotlin.collections.SetsKt__SetsKt                                               : loaded 3 times (x 71B)
Class com.google.common.collect.PeekingIterator                                       : loaded 3 times (x 70B)
Class kotlin.collections.ArraysKt                                                     : loaded 3 times (x 71B)
Class kotlin.jvm.functions.Function15                                                 : loaded 3 times (x 70B)
Class com.google.common.base.Preconditions                                            : loaded 3 times (x 71B)
Class com.google.common.collect.Hashing                                               : loaded 3 times (x 71B)
Class kotlin.jvm.functions.Function14                                                 : loaded 3 times (x 70B)
Class kotlin.ranges.RangesKt___RangesKt                                               : loaded 3 times (x 71B)
Class com.google.common.collect.UnmodifiableListIterator                              : loaded 3 times (x 95B)
Class kotlin.KotlinNullPointerException                                               : loaded 3 times (x 83B)
Class kotlin.jvm.functions.Function13                                                 : loaded 3 times (x 70B)
Class kotlin.sequences.SequencesKt__SequenceBuilderKt                                 : loaded 3 times (x 71B)
Class com.google.common.collect.ImmutableList$SubList                                 : loaded 3 times (x 209B)
Class kotlin.collections.CollectionsKt__IterablesKt                                   : loaded 3 times (x 71B)
Class kotlin.collections.MapsKt                                                       : loaded 3 times (x 71B)
Class kotlin.jvm.functions.Function12                                                 : loaded 3 times (x 70B)
Class kotlin.reflect.KMutableProperty1                                                : loaded 3 times (x 70B)
Class kotlin.jvm.internal.Intrinsics                                                  : loaded 3 times (x 71B)
Class kotlin.reflect.KAnnotatedElement                                                : loaded 3 times (x 70B)
Class [Lkotlin.reflect.KClass;                                                        : loaded 3 times (x 69B)
Class kotlin.jvm.functions.Function11                                                 : loaded 3 times (x 70B)
Class kotlin.sequences.FilteringSequence$iterator$1                                   : loaded 3 times (x 79B)
Class [Lkotlin.LazyThreadSafetyMode;                                                  : loaded 3 times (x 69B)
Class kotlin.jvm.functions.Function9                                                  : loaded 3 times (x 70B)
Class kotlin.jvm.functions.Function10                                                 : loaded 3 times (x 70B)
Class com.google.common.collect.ImmutableSet$RegularSetBuilderImpl                    : loaded 3 times (x 77B)
Class kotlin.enums.EnumEntriesKt                                                      : loaded 3 times (x 71B)
Class kotlin.collections.CollectionsKt__MutableCollectionsJVMKt                       : loaded 3 times (x 71B)
Class kotlin.jvm.functions.Function8                                                  : loaded 3 times (x 70B)
Class kotlin.sequences.SequencesKt___SequencesKt                                      : loaded 3 times (x 71B)
Class kotlin.collections.AbstractList$Companion                                       : loaded 3 times (x 71B)
Class kotlin.text.StringsKt___StringsKt                                               : loaded 3 times (x 71B)
Class kotlin.collections.MapsKt__MapWithDefaultKt                                     : loaded 3 times (x 71B)
Class kotlin.jvm.functions.Function7                                                  : loaded 3 times (x 70B)
Class Build_gradle$1$3$2                                                              : loaded 3 times (x 74B)
Class kotlin.collections.ArraysKt___ArraysKt                                          : loaded 3 times (x 71B)
Class kotlin.collections.MapsKt___MapsKt                                              : loaded 3 times (x 71B)
Class kotlin.jvm.functions.Function6                                                  : loaded 3 times (x 70B)
Class kotlin.io.FilesKt                                                               : loaded 3 times (x 71B)
Class kotlin.reflect.KDeclarationContainer                                            : loaded 3 times (x 70B)
Class kotlin.jvm.functions.Function5                                                  : loaded 3 times (x 70B)
Class kotlin.text.StringsKt___StringsJvmKt                                            : loaded 3 times (x 71B)
Class kotlin.collections.CollectionsKt___CollectionsKt                                : loaded 3 times (x 71B)
Class kotlin.jvm.functions.Function4                                                  : loaded 3 times (x 70B)
Class kotlin.collections.EmptySet                                                     : loaded 3 times (x 122B)
Class kotlin.collections.MapsKt___MapsJvmKt                                           : loaded 3 times (x 71B)
Class kotlin.jvm.functions.Function3                                                  : loaded 3 times (x 70B)
Class kotlin.jvm.functions.Function2                                                  : loaded 3 times (x 70B)
Class kotlin.text.StringsKt__AppendableKt                                             : loaded 3 times (x 71B)
Class kotlin.jvm.functions.Function1                                                  : loaded 3 times (x 70B)
Class kotlin.jvm.functions.Function0                                                  : loaded 3 times (x 70B)
Class kotlin.collections.ArraysUtilJVM                                                : loaded 3 times (x 71B)
Class kotlin.ranges.RangesKt                                                          : loaded 3 times (x 71B)
Class kotlin.TuplesKt                                                                 : loaded 3 times (x 71B)
Class kotlin.sequences.SequencesKt___SequencesJvmKt                                   : loaded 3 times (x 71B)
Class kotlin.Unit                                                                     : loaded 3 times (x 71B)
Class kotlin.reflect.KProperty$Accessor                                               : loaded 3 times (x 70B)
Class [Lkotlin.reflect.KCallable;                                                     : loaded 3 times (x 69B)
Class kotlin.collections.CollectionsKt___CollectionsJvmKt                             : loaded 3 times (x 71B)
Class kotlin.jvm.internal.FunctionReferenceImpl                                       : loaded 3 times (x 122B)
Class kotlin.reflect.KType                                                            : loaded 3 times (x 70B)
Class com.google.common.collect.ImmutableSet                                          : loaded 3 times (x 145B)
Class kotlin.sequences.FilteringSequence                                              : loaded 3 times (x 75B)
Class kotlin.comparisons.ComparisonsKt___ComparisonsKt                                : loaded 3 times (x 71B)
Class kotlin.comparisons.ComparisonsKt                                                : loaded 3 times (x 71B)
Class kotlin.reflect.KMutableProperty0                                                : loaded 3 times (x 70B)
Class [Lkotlin.reflect.KClassifier;                                                   : loaded 3 times (x 69B)
Class kotlin.sequences.Sequence                                                       : loaded 3 times (x 70B)
Class kotlin.io.NoSuchFileException                                                   : loaded 3 times (x 82B)
Class kotlin.jvm.internal.ClassBasedDeclarationContainer                              : loaded 3 times (x 70B)
Class kotlin.collections.SetsKt___SetsKt                                              : loaded 3 times (x 71B)
Class kotlin.sequences.SequencesKt__SequencesKt                                       : loaded 3 times (x 71B)
Class kotlin.ranges.RangesKt__RangesKt                                                : loaded 3 times (x 71B)
Class kotlin.comparisons.ComparisonsKt__ComparisonsKt                                 : loaded 3 times (x 71B)
Class com.google.common.math.IntMath$1                                                : loaded 3 times (x 71B)
Class kotlin.UNINITIALIZED_VALUE                                                      : loaded 3 times (x 71B)
Class kotlin.jvm.internal.ReflectionFactory                                           : loaded 3 times (x 91B)
Class kotlin.LazyKt__LazyKt                                                           : loaded 3 times (x 71B)
Class kotlin.text.Regex                                                               : loaded 3 times (x 72B)
Class kotlin.text.StringsKt__StringBuilderJVMKt                                       : loaded 3 times (x 71B)
Class kotlin.collections.ArrayAsCollection                                            : loaded 3 times (x 105B)
Class kotlin.collections.CollectionsKt                                                : loaded 3 times (x 71B)
Class kotlin.collections.AbstractCollection                                           : loaded 3 times (x 117B)
Class kotlin.jvm.functions.Function20                                                 : loaded 3 times (x 70B)
Class kotlin.collections.AbstractList                                                 : loaded 3 times (x 197B)
Class kotlin.sequences.SequencesKt__SequencesJVMKt                                    : loaded 3 times (x 71B)
Class kotlin.reflect.KMutableProperty2                                                : loaded 3 times (x 70B)
Class kotlin.SynchronizedLazyImpl                                                     : loaded 3 times (x 76B)
Class kotlin.text.StringsKt__RegexExtensionsKt                                        : loaded 3 times (x 71B)
Class kotlin.collections.EmptyIterator                                                : loaded 3 times (x 89B)
Class kotlin.LazyThreadSafetyMode                                                     : loaded 3 times (x 79B)
Class kotlin.jvm.internal.MutablePropertyReference                                    : loaded 3 times (x 119B)
Class kotlin.LazyKt__LazyJVMKt$WhenMappings                                           : loaded 3 times (x 71B)
Class kotlin.jvm.internal.PropertyReference1                                          : loaded 3 times (x 127B)
Class kotlin.jvm.functions.Function21                                                 : loaded 3 times (x 70B)
Class kotlin.jvm.internal.DefaultConstructorMarker                                    : loaded 3 times (x 71B)
Class kotlin.jvm.internal.PropertyReference0                                          : loaded 3 times (x 127B)
Class kotlin.io.FileSystemException                                                   : loaded 3 times (x 82B)
Class com.google.common.collect.RegularImmutableList                                  : loaded 3 times (x 213B)
Class kotlin.enums.EnumEntries                                                        : loaded 3 times (x 70B)
Class kotlin.jvm.internal.CallableReference                                           : loaded 3 times (x 106B)
Class com.google.common.math.IntMath                                                  : loaded 3 times (x 71B)
Class kotlin.jvm.KotlinReflectionNotSupportedError                                    : loaded 3 times (x 82B)
Class kotlin.text.StringsKt__StringNumberConversionsKt                                : loaded 3 times (x 71B)
Class kotlin.io.FilesKt__FileReadWriteKt                                              : loaded 3 times (x 71B)
Class kotlin.jvm.functions.Function22                                                 : loaded 3 times (x 70B)
Class kotlin.LazyKt__LazyJVMKt                                                        : loaded 3 times (x 71B)
Class kotlin.io.FilesKt__FileTreeWalkKt                                               : loaded 3 times (x 71B)
Class kotlin.text.StringsKt                                                           : loaded 3 times (x 71B)
Class com.google.common.collect.ImmutableAsList                                       : loaded 3 times (x 209B)
Class com.google.common.collect.Iterators$9                                           : loaded 3 times (x 81B)
Class kotlin.collections.CollectionsKt__IteratorsKt                                   : loaded 3 times (x 71B)
Class kotlin.sequences.SequencesKt                                                    : loaded 3 times (x 71B)
Class kotlin.collections.IndexedValue                                                 : loaded 3 times (x 72B)
Class com.google.common.collect.ImmutableSet$CachingAsList                            : loaded 3 times (x 148B)
Class kotlin.collections.CollectionsKt__CollectionsJVMKt                              : loaded 3 times (x 71B)
Class kotlin.io.FilesKt__UtilsKt                                                      : loaded 3 times (x 71B)
Class kotlin.text.StringsKt__RegexExtensionsJVMKt                                     : loaded 3 times (x 71B)
Class kotlin.collections.ArraysKt___ArraysJvmKt                                       : loaded 3 times (x 71B)
Class kotlin.collections.CollectionsKt__CollectionsKt                                 : loaded 3 times (x 71B)
Class kotlin.reflect.KTypeParameter                                                   : loaded 3 times (x 70B)
Class com.google.common.collect.ImmutableCollection                                   : loaded 3 times (x 125B)
Class Build_gradle$1$2$1                                                              : loaded 3 times (x 74B)
Class com.google.common.collect.Iterators$MergingIterator                             : loaded 3 times (x 81B)
Class com.google.common.collect.ImmutableSet$JdkBackedSetBuilderImpl                  : loaded 3 times (x 76B)
Class com.google.common.collect.Iterators$5                                           : loaded 3 times (x 82B)
Class kotlin.SafePublicationLazyImpl                                                  : loaded 3 times (x 76B)
Class com.google.common.collect.Iterators$4                                           : loaded 3 times (x 82B)
Class kotlin.reflect.KProperty$Getter                                                 : loaded 3 times (x 70B)
Class kotlin.UninitializedPropertyAccessException                                     : loaded 3 times (x 82B)
Class com.google.common.collect.SingletonImmutableSet                                 : loaded 3 times (x 146B)
Class kotlin._Assertions                                                              : loaded 3 times (x 71B)
Class kotlin.text.Regex$Companion                                                     : loaded 3 times (x 71B)
Class com.google.common.collect.Iterators$1                                           : loaded 3 times (x 81B)
Class [Lkotlin.reflect.KDeclarationContainer;                                         : loaded 3 times (x 69B)
Class kotlin.jvm.internal.Lambda                                                      : loaded 3 times (x 75B)
Class kotlin.collections.MapsKt__MapsKt                                               : loaded 3 times (x 71B)
Class kotlin.reflect.KFunction                                                        : loaded 3 times (x 70B)
Class com.google.common.collect.ImmutableList$ReverseImmutableList                    : loaded 3 times (x 209B)
Class com.google.common.collect.RegularImmutableSet                                   : loaded 3 times (x 149B)
Class com.google.common.collect.Iterators$ArrayItr                                    : loaded 3 times (x 97B)
Class com.google.common.collect.ImmutableCollection$Builder                           : loaded 3 times (x 76B)
Class kotlin.collections.SetsKt                                                       : loaded 3 times (x 71B)
Class kotlin.enums.EnumEntriesList                                                    : loaded 3 times (x 223B)
Class kotlin.jvm.internal.FunctionReference                                           : loaded 3 times (x 122B)
Class kotlin.jvm.internal.FunctionBase                                                : loaded 3 times (x 70B)
Class kotlin.text.StringsKt__IndentKt                                                 : loaded 3 times (x 71B)
Class com.google.common.collect.SingletonImmutableList                                : loaded 3 times (x 207B)
Class kotlin.text.StringsKt__StringsJVMKt                                             : loaded 3 times (x 71B)
Class kotlin.jvm.internal.Reflection                                                  : loaded 3 times (x 71B)
Class kotlin.reflect.KProperty                                                        : loaded 3 times (x 70B)
Class kotlin.jvm.JvmClassMappingKt                                                    : loaded 3 times (x 71B)
Class com.google.common.collect.Multimap                                              : loaded 3 times (x 70B)
Class [Lkotlin.reflect.KAnnotatedElement;                                             : loaded 3 times (x 69B)
Class kotlin.collections.IndexingIterator                                             : loaded 3 times (x 79B)
Class kotlin.jvm.internal.PropertyReference                                           : loaded 3 times (x 115B)
Class kotlin.reflect.KMutableProperty                                                 : loaded 3 times (x 70B)
Class kotlin.comparisons.ComparisonsKt___ComparisonsJvmKt                             : loaded 3 times (x 71B)
Class kotlin.io.FileAlreadyExistsException                                            : loaded 3 times (x 82B)
Class kotlin.collections.CollectionsKt__IteratorsJVMKt                                : loaded 3 times (x 71B)
Class kotlin.internal.ProgressionUtilKt                                               : loaded 3 times (x 71B)
Class kotlin.Function                                                                 : loaded 3 times (x 70B)
Class kotlin.collections.SetsKt__SetsJVMKt                                            : loaded 3 times (x 71B)
Class kotlin.collections.ArraysKt__ArraysKt                                           : loaded 3 times (x 71B)
Class kotlin.collections.IndexingIterable                                             : loaded 3 times (x 79B)
Class com.google.common.math.MathPreconditions                                        : loaded 3 times (x 71B)
Class com.google.common.collect.AbstractIndexedListIterator                           : loaded 3 times (x 96B)
Class kotlin.NotImplementedError                                                      : loaded 3 times (x 82B)
Class com.google.common.collect.AbstractIterator                                      : loaded 3 times (x 82B)
Class kotlin.collections.MapsKt__MapsJVMKt                                            : loaded 3 times (x 71B)
Class com.google.common.collect.UnmodifiableIterator                                  : loaded 3 times (x 80B)
Class kotlin.collections.EmptyList                                                    : loaded 3 times (x 174B)
Class kotlin.text.StringsKt__StringNumberConversionsJVMKt                             : loaded 3 times (x 71B)
Class kotlin.reflect.KProperty0                                                       : loaded 3 times (x 70B)
Class com.google.common.collect.Iterators                                             : loaded 3 times (x 71B)
Class kotlin.text.StringsKt__StringsKt                                                : loaded 3 times (x 71B)
Class kotlin.reflect.KCallable                                                        : loaded 3 times (x 70B)
Class kotlin.io.FilesKt__FilePathComponentsKt                                         : loaded 3 times (x 71B)
Class kotlin.io.TerminateException                                                    : loaded 3 times (x 82B)
Class com.google.common.collect.RegularImmutableAsList                                : loaded 3 times (x 217B)
Class kotlin.reflect.KProperty2                                                       : loaded 3 times (x 70B)
Class com.google.common.collect.Iterators$SingletonIterator                           : loaded 3 times (x 81B)
Class kotlin.collections.CollectionsKt__MutableCollectionsKt                          : loaded 3 times (x 71B)
Class kotlin.Pair                                                                     : loaded 3 times (x 72B)
Class kotlin.reflect.KProperty1                                                       : loaded 3 times (x 70B)
Class kotlin.reflect.KClass                                                           : loaded 3 times (x 70B)
Class kotlin.io.CloseableKt                                                           : loaded 3 times (x 71B)
Class kotlin.sequences.TransformingSequence$iterator$1                                : loaded 2 times (x 79B)
Class com.google.common.collect.ImmutableSortedMap$Builder                            : loaded 2 times (x 90B)
Class com.google.common.collect.HashBiMap$BiEntry                                     : loaded 2 times (x 83B)
Class org.apache.commons.io.FileExistsException                                       : loaded 2 times (x 82B)
Class com.google.common.base.Ascii                                                    : loaded 2 times (x 71B)
Class com.google.common.collect.SingletonImmutableBiMap                               : loaded 2 times (x 143B)
Class com.google.common.cache.LocalCache$1                                            : loaded 2 times (x 89B)
Class com.google.common.collect.AbstractMapEntry                                      : loaded 2 times (x 81B)
Class jdk.internal.jrtfs.JrtFileSystemProvider                                        : loaded 2 times (x 101B)
Class [Lkotlin.Function;                                                              : loaded 2 times (x 69B)
Class org.gradle.internal.service.ServiceLocator                                      : loaded 2 times (x 70B)
Class kotlin.sequences.GeneratorSequence$iterator$1                                   : loaded 2 times (x 79B)
Class org.apache.http.client.methods.AbstractExecutionAwareRequest                    : loaded 2 times (x 128B)
Class com.google.common.io.CharSource$StringCharSource                                : loaded 2 times (x 86B)
Class com.google.common.io.ByteSource$ByteArrayByteSource                             : loaded 2 times (x 85B)
Class org.apache.commons.io.function.IOSupplier                                       : loaded 2 times (x 70B)
Class com.google.common.reflect.TypeToken$SimpleTypeToken                             : loaded 2 times (x 73B)
Class com.google.common.collect.AbstractSetMultimap                                   : loaded 2 times (x 174B)
Class com.google.common.collect.MapMakerInternalMap$AbstractStrongKeyEntry            : loaded 2 times (x 80B)
Class com.google.common.collect.Sets$ImprovedAbstractSet                              : loaded 2 times (x 135B)
Class com.google.common.collect.ImmutableList$Builder                                 : loaded 2 times (x 77B)
Class com.google.common.collect.AbstractMultimap                                      : loaded 2 times (x 123B)
Class com.google.common.cache.LocalCache$2                                            : loaded 2 times (x 142B)
Class ijJvmDebugger1_8j0f7eikbmn13eqikxw93vt1s$_run_closure1                          : loaded 2 times (x 139B)
Class [Lorg.objectweb.asm.Type;                                                       : loaded 2 times (x 69B)
Class com.google.common.collect.Platform                                              : loaded 2 times (x 71B)
Class kotlin.reflect.jvm.internal.impl.utils.CollectionsKt                            : loaded 2 times (x 71B)
Class [Lorg.objectweb.asm.Attribute;                                                  : loaded 2 times (x 69B)
Class kotlin.streams.jdk8.StreamsKt                                                   : loaded 2 times (x 71B)
Class kotlin.ReplaceWith                                                              : loaded 2 times (x 70B)
Class kotlin.coroutines.CoroutineContext$Element                                      : loaded 2 times (x 70B)
Class com.google.common.collect.ImmutableRangeSet$1                                   : loaded 2 times (x 210B)
Class kotlin.Result                                                                   : loaded 2 times (x 72B)
Class kotlin.collections.AbstractIterator                                             : loaded 2 times (x 83B)
Class kotlin.text.CharsKt                                                             : loaded 2 times (x 71B)
Class com.google.common.collect.Range                                                 : loaded 2 times (x 87B)
Class org.apache.http.client.methods.HttpEntityEnclosingRequestBase                   : loaded 2 times (x 153B)
Class com.google.common.base.Optional                                                 : loaded 2 times (x 80B)
Class com.google.common.util.concurrent.AbstractFuture$Trusted                        : loaded 2 times (x 70B)
Class [Lorg.jetbrains.kotlin.build.report.metrics.BuildTime;                          : loaded 2 times (x 69B)
Class jdk.internal.jimage.ImageLocation                                               : loaded 2 times (x 90B)
Class jdk.internal.jrtfs.JrtDirectoryStream$1                                         : loaded 2 times (x 83B)
Class kotlin.collections.MutableMapWithDefault                                        : loaded 2 times (x 70B)
Class kotlin.coroutines.ContinuationInterceptor$Key                                   : loaded 2 times (x 71B)
Class kotlin.text.DelimitedRangesSequence$iterator$1                                  : loaded 2 times (x 79B)
Class org.jetbrains.kotlin.build.report.metrics.GradleBuildTime                       : loaded 2 times (x 88B)
Class com.google.common.collect.ExplicitOrdering                                      : loaded 2 times (x 115B)
Class com.google.common.io.ByteSink$AsCharSink                                        : loaded 2 times (x 80B)
Class com.google.common.collect.Lists$StringAsImmutableList                           : loaded 2 times (x 207B)
Class com.google.common.util.concurrent.UncheckedExecutionException                   : loaded 2 times (x 82B)
Class org.jetbrains.org.objectweb.asm.ClassTooLargeException                          : loaded 2 times (x 83B)
Class kotlin.collections.builders.MapBuilder$EntriesItr                               : loaded 2 times (x 81B)
Class kotlin.jvm.internal.Ref$IntRef                                                  : loaded 2 times (x 71B)
Class kotlin.io.FileTreeWalk$FileTreeWalkIterator$WhenMappings                        : loaded 2 times (x 71B)
Class [Lorg.jetbrains.kotlin.com.intellij.openapi.diagnostic.LogLevel;                : loaded 2 times (x 69B)
Class com.google.common.base.MoreObjects                                              : loaded 2 times (x 71B)
Class kotlin.reflect.jvm.internal.ReflectionFactoryImpl                               : loaded 2 times (x 91B)
Class jdk.internal.jimage.ImageBufferCache$1                                          : loaded 2 times (x 83B)
Class kotlin.DeprecationLevel                                                         : loaded 2 times (x 79B)
Class kotlin.collections.ArraysKt___ArraysKt$asSequence$$inlined$Sequence$1           : loaded 2 times (x 75B)
Class kotlin.time.DurationUnitKt__DurationUnitJvmKt                                   : loaded 2 times (x 71B)
Class kotlin.jvm.JvmStatic                                                            : loaded 2 times (x 70B)
Class kotlin.collections.builders.SetBuilder$Companion                                : loaded 2 times (x 71B)
Class org.apache.http.client.methods.HttpRequestBase                                  : loaded 2 times (x 145B)
Class com.google.common.collect.HashMultimapGwtSerializationDependencies              : loaded 2 times (x 174B)
Class com.google.common.collect.AbstractMapBasedMultimap$KeySet$1                     : loaded 2 times (x 82B)
Class org.objectweb.asm.ClassWriter                                                   : loaded 2 times (x 106B)
Class com.google.common.cache.CacheLoader$UnsupportedLoadingOperationException        : loaded 2 times (x 82B)
Class com.google.common.base.CharMatcher$And                                          : loaded 2 times (x 112B)
Class kotlin.reflect.jvm.internal.impl.builtins.StandardNames$FqNames                 : loaded 2 times (x 71B)
Class jdk.internal.jimage.ImageBufferCache$2                                          : loaded 2 times (x 91B)
Class kotlin.text.LinesIterator$State                                                 : loaded 2 times (x 71B)
Class kotlin.collections.builders.ListBuilderKt                                       : loaded 2 times (x 71B)
Class com.google.common.collect.FluentIterable$1                                      : loaded 2 times (x 81B)
Class com.google.common.base.Objects                                                  : loaded 2 times (x 71B)
Class com.google.common.collect.AbstractMapBasedMultimap$Itr                          : loaded 2 times (x 83B)
Class org.objectweb.asm.FieldVisitor                                                  : loaded 2 times (x 77B)
Class com.google.common.collect.IndexedImmutableSet                                   : loaded 2 times (x 152B)
Class com.google.common.collect.ImmutableMap$1                                        : loaded 2 times (x 81B)
Class com.google.common.collect.BiMap                                                 : loaded 2 times (x 70B)
Class org.gradle.api.internal.classpath.DefaultModuleRegistry$DefaultModule           : loaded 2 times (x 82B)
Class com.google.common.base.Joiner                                                   : loaded 2 times (x 79B)
Class kotlin.ResultKt                                                                 : loaded 2 times (x 71B)
Class org.apache.commons.io.output.ByteArrayOutputStream                              : loaded 2 times (x 102B)
Class com.google.common.collect.NullsFirstOrdering                                    : loaded 2 times (x 115B)
Class com.google.common.reflect.Reflection                                            : loaded 2 times (x 71B)
Class com.google.common.base.Absent                                                   : loaded 2 times (x 80B)
Class com.google.common.collect.FluentIterable$2                                      : loaded 2 times (x 81B)
Class com.google.common.primitives.Ints                                               : loaded 2 times (x 71B)
Class com.google.common.collect.BaseImmutableMultimap                                 : loaded 2 times (x 123B)
Class com.google.common.reflect.TypeResolver$TypeVariableKey                          : loaded 2 times (x 72B)
Class com.google.common.collect.EmptyImmutableListMultimap                            : loaded 2 times (x 176B)
Class org.jetbrains.org.objectweb.asm.FieldVisitor                                    : loaded 2 times (x 77B)
Class kotlin.collections.builders.ListBuilder                                         : loaded 2 times (x 207B)
Class kotlin.Deprecated                                                               : loaded 2 times (x 70B)
Class kotlin.Result$Failure                                                           : loaded 2 times (x 72B)
Class com.google.common.collect.FluentIterable$3                                      : loaded 2 times (x 81B)
Class com.google.common.collect.ObjectArrays                                          : loaded 2 times (x 71B)
Class com.google.common.collect.Multiset                                              : loaded 2 times (x 70B)
Class com.google.common.collect.ArrayListMultimapGwtSerializationDependencies         : loaded 2 times (x 172B)
Class com.squareup.javapoet.ParameterizedTypeName                                     : loaded 2 times (x 81B)
Class dagger.hilt.processor.internal.optionvalues.GradleProjectType                   : loaded 2 times (x 79B)
Class kotlin.collections.builders.ListBuilder$Companion                               : loaded 2 times (x 71B)
Class kotlin.reflect.jvm.internal.impl.builtins.jvm.JavaToKotlinClassMap              : loaded 2 times (x 71B)
Class kotlin.reflect.jvm.internal.KotlinReflectionInternalError                       : loaded 2 times (x 82B)
Class kotlin.collections.builders.AbstractMapBuilderEntrySet                          : loaded 2 times (x 144B)
Class org.apache.commons.io.output.NullOutputStream                                   : loaded 2 times (x 85B)
Class com.google.common.collect.ImmutableMapEntrySet                                  : loaded 2 times (x 152B)
Class org.gradle.api.internal.classpath.Module                                        : loaded 2 times (x 70B)
Class jdk.internal.jrtfs.SystemImage$2                                                : loaded 2 times (x 76B)
Class kotlin.reflect.jvm.internal.impl.name.FqNamesUtilKt                             : loaded 2 times (x 71B)
Class com.google.common.cache.CacheLoader$FunctionToCacheLoader                       : loaded 2 times (x 75B)
Class kotlin.KotlinVersion                                                            : loaded 2 times (x 74B)
Class build_1p5ng3vrp53gvo83taf79czk9                                                 : loaded 2 times (x 172B)
Class com.google.common.cache.Weigher                                                 : loaded 2 times (x 70B)
Class org.gradle.api.internal.classpath.UnknownModuleException                        : loaded 2 times (x 82B)
Class org.apache.commons.io.output.UnsynchronizedByteArrayOutputStream                : loaded 2 times (x 102B)
Class jdk.internal.jimage.ImageHeader                                                 : loaded 2 times (x 71B)
Class kotlin.sequences.DistinctIterator                                               : loaded 2 times (x 83B)
Class build_1p5ng3vrp53gvo83taf79czk9$_run_closure1                                   : loaded 2 times (x 139B)
Class org.apache.commons.io.file.Counters$PathCounters                                : loaded 2 times (x 70B)
Class org.apache.commons.io.Charsets                                                  : loaded 2 times (x 71B)
Class com.google.common.base.Stopwatch                                                : loaded 2 times (x 72B)
Class com.google.common.cache.LocalCache$Strength                                     : loaded 2 times (x 81B)
Class com.google.common.cache.Cache                                                   : loaded 2 times (x 70B)
Class com.google.common.collect.Maps$IteratorBasedAbstractMap$1                       : loaded 2 times (x 138B)
Class org.jetbrains.kotlin.build.report.metrics.BuildMetricsReporter                  : loaded 2 times (x 70B)
Class com.google.common.io.AppendableWriter                                           : loaded 2 times (x 100B)
Class org.apache.commons.io.filefilter.IOFileFilter                                   : loaded 2 times (x 70B)
Class com.google.common.base.NullnessCasts                                            : loaded 2 times (x 71B)
Class com.google.common.collect.AbstractMultimap$Entries                              : loaded 2 times (x 120B)
Class com.google.common.util.concurrent.AbstractFuture$Cancellation                   : loaded 2 times (x 72B)
Class com.google.common.collect.ImmutableMap$Builder                                  : loaded 2 times (x 82B)
Class org.jetbrains.org.objectweb.asm.FieldWriter                                     : loaded 2 times (x 78B)
Class org.jetbrains.org.objectweb.asm.MethodVisitor                                   : loaded 2 times (x 105B)
Class kotlin.io.ByteStreamsKt                                                         : loaded 2 times (x 71B)
Class [Lkotlin.reflect.jvm.internal.impl.builtins.PrimitiveType;                      : loaded 2 times (x 69B)
Class kotlin.reflect.jvm.internal.impl.builtins.StandardNames                         : loaded 2 times (x 71B)
Class kotlin.reflect.jvm.internal.ReflectProperties$LazySoftVal                       : loaded 2 times (x 78B)
Class com.google.common.reflect.Types$ParameterizedTypeImpl                           : loaded 2 times (x 81B)
Class com.google.common.collect.Maps$EntryFunction$1                                  : loaded 2 times (x 91B)
Class com.google.common.base.Present                                                  : loaded 2 times (x 81B)
Class com.google.common.collect.AbstractMapBasedMultimap$WrappedCollection$WrappedIterator: loaded 2 times (x 84B)
Class com.google.common.cache.RemovalListener                                         : loaded 2 times (x 70B)
Class org.gradle.api.internal.DefaultClassPathRegistry                                : loaded 2 times (x 76B)
Class org.apache.commons.io.filefilter.AbstractFileFilter                             : loaded 2 times (x 121B)
Class com.google.common.collect.ImmutableListMultimap                                 : loaded 2 times (x 176B)
Class com.google.common.collect.ImmutableRangeSet$AsSet                               : loaded 2 times (x 300B)
Class [Lkotlin.coroutines.intrinsics.CoroutineSingletons;                             : loaded 2 times (x 69B)
Class kotlin.annotation.AnnotationTarget                                              : loaded 2 times (x 79B)
Class kotlin.ranges.ClosedRange                                                       : loaded 2 times (x 70B)
Class com.google.common.collect.ImmutableMultimap$Keys                                : loaded 2 times (x 166B)
Class org.apache.commons.io.file.DeleteOption                                         : loaded 2 times (x 70B)
Class com.google.common.reflect.Invokable$ConstructorInvokable                        : loaded 2 times (x 107B)
Class com.google.common.collect.Maps$EntryFunction$2                                  : loaded 2 times (x 91B)
Class com.google.common.primitives.IntsMethodsForWeb                                  : loaded 2 times (x 71B)
Class org.gradle.internal.classpath.DefaultClassPath$ImmutableUniqueList              : loaded 2 times (x 199B)
Class org.gradle.api.internal.ClassPathRegistry                                       : loaded 2 times (x 70B)
Class org.jetbrains.org.objectweb.asm.ByteVector                                      : loaded 2 times (x 78B)
Class kotlin.reflect.jvm.internal.impl.resolve.jvm.JvmPrimitiveType                   : loaded 2 times (x 79B)
Class kotlin.UByte$Companion                                                          : loaded 2 times (x 71B)
Class jdk.internal.jimage.decompressor.ResourceDecompressor                           : loaded 2 times (x 70B)
Class kotlin.jvm.internal.TypeIntrinsics                                              : loaded 2 times (x 71B)
Class kotlin.collections.IntIterator                                                  : loaded 2 times (x 82B)
Class org.gradle.kotlin.dsl.CoreLibraryDesugaringConfigurationAccessorsKt             : loaded 2 times (x 71B)
Class com.google.common.reflect.TypeToken                                             : loaded 2 times (x 73B)
Class com.google.common.collect.NullnessCasts                                         : loaded 2 times (x 71B)
Class com.google.common.collect.MapMakerInternalMap$Segment                           : loaded 2 times (x 142B)
Class com.google.common.base.ExtraObjectsMethodsForWeb                                : loaded 2 times (x 71B)
Class org.apache.commons.io.IOUtils                                                   : loaded 2 times (x 71B)
Class [Lkotlin.annotation.AnnotationTarget;                                           : loaded 2 times (x 69B)
Class [Lorg.jetbrains.org.objectweb.asm.AnnotationWriter;                             : loaded 2 times (x 69B)
Class jdk.internal.jrtfs.SystemImage$1                                                : loaded 2 times (x 78B)
Class [Lorg.jetbrains.org.objectweb.asm.SymbolTable$Entry;                            : loaded 2 times (x 69B)
Class kotlin.time.DurationUnit                                                        : loaded 2 times (x 79B)
Class org.gradle.internal.classloader.InstrumentingClassLoader                        : loaded 2 times (x 70B)
Class com.google.common.cache.RemovalCause                                            : loaded 2 times (x 80B)
Class com.google.common.io.ByteSink                                                   : loaded 2 times (x 76B)
Class com.google.common.cache.CacheBuilder                                            : loaded 2 times (x 72B)
Class Settings_gradle$1                                                               : loaded 2 times (x 75B)
Class org.gradle.internal.classpath.ClassPath                                         : loaded 2 times (x 70B)
Class org.gradle.internal.classpath.TransformedClassPath                              : loaded 2 times (x 96B)
Class kotlin.sequences.SequencesKt__SequencesKt$asSequence$$inlined$Sequence$1        : loaded 2 times (x 75B)
Class [Lkotlin.reflect.jvm.internal.impl.name.FqName;                                 : loaded 2 times (x 69B)
Class com.google.common.cache.CacheBuilder$NullListener                               : loaded 2 times (x 82B)
Class kotlin.sequences.TakeWhileSequence$iterator$1                                   : loaded 2 times (x 79B)
Class kotlin.collections.ArrayDeque                                                   : loaded 2 times (x 207B)
Class [Lcom.google.common.reflect.Types$JavaVersion;                                  : loaded 2 times (x 69B)
Class com.google.common.collect.Interners$InternerBuilder                             : loaded 2 times (x 76B)
Class com.google.common.io.Files$FileByteSource                                       : loaded 2 times (x 85B)
Class com.google.common.base.JdkPattern                                               : loaded 2 times (x 75B)
Class org.jetbrains.kotlin.com.intellij.openapi.diagnostic.Logger                     : loaded 2 times (x 99B)
Class org.objectweb.asm.FieldWriter                                                   : loaded 2 times (x 78B)
Class com.google.common.collect.MapMaker$Dummy                                        : loaded 2 times (x 79B)
Class com.google.common.reflect.Invokable                                             : loaded 2 times (x 103B)
Class kotlin.time.DurationUnitKt__DurationUnitKt                                      : loaded 2 times (x 71B)
Class com.google.common.io.CharStreams$NullWriter                                     : loaded 2 times (x 99B)
Class com.google.common.io.CharSource$CharSequenceCharSource                          : loaded 2 times (x 86B)
Class org.objectweb.asm.SymbolTable$Entry                                             : loaded 2 times (x 74B)
Class org.gradle.api.internal.classpath.DefaultModuleRegistry$DefaultModuleAlias      : loaded 2 times (x 80B)
Class org.apache.http.HttpMessage                                                     : loaded 2 times (x 70B)
Class org.jetbrains.org.objectweb.asm.ClassWriter                                     : loaded 2 times (x 106B)
Class jdk.internal.jimage.ImageStringsReader                                          : loaded 2 times (x 80B)
Class kotlin.jvm.internal.markers.KMutableMap$Entry                                   : loaded 2 times (x 70B)
Class org.objectweb.asm.Edge                                                          : loaded 2 times (x 72B)
Class com.google.common.base.Suppliers$SupplierOfInstance                             : loaded 2 times (x 79B)
Class com.google.common.collect.MapDifference                                         : loaded 2 times (x 70B)
Class com.google.common.cache.LocalCache$Strength$3                                   : loaded 2 times (x 81B)
Class kotlin.properties.Delegates                                                     : loaded 2 times (x 71B)
Class kotlin.Metadata                                                                 : loaded 2 times (x 70B)
Class kotlin.collections.AbstractMutableSet                                           : loaded 2 times (x 142B)
Class com.google.devtools.ksp.processing.KSPJvmConfig                                 : loaded 2 times (x 72B)
Class com.google.common.reflect.TypeToken$1                                           : loaded 2 times (x 110B)
Class com.google.common.cache.LocalCache$ComputingValueReference                      : loaded 2 times (x 96B)
Class com.google.common.collect.ImmutableMap$IteratorBasedImmutableMap                : loaded 2 times (x 126B)
Class com.google.common.base.Splitter$1                                               : loaded 2 times (x 77B)
Class jdk.internal.jimage.ImageReader                                                 : loaded 2 times (x 75B)
Class com.google.common.collect.AbstractMapBasedMultimap$AsMap$AsMapEntries           : loaded 2 times (x 138B)
Class com.google.common.reflect.TypeToken$2                                           : loaded 2 times (x 110B)
Class com.google.common.cache.LocalCache$Segment                                      : loaded 2 times (x 154B)
Class com.google.common.collect.TransformedIterator                                   : loaded 2 times (x 80B)
Class org.jetbrains.kotlin.cli.jvm.compiler.KotlinCoreEnvironment                     : loaded 2 times (x 72B)
Class com.google.common.collect.Interner                                              : loaded 2 times (x 70B)
Class kotlin.reflect.jvm.internal.ReflectProperties                                   : loaded 2 times (x 71B)
Class jdk.internal.jimage.ImageReader$SharedImageReader                               : loaded 2 times (x 95B)
Class kotlin.time.DurationJvmKt                                                       : loaded 2 times (x 71B)
Class [Lcom.google.common.base.Supplier;                                              : loaded 2 times (x 69B)
Class org.apache.http.client.HttpClient                                               : loaded 2 times (x 70B)
Class com.google.common.collect.SortedIterable                                        : loaded 2 times (x 70B)
Class com.google.common.collect.AbstractListMultimap                                  : loaded 2 times (x 172B)
Class [Lorg.objectweb.asm.SymbolTable$Entry;                                          : loaded 2 times (x 69B)
Class com.google.common.cache.CacheLoader                                             : loaded 2 times (x 74B)
Class com.google.common.collect.ImmutableBiMap                                        : loaded 2 times (x 143B)
Class org.gradle.api.internal.classpath.ModuleRegistry                                : loaded 2 times (x 70B)
Class org.gradle.internal.installation.GradleInstallation$1                           : loaded 2 times (x 75B)
Class com.google.common.collect.Interners$InternerImpl                                : loaded 2 times (x 75B)
Class com.google.common.io.ByteStreams                                                : loaded 2 times (x 71B)
Class org.jetbrains.org.objectweb.asm.AnnotationVisitor                               : loaded 2 times (x 78B)
Class jdk.internal.jimage.decompressor.ResourceDecompressorFactory                    : loaded 2 times (x 74B)
Class com.google.devtools.ksp.processing.KSPLogger                                    : loaded 2 times (x 70B)
Class com.google.common.base.Splitter$SplittingIterator                               : loaded 2 times (x 84B)
Class org.apache.commons.io.output.NullWriter                                         : loaded 2 times (x 99B)
Class com.google.common.util.concurrent.internal.InternalFutureFailureAccess          : loaded 2 times (x 72B)
Class kotlin.reflect.jvm.internal.KDeclarationContainerImpl                           : loaded 2 times (x 84B)
Class kotlin.text.RegexKt                                                             : loaded 2 times (x 71B)
Class kotlin.time.Duration$Companion                                                  : loaded 2 times (x 71B)
Class kotlin.coroutines.intrinsics.IntrinsicsKt__IntrinsicsKt                         : loaded 2 times (x 71B)
Class [Lcom.google.common.collect.Maps$EntryFunction;                                 : loaded 2 times (x 69B)
Class org.apache.commons.io.IOCase                                                    : loaded 2 times (x 80B)
Class com.google.common.collect.ImmutableMultimap$Values                              : loaded 2 times (x 126B)
Class com.google.common.collect.ImmutableSortedAsList                                 : loaded 2 times (x 221B)
Class com.google.common.collect.Iterators$6                                           : loaded 2 times (x 81B)
Class com.google.common.collect.HashBiMap$Inverse                                     : loaded 2 times (x 142B)
Class com.google.common.cache.LocalCache$LocalManualCache$1                           : loaded 2 times (x 75B)
Class com.google.common.base.CharMatcher$ForPredicate                                 : loaded 2 times (x 112B)
Class com.google.common.collect.AllEqualOrdering                                      : loaded 2 times (x 114B)
Class com.google.common.cache.LocalCache$Strength$2                                   : loaded 2 times (x 81B)
Class com.google.common.util.concurrent.SettableFuture                                : loaded 2 times (x 114B)
Class jdk.internal.jimage.ImageReader$Node                                            : loaded 2 times (x 84B)
Class com.google.common.collect.ImmutableSortedMap$1EntrySet                          : loaded 2 times (x 155B)
Class com.google.common.collect.Multimaps$CustomSetMultimap                           : loaded 2 times (x 178B)
Class com.google.common.base.CharMatcher$AnyOf                                        : loaded 2 times (x 112B)
Class org.gradle.api.internal.classpath.DefaultModuleRegistry                         : loaded 2 times (x 84B)
Class com.squareup.javapoet.TypeName                                                  : loaded 2 times (x 81B)
Class org.apache.commons.io.output.QueueOutputStream                                  : loaded 2 times (x 87B)
Class com.google.common.collect.Collections2$FilteredCollection                       : loaded 2 times (x 119B)
Class org.jetbrains.org.objectweb.asm.AnnotationWriter                                : loaded 2 times (x 79B)
Class com.google.common.reflect.Types$ClassOwnership$3                                : loaded 2 times (x 71B)
Class org.jetbrains.kotlin.build.report.metrics.GradleBuildTime$Companion             : loaded 2 times (x 71B)
Class kotlin.reflect.jvm.internal.impl.name.SpecialNames                              : loaded 2 times (x 71B)
Class org.apache.commons.io.file.Counters$Counter                                     : loaded 2 times (x 70B)
Class jdk.internal.jimage.BasicImageReader$1                                          : loaded 2 times (x 77B)
Class kotlin.KotlinVersionCurrentValue                                                : loaded 2 times (x 71B)
Class kotlin.collections.builders.MapBuilder$Itr                                      : loaded 2 times (x 72B)
Class org.apache.http.client.CredentialsProvider                                      : loaded 2 times (x 70B)
Class org.apache.http.message.AbstractHttpMessage                                     : loaded 2 times (x 108B)
Class com.google.common.collect.Lists                                                 : loaded 2 times (x 71B)
Class com.google.common.util.concurrent.ListenableFuture                              : loaded 2 times (x 70B)
Class com.google.common.cache.ReferenceEntry                                          : loaded 2 times (x 70B)
Class com.google.common.base.Converter                                                : loaded 2 times (x 90B)
Class kotlin.coroutines.jvm.internal.ContinuationImpl                                 : loaded 2 times (x 87B)
Class kotlin.coroutines.jvm.internal.SuspendLambda                                    : loaded 2 times (x 91B)
Class org.jetbrains.kotlin.com.intellij.openapi.diagnostic.Logger$DefaultFactory      : loaded 2 times (x 74B)
Class kotlin.collections.MapWithDefault                                               : loaded 2 times (x 70B)
Class kotlin.jvm.internal.markers.KMutableSet                                         : loaded 2 times (x 70B)
Class kotlin.annotation.AnnotationRetention                                           : loaded 2 times (x 79B)
Class org.gradle.kotlin.dsl.ProtobufConfigurationAccessorsKt                          : loaded 2 times (x 71B)
Class com.google.common.collect.AbstractMapBasedMultimap                              : loaded 2 times (x 139B)
Class com.google.common.util.concurrent.AbstractFuture                                : loaded 2 times (x 106B)
Class com.google.common.base.FunctionalEquivalence                                    : loaded 2 times (x 83B)
Class kotlin.collections.builders.MapBuilderEntries                                   : loaded 2 times (x 145B)
Class kotlin.coroutines.jvm.internal.RestrictedContinuationImpl                       : loaded 2 times (x 87B)
Class kotlin.coroutines.CoroutineContext$Key                                          : loaded 2 times (x 70B)
Class org.apache.http.client.methods.AbortableHttpRequest                             : loaded 2 times (x 70B)
Class com.google.common.collect.ImmutableMultiset                                     : loaded 2 times (x 163B)
Class com.google.common.io.CharStreams                                                : loaded 2 times (x 71B)
Class com.google.common.reflect.TypeResolver$TypeTable                                : loaded 2 times (x 73B)
Class org.objectweb.asm.RecordComponentVisitor                                        : loaded 2 times (x 77B)
Class com.google.common.cache.CacheLoader$SupplierToCacheLoader                       : loaded 2 times (x 75B)
Class com.google.common.cache.LocalCache$Strength$1                                   : loaded 2 times (x 81B)
Class org.objectweb.asm.ModuleVisitor                                                 : loaded 2 times (x 81B)
Class jdk.internal.jimage.decompressor.Decompressor                                   : loaded 2 times (x 72B)
Class jdk.internal.jimage.ImageReader$Resource                                        : loaded 2 times (x 84B)
Class [Lkotlin.Pair;                                                                  : loaded 2 times (x 69B)
Class kotlin.jvm.internal.markers.KMutableList                                        : loaded 2 times (x 70B)
Class com.google.common.collect.UsingToStringOrdering                                 : loaded 2 times (x 114B)
Class com.google.common.reflect.TypeResolver$TypeTable$1                              : loaded 2 times (x 73B)
Class com.google.common.collect.Maps$EntryTransformer                                 : loaded 2 times (x 70B)
Class org.gradle.internal.service.ServiceLookupException                              : loaded 2 times (x 82B)
Class org.jetbrains.kotlin.com.intellij.openapi.diagnostic.LogLevel                   : loaded 2 times (x 79B)
Class jdk.internal.jrtfs.JrtFileAttributes                                            : loaded 2 times (x 83B)
Class kotlin.sequences.SequencesKt___SequencesKt$sortedWith$1                         : loaded 2 times (x 75B)
Class com.google.common.collect.Sets$4                                                : loaded 2 times (x 139B)
Class kotlin.jvm.internal.MutablePropertyReference1Impl                               : loaded 2 times (x 137B)
Class com.google.common.collect.ImmutableSortedSet                                    : loaded 2 times (x 300B)
Class com.google.common.collect.Lists$ReverseList                                     : loaded 2 times (x 200B)
Class [Lcom.google.common.cache.LocalCache$EntryFactory;                              : loaded 2 times (x 69B)
Class org.gradle.internal.classloader.ClassLoaderFactory                              : loaded 2 times (x 70B)
Class kotlin.reflect.jvm.internal.impl.builtins.PrimitiveType                         : loaded 2 times (x 79B)
Class org.apache.commons.io.function.IOBiFunction                                     : loaded 2 times (x 70B)
Class [Lorg.apache.commons.io.FileSystem;                                             : loaded 2 times (x 69B)
Class com.google.common.collect.ImmutableMap$SerializedForm                           : loaded 2 times (x 73B)
Class org.apache.commons.io.CloseableURLConnection                                    : loaded 2 times (x 116B)
Class com.google.common.base.CommonPattern                                            : loaded 2 times (x 74B)
Class com.google.common.cache.LocalCache$LocalManualCache                             : loaded 2 times (x 99B)
Class com.google.common.base.CharMatcher$IsNot                                        : loaded 2 times (x 111B)
Class org.gradle.internal.service.CachingServiceLocator                               : loaded 2 times (x 82B)
Class com.google.common.collect.MapMakerInternalMap$StrongValueEntry                  : loaded 2 times (x 70B)
Class com.google.common.io.ByteArrayDataInput                                         : loaded 2 times (x 70B)
Class kotlin.collections.AbstractList$IteratorImpl                                    : loaded 2 times (x 82B)
Class com.google.common.collect.RegularImmutableSortedSet                             : loaded 2 times (x 300B)
Class org.apache.commons.io.filefilter.ConditionalFileFilter                          : loaded 2 times (x 70B)
Class com.google.common.collect.AbstractMapBasedMultimap$KeySet                       : loaded 2 times (x 137B)
Class org.jetbrains.kotlin.build.report.metrics.BuildTime                             : loaded 2 times (x 70B)
Class kotlin.reflect.jvm.internal.impl.descriptors.runtime.structure.ReflectClassUtilKt: loaded 2 times (x 71B)
Class kotlin.properties.ReadOnlyProperty                                              : loaded 2 times (x 70B)
Class kotlin.jvm.internal.markers.KMutableMap                                         : loaded 2 times (x 70B)
Class kotlin.ranges.IntRange                                                          : loaded 2 times (x 93B)
Class org.apache.commons.io.file.Counters$AbstractPathCounters                        : loaded 2 times (x 82B)
Class com.google.common.reflect.Types$TypeVariableInvocationHandler                   : loaded 2 times (x 75B)
Class [Lcom.google.common.collect.HashBiMap$BiEntry;                                  : loaded 2 times (x 69B)
Class com.google.common.collect.MapMakerInternalMap$InternalEntry                     : loaded 2 times (x 70B)
Class com.google.common.collect.ImmutableMapEntry                                     : loaded 2 times (x 85B)
Class org.jetbrains.org.objectweb.asm.Type                                            : loaded 2 times (x 72B)
Class org.jetbrains.kotlin.build.report.metrics.DoNothingBuildMetricsReporter         : loaded 2 times (x 87B)
Class com.google.common.reflect.TypeResolver                                          : loaded 2 times (x 72B)
Class com.google.common.base.Predicates                                               : loaded 2 times (x 71B)
Class com.google.common.collect.ImmutableMultimap                                     : loaded 2 times (x 147B)
Class com.google.common.base.Equivalence                                              : loaded 2 times (x 82B)
Class com.google.common.base.Function                                                 : loaded 2 times (x 70B)
Class com.google.common.collect.ImmutableMapEntry$NonTerminalImmutableMapEntry        : loaded 2 times (x 85B)
Class ijKotlinCoroutineJvmDebugInit1_9p1l5s8gnmxgsq4o9zfv76uj8$_run_closure1$_closure2: loaded 2 times (x 139B)
Class com.google.common.reflect.Types$ClassOwnership$2                                : loaded 2 times (x 80B)
Class kotlin.jvm.internal.markers.KMutableListIterator                                : loaded 2 times (x 70B)
Class com.google.common.collect.IndexedImmutableSet$1                                 : loaded 2 times (x 213B)
Class org.apache.commons.io.output.AbstractByteArrayOutputStream                      : loaded 2 times (x 102B)
Class com.google.common.cache.CacheBuilder$OneWeigher                                 : loaded 2 times (x 82B)
Class org.jetbrains.kotlin.com.intellij.openapi.diagnostic.Logger$Factory             : loaded 2 times (x 70B)
Class kotlin.reflect.jvm.internal.KDeclarationContainerImpl$Companion                 : loaded 2 times (x 71B)
Class jdk.internal.jimage.ImageBufferCache                                            : loaded 2 times (x 71B)
Class jdk.internal.jrtfs.JrtPath                                                      : loaded 2 times (x 118B)
Class kotlin.text.StringsKt__StringsKt$lineSequence$$inlined$Sequence$1               : loaded 2 times (x 75B)
Class org.gradle.kotlin.dsl.TestImplementationConfigurationAccessorsKt                : loaded 2 times (x 71B)
Class com.google.common.collect.ImmutableSortedMap                                    : loaded 2 times (x 217B)
Class com.google.common.reflect.Types$ClassOwnership$1LocalClass                      : loaded 2 times (x 71B)
Class com.google.common.collect.Maps$EntryFunction                                    : loaded 2 times (x 91B)
Class org.gradle.internal.classloader.ClasspathUtil                                   : loaded 2 times (x 71B)
Class [Lorg.apache.commons.io.IOCase;                                                 : loaded 2 times (x 69B)
Class kotlin.UShort                                                                   : loaded 2 times (x 74B)
Class kotlin.sequences.EmptySequence                                                  : loaded 2 times (x 78B)
Class kotlin.collections.builders.SetBuilder                                          : loaded 2 times (x 143B)
Class com.google.common.util.concurrent.Uninterruptibles                              : loaded 2 times (x 71B)
Class com.squareup.javapoet.TypeVariableName                                          : loaded 2 times (x 81B)
Class org.jetbrains.org.objectweb.asm.ModuleVisitor                                   : loaded 2 times (x 81B)
Class kotlin.reflect.full.IllegalCallableAccessException                              : loaded 2 times (x 82B)
Class kotlin.reflect.jvm.internal.impl.name.ClassId                                   : loaded 2 times (x 72B)
Class [Lorg.jetbrains.org.objectweb.asm.Attribute;                                    : loaded 2 times (x 69B)
Class kotlin.sequences.DistinctSequence                                               : loaded 2 times (x 75B)
Class com.google.common.io.CharSource                                                 : loaded 2 times (x 85B)
Class com.google.common.collect.AbstractMapBasedMultimap$WrappedSet                   : loaded 2 times (x 142B)
Class com.google.common.util.concurrent.LazyLogger                                    : loaded 2 times (x 72B)
Class com.google.common.collect.Maps                                                  : loaded 2 times (x 71B)
Class org.gradle.api.specs.Spec                                                       : loaded 2 times (x 70B)
Class org.gradle.internal.service.UnknownServiceException                             : loaded 2 times (x 83B)
Class com.google.common.cache.LocalCache$LocalLoadingCache                            : loaded 2 times (x 134B)
Class kotlin.jvm.internal.PropertyReference2                                          : loaded 2 times (x 127B)
Class jdk.internal.jimage.ImageReader$SharedImageReader$LocationVisitor               : loaded 2 times (x 70B)
Class kotlin.UnsafeLazyImpl                                                           : loaded 2 times (x 76B)
Class com.google.common.reflect.Types$JavaVersion                                     : loaded 2 times (x 83B)
Class com.google.common.collect.MapMaker                                              : loaded 2 times (x 72B)
Class org.apache.commons.io.file.PathFilter                                           : loaded 2 times (x 70B)
Class [Lcom.google.common.collect.ImmutableEntry;                                     : loaded 2 times (x 69B)
Class org.jetbrains.org.objectweb.asm.Symbol                                          : loaded 2 times (x 73B)
Class [Lkotlin.reflect.jvm.internal.impl.builtins.jvm.JavaToKotlinClassMap$PlatformMutabilityMapping;: loaded 2 times (x 69B)
Class com.google.common.collect.Sets$3                                                : loaded 2 times (x 139B)
Class kotlin.reflect.full.IllegalPropertyDelegateAccessException                      : loaded 2 times (x 82B)
Class kotlin.jvm.internal.ArrayIterator                                               : loaded 2 times (x 79B)
Class com.google.common.collect.Sets$3$1                                              : loaded 2 times (x 82B)
Class com.google.common.cache.LocalCache$LoadingValueReference                        : loaded 2 times (x 96B)
Class com.squareup.javapoet.ArrayTypeName                                             : loaded 2 times (x 81B)
Class [Lorg.objectweb.asm.AnnotationVisitor;                                          : loaded 2 times (x 69B)
Class com.google.common.base.AbstractIterator$State                                   : loaded 2 times (x 79B)
Class com.google.common.collect.MapMakerInternalMap$Strength$2                        : loaded 2 times (x 80B)
Class jdk.internal.jimage.decompressor.ResourceDecompressorRepository                 : loaded 2 times (x 71B)
Class kotlin.jvm.internal.SpreadBuilder                                               : loaded 2 times (x 76B)
Class com.google.common.reflect.Types$ClassOwnership$1                                : loaded 2 times (x 80B)
Class com.google.common.collect.CollectSpliterators                                   : loaded 2 times (x 71B)
Class com.google.common.collect.AbstractMapBasedMultimap$AsMap                        : loaded 2 times (x 128B)
Class com.google.common.io.LineReader$1                                               : loaded 2 times (x 75B)
Class org.apache.commons.io.filefilter.AndFileFilter                                  : loaded 2 times (x 132B)
Class com.google.common.reflect.Invokable$MethodInvokable                             : loaded 2 times (x 107B)
Class com.google.common.collect.MapMakerInternalMap$StrongKeyDummyValueEntry          : loaded 2 times (x 82B)
Class com.google.common.collect.Multimaps$Entries                                     : loaded 2 times (x 118B)
Class com.google.common.base.Platform                                                 : loaded 2 times (x 71B)
Class kotlin.collections.CollectionsKt___CollectionsKt$asSequence$$inlined$Sequence$1 : loaded 2 times (x 75B)
Class jdk.internal.jrtfs.SystemImage                                                  : loaded 2 times (x 74B)
Class org.gradle.api.internal.ClassPathProvider                                       : loaded 2 times (x 70B)
Class jdk.internal.jimage.ImageReader$Directory                                       : loaded 2 times (x 84B)
Class kotlin.io.FilePathComponents                                                    : loaded 2 times (x 72B)
Class kotlin.coroutines.jvm.internal.RestrictedSuspendLambda                          : loaded 2 times (x 91B)
Class com.google.devtools.ksp.processing.KspGradleLogger$Companion                    : loaded 2 times (x 71B)
Class [Lorg.gradle.api.internal.ClassPathProvider;                                    : loaded 2 times (x 69B)
Class com.google.common.collect.CompoundOrdering                                      : loaded 2 times (x 115B)
Class com.google.common.collect.AbstractMapBasedMultimap$WrappedList                  : loaded 2 times (x 205B)
Class [Lorg.objectweb.asm.AnnotationWriter;                                           : loaded 2 times (x 69B)
Class com.google.common.collect.Maps$8                                                : loaded 2 times (x 82B)
Class com.google.common.collect.Sets$2                                                : loaded 2 times (x 139B)
Class com.google.common.collect.Maps$ViewCachingAbstractMap                           : loaded 2 times (x 125B)
Class com.google.common.collect.MapMakerInternalMap$Strength$1                        : loaded 2 times (x 80B)
Class [Lcom.google.common.base.Function;                                              : loaded 2 times (x 69B)
Class kotlin.collections.MutableMapWithDefaultImpl                                    : loaded 2 times (x 144B)
Class kotlin.Triple                                                                   : loaded 2 times (x 72B)
Class kotlin.sequences.SequencesKt__SequenceBuilderKt$sequence$$inlined$Sequence$1    : loaded 2 times (x 75B)
Class org.gradle.kotlin.dsl.Accessors55me7wpst1rz9iws7sgcife9rKt                      : loaded 2 times (x 71B)
Class com.google.common.collect.ImmutableRangeSet$Builder                             : loaded 2 times (x 77B)
Class com.google.common.base.Predicates$CompositionPredicate                          : loaded 2 times (x 88B)
Class [Lcom.google.common.collect.Iterators$EmptyModifiableIterator;                  : loaded 2 times (x 69B)
Class com.google.common.collect.Lists$ReverseList$1                                   : loaded 2 times (x 99B)
Class com.google.common.collect.Sets$SetView                                          : loaded 2 times (x 138B)
Class com.google.common.cache.LocalCache$StrongValueReference                         : loaded 2 times (x 90B)
Class org.apache.commons.io.FilenameUtils                                             : loaded 2 times (x 71B)
Class com.google.common.collect.NaturalOrdering                                       : loaded 2 times (x 115B)
Class kotlin.jvm.internal.Ref$ObjectRef                                               : loaded 2 times (x 72B)
Class Build_gradle$4                                                                  : loaded 2 times (x 75B)
Class com.google.common.graph.SuccessorsFunction                                      : loaded 2 times (x 70B)
Class org.objectweb.asm.Type                                                          : loaded 2 times (x 72B)
Class org.gradle.internal.classloader.VisitableURLClassLoader$InstrumentingVisitableURLClassLoader: loaded 2 times (x 123B)
Class com.google.common.io.CharSource$ConcatenatedCharSource                          : loaded 2 times (x 86B)
Class org.apache.http.HttpEntityEnclosingRequest                                      : loaded 2 times (x 70B)
Class kotlin.sequences.SequenceScope                                                  : loaded 2 times (x 73B)
Class kotlin.collections.builders.MapBuilder$EntryRef                                 : loaded 2 times (x 81B)
Class [Lkotlin.reflect.jvm.internal.impl.resolve.jvm.JvmPrimitiveType;                : loaded 2 times (x 69B)
Class kotlin.text.MatchResult                                                         : loaded 2 times (x 70B)
Class kotlin.reflect.jvm.internal.impl.builtins.jvm.JavaToKotlinClassMap$PlatformMutabilityMapping: loaded 2 times (x 72B)
Class kotlin.coroutines.Continuation                                                  : loaded 2 times (x 70B)
Class org.gradle.api.internal.DefaultClassPathProvider                                : loaded 2 times (x 76B)
Class org.objectweb.asm.AnnotationVisitor                                             : loaded 2 times (x 78B)
Class Build_gradle$5                                                                  : loaded 2 times (x 74B)
Class org.apache.commons.io.file.Counters                                             : loaded 2 times (x 71B)
Class com.google.common.collect.MapMakerInternalMap$StrongKeyDummyValueEntry$Helper   : loaded 2 times (x 79B)
Class org.apache.commons.io.FileUtils                                                 : loaded 2 times (x 71B)
Class com.google.common.io.Files$FileByteSink                                         : loaded 2 times (x 77B)
Class org.objectweb.asm.ByteVector                                                    : loaded 2 times (x 79B)
Class [Lcom.google.common.cache.CacheBuilder$NullListener;                            : loaded 2 times (x 69B)
Class org.gradle.internal.classloader.VisitableURLClassLoader$Spec                    : loaded 2 times (x 74B)
Class org.gradle.internal.classpath.DefaultClassPath                                  : loaded 2 times (x 90B)
Class com.google.common.collect.Sets$1                                                : loaded 2 times (x 139B)
Class com.google.common.collect.Iterators$EmptyModifiableIterator                     : loaded 2 times (x 86B)
Class com.google.common.base.Splitter                                                 : loaded 2 times (x 72B)
Class [Lorg.jetbrains.kotlin.build.report.metrics.GradleBuildTime;                    : loaded 2 times (x 69B)
Class jdk.internal.jimage.decompressor.ZipDecompressorFactory                         : loaded 2 times (x 74B)
Class kotlin.Result$Companion                                                         : loaded 2 times (x 71B)
Class kotlin.coroutines.jvm.internal.BaseContinuationImpl                             : loaded 2 times (x 87B)
Class kotlin.text.CharsKt__CharJVMKt                                                  : loaded 2 times (x 71B)
Class com.google.devtools.ksp.processing.KspGradleLogger                              : loaded 2 times (x 79B)
Class Build_gradle$2$2$2                                                              : loaded 2 times (x 74B)
Class com.google.common.collect.ImmutableSortedMap$1EntrySet$1                        : loaded 2 times (x 213B)
Class com.google.common.reflect.Types$ClassOwnership                                  : loaded 2 times (x 80B)
Class com.google.common.base.AbstractIterator                                         : loaded 2 times (x 80B)
Class org.objectweb.asm.Symbol                                                        : loaded 2 times (x 73B)
Class com.google.common.collect.ImmutableSet$SerializedForm                           : loaded 2 times (x 73B)
Class com.google.common.collect.ComparatorOrdering                                    : loaded 2 times (x 115B)
Class com.google.common.io.Java8Compatibility                                         : loaded 2 times (x 71B)
Class com.google.common.collect.Sets$FilteredSet                                      : loaded 2 times (x 137B)
Class com.google.common.io.Closer                                                     : loaded 2 times (x 78B)
Class com.google.common.base.CharMatcher$BitSetMatcher                                : loaded 2 times (x 112B)
Class com.google.common.collect.RegularImmutableMap$Values                            : loaded 2 times (x 207B)
Class org.gradle.internal.classloader.ClassLoaderSpec                                 : loaded 2 times (x 71B)
Class kotlin.jvm.internal.AdaptedFunctionReference                                    : loaded 2 times (x 77B)
Class kotlin.jvm.internal.ArrayIteratorKt                                             : loaded 2 times (x 71B)
Class kotlin.reflect.jvm.internal.ReflectProperties$Val$1                             : loaded 2 times (x 71B)
Class kotlin.collections.ReversedListReadOnly                                         : loaded 2 times (x 198B)
Class kotlin.text.DelimitedRangesSequence                                             : loaded 2 times (x 75B)
Class com.google.common.io.ByteSource$EmptyByteSource                                 : loaded 2 times (x 85B)
Class org.objectweb.asm.AnnotationWriter                                              : loaded 2 times (x 79B)
Class com.google.common.cache.CacheStats                                              : loaded 2 times (x 71B)
Class com.google.common.collect.ImmutableEnumMap                                      : loaded 2 times (x 126B)
Class com.google.common.collect.ListMultimap                                          : loaded 2 times (x 70B)
Class org.apache.commons.io.output.StringBuilderWriter                                : loaded 2 times (x 100B)
Class kotlin.jdk7.AutoCloseableKt                                                     : loaded 2 times (x 71B)
Class kotlin.time.DurationKt                                                          : loaded 2 times (x 71B)
Class kotlin.jvm.internal.markers.KMutableIterable                                    : loaded 2 times (x 70B)
Class [Lcom.google.common.base.Predicate;                                             : loaded 2 times (x 69B)
Class com.google.common.collect.ImmutableMultisetGwtSerializationDependencies         : loaded 2 times (x 125B)
Class com.google.common.collect.Interners                                             : loaded 2 times (x 71B)
Class com.google.common.io.Closer$Suppressor                                          : loaded 2 times (x 70B)
Class com.google.common.io.LineProcessor                                              : loaded 2 times (x 70B)
Class com.google.common.collect.AbstractMapBasedMultimap$2                            : loaded 2 times (x 85B)
Class org.objectweb.asm.RecordComponentWriter                                         : loaded 2 times (x 78B)
Class com.google.common.util.concurrent.AbstractFuture$Listener                       : loaded 2 times (x 72B)
Class com.google.common.base.CharMatcher$Or                                           : loaded 2 times (x 112B)
Class Settings_gradle$1$1                                                             : loaded 2 times (x 74B)
Class org.gradle.api.internal.classpath.Module$ModuleAlias                            : loaded 2 times (x 70B)
Class [Lorg.apache.commons.io.StandardLineSeparator;                                  : loaded 2 times (x 69B)
Class kotlin.io.FileTreeWalk$DirectoryState                                           : loaded 2 times (x 73B)
Class [Lorg.objectweb.asm.Label;                                                      : loaded 2 times (x 69B)
Class org.objectweb.asm.Attribute                                                     : loaded 2 times (x 77B)
Class com.google.common.base.Supplier                                                 : loaded 2 times (x 70B)
Class org.gradle.internal.classloader.VisitableURLClassLoader                         : loaded 2 times (x 117B)
Class com.google.common.collect.ImmutableRangeSet                                     : loaded 2 times (x 115B)
Class kotlin.reflect.jvm.internal.KClassImpl                                          : loaded 2 times (x 115B)
Class com.google.common.collect.CollectSpliterators$1WithCharacteristics              : loaded 2 times (x 90B)
Class [Lkotlin.DeprecationLevel;                                                      : loaded 2 times (x 69B)
Class kotlin.sequences.GeneratorSequence                                              : loaded 2 times (x 75B)
Class kotlin.sequences.FlatteningSequence$iterator$1                                  : loaded 2 times (x 79B)
Class com.google.common.io.CharSource$AsByteSource                                    : loaded 2 times (x 85B)
Class org.apache.commons.io.file.PathVisitor                                          : loaded 2 times (x 70B)
Class com.google.common.collect.ImmutableList$SerializedForm                          : loaded 2 times (x 73B)
Class Settings_gradle                                                                 : loaded 2 times (x 124B)
Class org.gradle.internal.Cast                                                        : loaded 2 times (x 71B)
Class org.gradle.api.Action                                                           : loaded 2 times (x 70B)
Class kotlin.coroutines.ContinuationInterceptor                                       : loaded 2 times (x 70B)
Class jdk.internal.jimage.decompressor.ZipDecompressor                                : loaded 2 times (x 75B)
Class kotlin.properties.ReadWriteProperty                                             : loaded 2 times (x 70B)
Class kotlin.collections.AbstractMutableList                                          : loaded 2 times (x 206B)
Class com.google.common.collect.HashBiMap                                             : loaded 2 times (x 143B)
Class com.google.common.collect.MapMakerInternalMap                                   : loaded 2 times (x 161B)
Class com.google.common.base.Strings                                                  : loaded 2 times (x 71B)
Class com.google.common.collect.Sets                                                  : loaded 2 times (x 71B)
Class org.objectweb.asm.Handler                                                       : loaded 2 times (x 72B)
Class com.google.common.base.Ticker                                                   : loaded 2 times (x 72B)
Class com.google.common.base.CharMatcher$FastMatcher                                  : loaded 2 times (x 111B)
Class ijKotlinCoroutineJvmDebugInit1_9p1l5s8gnmxgsq4o9zfv76uj8$_run_closure1          : loaded 2 times (x 139B)
Class [Lcom.google.common.collect.ImmutableMapEntry;                                  : loaded 2 times (x 69B)
Class kotlin.jvm.internal.markers.KMutableIterator                                    : loaded 2 times (x 70B)
Class kotlin.KotlinNothingValueException                                              : loaded 2 times (x 82B)
Class com.google.devtools.ksp.processing.KSPConfig                                    : loaded 2 times (x 72B)
Class com.google.common.collect.ImmutableSortedSet$Builder                            : loaded 2 times (x 86B)
Class com.google.common.cache.RemovalCause$1                                          : loaded 2 times (x 80B)
Class [Lcom.google.common.cache.LocalCache$Segment;                                   : loaded 2 times (x 69B)
Class [Lcom.google.common.cache.LocalCache$Strength;                                  : loaded 2 times (x 69B)
Class com.google.common.cache.CacheBuilder$1                                          : loaded 2 times (x 85B)
Class com.google.common.base.Predicate                                                : loaded 2 times (x 70B)
Class com.google.common.collect.ImmutableMap                                          : loaded 2 times (x 120B)
Class org.gradle.internal.classpath.DefaultClassPath$ImmutableUniqueList$Builder      : loaded 2 times (x 75B)
Class com.google.common.collect.Ordering                                              : loaded 2 times (x 114B)
Class org.gradle.kotlin.dsl.Accessorscvl8x451nzrmsj2k23u8o6x7aKt                      : loaded 2 times (x 71B)
Class kotlin.reflect.jvm.internal.KDeclarationContainerImpl$Data                      : loaded 2 times (x 72B)
Class kotlin.io.FileTreeWalk$WalkState                                                : loaded 2 times (x 73B)
Class com.google.common.collect.AbstractRangeSet                                      : loaded 2 times (x 114B)
Class com.google.common.cache.RemovalCause$2                                          : loaded 2 times (x 80B)
Class com.google.common.collect.MapMakerInternalMap$WeakValueReference                : loaded 2 times (x 70B)
Class com.google.common.cache.LocalCache                                              : loaded 2 times (x 187B)
Class com.google.common.cache.CacheBuilder$2                                          : loaded 2 times (x 79B)
Class com.google.common.base.CharMatcher$NegatedFastMatcher                           : loaded 2 times (x 113B)
Class kotlin.io.FileTreeWalk$FileTreeWalkIterator                                     : loaded 2 times (x 83B)
Class kotlin.reflect.jvm.internal.impl.builtins.PrimitiveType$Companion               : loaded 2 times (x 71B)
Class kotlin.sequences.SequencesKt___SequencesKt$flatMap$2                            : loaded 2 times (x 125B)
Class org.jetbrains.org.objectweb.asm.ClassReader                                     : loaded 2 times (x 92B)
Class kotlin.reflect.jvm.internal.KClassImpl$Data                                     : loaded 2 times (x 72B)
Class kotlin.annotation.Target                                                        : loaded 2 times (x 70B)
Class com.google.common.cache.RemovalCause$3                                          : loaded 2 times (x 80B)
Class com.google.common.collect.ArrayListMultimap                                     : loaded 2 times (x 172B)
Class com.google.common.cache.CacheBuilder$3                                          : loaded 2 times (x 72B)
Class [Lcom.google.common.collect.AbstractMapEntry;                                   : loaded 2 times (x 69B)
Class com.google.common.collect.ImmutableEntry                                        : loaded 2 times (x 82B)
Class org.gradle.api.GradleException                                                  : loaded 2 times (x 82B)
Class org.jetbrains.org.objectweb.asm.SymbolTable$Entry                               : loaded 2 times (x 74B)
Class [Ldagger.hilt.processor.internal.optionvalues.GradleProjectType;                : loaded 2 times (x 69B)
Class com.google.common.base.CharMatcher$None                                         : loaded 2 times (x 112B)
Class [Lcom.google.common.collect.AbstractIterator$State;                             : loaded 2 times (x 69B)
Class jdk.internal.jimage.ImageStrings                                                : loaded 2 times (x 70B)
Class kotlin.annotation.Retention                                                     : loaded 2 times (x 70B)
Class com.google.common.io.CharSource$EmptyCharSource                                 : loaded 2 times (x 86B)
Class com.google.common.cache.RemovalCause$4                                          : loaded 2 times (x 80B)
Class com.google.common.base.Suppliers$MemoizingSupplier                              : loaded 2 times (x 79B)
Class org.apache.commons.io.StandardLineSeparator                                     : loaded 2 times (x 79B)
Class com.google.common.collect.CollectPreconditions                                  : loaded 2 times (x 71B)
Class org.apache.commons.io.file.PathUtils                                            : loaded 2 times (x 71B)
Class com.google.common.collect.ReverseNaturalOrdering                                : loaded 2 times (x 114B)
Class com.google.common.io.ByteSource$ConcatenatedByteSource                          : loaded 2 times (x 85B)
Class org.apache.http.client.methods.HttpUriRequest                                   : loaded 2 times (x 70B)
Class kotlin.reflect.jvm.internal.KTypeParameterOwnerImpl                             : loaded 2 times (x 70B)
Class org.apache.http.client.methods.HttpExecutionAware                               : loaded 2 times (x 70B)
Class com.google.common.cache.RemovalCause$5                                          : loaded 2 times (x 80B)
Class com.google.common.collect.Maps$AbstractFilteredMap                              : loaded 2 times (x 127B)
Class [Lcom.google.common.collect.MapMakerInternalMap$Strength;                       : loaded 2 times (x 69B)
Class [Lcom.google.common.io.FileWriteMode;                                           : loaded 2 times (x 69B)
Class com.google.common.collect.SortedMapDifference                                   : loaded 2 times (x 70B)
Class [Lorg.jetbrains.org.objectweb.asm.Symbol;                                       : loaded 2 times (x 69B)
Class kotlin.KotlinVersion$Companion                                                  : loaded 2 times (x 71B)
Class kotlin.jvm.internal.FloatCompanionObject                                        : loaded 2 times (x 71B)
Class kotlin.reflect.jvm.internal.impl.name.Name                                      : loaded 2 times (x 75B)
Class [Lkotlin.time.DurationUnit;                                                     : loaded 2 times (x 69B)
Class kotlin.sequences.SequencesKt___SequencesKt$asIterable$$inlined$Iterable$1       : loaded 2 times (x 79B)
Class Build_gradle$1$1                                                                : loaded 2 times (x 75B)
Class com.google.common.collect.Iterables$4                                           : loaded 2 times (x 81B)
Class com.google.common.collect.MapMakerInternalMap$StrongKeyDummyValueSegment        : loaded 2 times (x 142B)
Class com.google.common.cache.LocalCache$WriteThroughEntry                            : loaded 2 times (x 79B)
Class com.google.common.cache.LocalCache$HashIterator                                 : loaded 2 times (x 86B)
Class com.google.common.io.Files                                                      : loaded 2 times (x 71B)
Class com.google.common.cache.LocalCache$EntryFactory                                 : loaded 2 times (x 83B)
Class com.squareup.javapoet.Util                                                      : loaded 2 times (x 71B)
Class kotlin.sequences.SequencesKt___SequencesKt$flatMap$1                            : loaded 2 times (x 125B)
Class org.jetbrains.org.objectweb.asm.ClassVisitor                                    : loaded 2 times (x 88B)
Class org.jetbrains.kotlin.cli.jvm.compiler.KotlinCoreEnvironment$Companion           : loaded 2 times (x 71B)
Class kotlin.reflect.jvm.internal.impl.name.FqNameUnsafe                              : loaded 2 times (x 72B)
Class org.gradle.internal.classloader.DefaultClassLoaderFactory                       : loaded 2 times (x 82B)
Class [Lkotlin.annotation.AnnotationRetention;                                        : loaded 2 times (x 69B)
Class kotlin.collections.builders.MapBuilder$Companion                                : loaded 2 times (x 71B)
Class com.google.common.collect.NullsLastOrdering                                     : loaded 2 times (x 115B)
Class com.google.common.reflect.Types$NativeTypeVariableEquals                        : loaded 2 times (x 71B)
Class com.google.common.reflect.TypeParameter                                         : loaded 2 times (x 72B)
Class com.google.common.collect.Iterables$5                                           : loaded 2 times (x 81B)
Class [Lcom.google.common.collect.MapMaker$Dummy;                                     : loaded 2 times (x 69B)
Class com.google.common.base.CharMatcher$Whitespace                                   : loaded 2 times (x 112B)
Class com.google.common.cache.LocalCache$AbstractReferenceEntry                       : loaded 2 times (x 107B)
Class org.gradle.internal.IoActions                                                   : loaded 2 times (x 71B)
Class com.google.common.base.Suppliers                                                : loaded 2 times (x 71B)
Class org.jetbrains.org.objectweb.asm.Attribute                                       : loaded 2 times (x 75B)
Class org.jetbrains.org.objectweb.asm.Label                                           : loaded 2 times (x 72B)
Class [Lcom.google.common.cache.CacheBuilder$OneWeigher;                              : loaded 2 times (x 69B)
Class org.objectweb.asm.MethodTooLargeException                                       : loaded 2 times (x 83B)
Class com.google.common.base.Platform$JdkPatternCompiler                              : loaded 2 times (x 75B)
Class com.google.common.collect.MapMakerInternalMap$Strength                          : loaded 2 times (x 80B)
Class kotlin.reflect.jvm.internal.EmptyContainerForLocal                              : loaded 2 times (x 84B)
Class kotlin.annotation.MustBeDocumented                                              : loaded 2 times (x 70B)
Class com.google.common.collect.ImmutableRangeSet$ComplementRanges                    : loaded 2 times (x 207B)
Class org.apache.http.client.methods.HttpPut                                          : loaded 2 times (x 153B)
Class org.apache.http.client.methods.Configurable                                     : loaded 2 times (x 70B)
Class com.google.common.collect.ImmutableMapKeySet                                    : loaded 2 times (x 152B)
Class org.objectweb.asm.SymbolTable                                                   : loaded 2 times (x 72B)
Class com.google.common.cache.CacheLoader$InvalidCacheLoadException                   : loaded 2 times (x 82B)
Class org.jetbrains.org.objectweb.asm.Frame                                           : loaded 2 times (x 73B)
Class com.google.common.collect.MapMakerInternalMap$StrongKeyDummyValueEntry$LinkedStrongKeyDummyValueEntry: loaded 2 times (x 82B)
Class kotlin.reflect.jvm.internal.impl.name.FqName                                    : loaded 2 times (x 72B)
Class org.objectweb.asm.ClassVisitor                                                  : loaded 2 times (x 88B)
Class kotlin.jvm.internal.PropertyReference0Impl                                      : loaded 2 times (x 127B)
Class kotlin.jvm.internal.markers.KMutableCollection                                  : loaded 2 times (x 70B)
Class kotlin.coroutines.intrinsics.IntrinsicsKt                                       : loaded 2 times (x 71B)
Class kotlin.ranges.IntRange$Companion                                                : loaded 2 times (x 71B)
Class kotlin.collections.EmptyMap                                                     : loaded 2 times (x 108B)
Class [Lorg.objectweb.asm.Symbol;                                                     : loaded 2 times (x 69B)
Class com.google.common.collect.FluentIterable                                        : loaded 2 times (x 81B)
Class com.google.common.cache.LocalCache$StrongEntry                                  : loaded 2 times (x 108B)
Class com.google.common.util.concurrent.AbstractFuture$TrustedFuture                  : loaded 2 times (x 114B)
Class com.google.common.cache.LoadingCache                                            : loaded 2 times (x 70B)
Class com.google.common.collect.TransformedListIterator                               : loaded 2 times (x 93B)
Class com.google.common.cache.LocalCache$Values                                       : loaded 2 times (x 118B)
Class com.google.common.reflect.TypeCapture                                           : loaded 2 times (x 71B)
Class jdk.internal.jrtfs.JrtFileSystem                                                : loaded 2 times (x 102B)
Class kotlin.sequences.TakeWhileSequence                                              : loaded 2 times (x 75B)
Class kotlin.io.FileTreeWalk$FileTreeWalkIterator$TopDownDirectoryState               : loaded 2 times (x 74B)
Class kotlin.coroutines.intrinsics.CoroutineSingletons                                : loaded 2 times (x 79B)
Class org.apache.commons.io.function.IOFunction                                       : loaded 2 times (x 70B)
Class kotlin.sequences.TransformingSequence                                           : loaded 2 times (x 75B)
Class org.gradle.kotlin.dsl.KspConfigurationAccessorsKt                               : loaded 2 times (x 71B)
Class com.google.common.base.Suppliers$NonSerializableMemoizingSupplier               : loaded 2 times (x 79B)
Class com.google.common.io.ByteStreams$LimitedInputStream                             : loaded 2 times (x 92B)
Class org.objectweb.asm.MethodWriter                                                  : loaded 2 times (x 106B)
Class [Lcom.google.common.cache.Weigher;                                              : loaded 2 times (x 69B)
Class com.google.common.collect.RegularImmutableMap$BucketOverflowException           : loaded 2 times (x 82B)
Class kotlin.collections.builders.ListBuilder$Itr                                     : loaded 2 times (x 94B)
Class jdk.internal.jimage.decompressor.StringSharingDecompressorFactory               : loaded 2 times (x 74B)
Class jdk.internal.jimage.decompressor.CompressedResourceHeader                       : loaded 2 times (x 71B)
Class kotlin.text.Charsets                                                            : loaded 2 times (x 71B)
Class kotlin.sequences.SequenceBuilderIterator                                        : loaded 2 times (x 85B)
Class kotlin.ranges.OpenEndRange                                                      : loaded 2 times (x 70B)
Class Build_gradle$6$1                                                                : loaded 2 times (x 75B)
Class com.google.common.collect.ImmutableMultimap$1                                   : loaded 2 times (x 82B)
Class com.google.common.collect.AbstractMapBasedMultimap$RandomAccessWrappedList      : loaded 2 times (x 205B)
Class com.google.common.collect.ImmutableMap$MapViewOfValuesAsSingletonSets           : loaded 2 times (x 126B)
Class com.google.common.collect.RegularImmutableMap                                   : loaded 2 times (x 121B)
Class kotlin.UByte                                                                    : loaded 2 times (x 74B)
Class kotlin.UShort$Companion                                                         : loaded 2 times (x 71B)
Class com.google.common.collect.ImmutableMultimap$2                                   : loaded 2 times (x 81B)
Class com.google.common.reflect.Types$JavaVersion$1                                   : loaded 2 times (x 83B)
Class com.google.common.collect.AbstractIterator$State                                : loaded 2 times (x 79B)
Class com.google.common.collect.RegularImmutableBiMap                                 : loaded 2 times (x 149B)
Class com.google.common.cache.LocalCache$ValueReference                               : loaded 2 times (x 70B)
Class com.google.common.base.CharMatcher$Negated                                      : loaded 2 times (x 113B)
Class com.google.common.base.CharMatcher$Is                                           : loaded 2 times (x 111B)
Class com.google.common.io.ByteArrayDataOutput                                        : loaded 2 times (x 70B)
Class org.apache.commons.io.FileSystem                                                : loaded 2 times (x 80B)
Class org.jetbrains.org.objectweb.asm.Opcodes                                         : loaded 2 times (x 70B)
Class [Lorg.jetbrains.org.objectweb.asm.AnnotationVisitor;                            : loaded 2 times (x 69B)
Class org.jetbrains.kotlin.com.intellij.openapi.diagnostic.Attachment                 : loaded 2 times (x 72B)
Class kotlin.ranges.IntProgression$Companion                                          : loaded 2 times (x 71B)
Class kotlin.collections.builders.MapBuilder                                          : loaded 2 times (x 112B)
Class kotlin.coroutines.jvm.internal.Boxing                                           : loaded 2 times (x 71B)
Class kotlin.collections.ArrayDeque$Companion                                         : loaded 2 times (x 71B)
Class kotlin.text.CharsKt__CharKt                                                     : loaded 2 times (x 71B)
Class com.google.common.reflect.Types$JavaVersion$2                                   : loaded 2 times (x 83B)
Class com.google.common.reflect.Types                                                 : loaded 2 times (x 71B)
Class com.google.common.hash.PrimitiveSink                                            : loaded 2 times (x 70B)
Class com.google.common.base.PatternCompiler                                          : loaded 2 times (x 70B)
Class com.google.common.util.concurrent.AbstractFuture$Failure                        : loaded 2 times (x 72B)
Class com.google.common.base.Equivalence$Equals                                       : loaded 2 times (x 82B)
Class kotlin.jvm.internal.MutablePropertyReference2                                   : loaded 2 times (x 137B)
Class kotlin.reflect.jvm.internal.ReflectProperties$Val                               : loaded 2 times (x 74B)
Class com.google.common.util.concurrent.ExecutionError                                : loaded 2 times (x 82B)
Class com.google.common.collect.ImmutableEnumSet                                      : loaded 2 times (x 146B)
Class kotlin.coroutines.EmptyCoroutineContext                                         : loaded 2 times (x 77B)
Class com.google.common.collect.ByFunctionOrdering                                    : loaded 2 times (x 115B)
Class [Lorg.apache.commons.io.file.DeleteOption;                                      : loaded 2 times (x 69B)
Class com.google.common.reflect.Types$JavaVersion$3                                   : loaded 2 times (x 83B)
Class com.google.common.collect.ImmutableSetMultimap                                  : loaded 2 times (x 180B)
Class com.google.common.io.CharSink                                                   : loaded 2 times (x 79B)
Class com.google.common.base.Joiner$1                                                 : loaded 2 times (x 80B)
Class org.objectweb.asm.Label                                                         : loaded 2 times (x 73B)
Class org.objectweb.asm.CurrentFrame                                                  : loaded 2 times (x 73B)
Class org.objectweb.asm.ClassTooLargeException                                        : loaded 2 times (x 83B)
Class com.google.common.base.CharMatcher                                              : loaded 2 times (x 111B)
Class org.jetbrains.org.objectweb.asm.RecordComponentWriter                           : loaded 2 times (x 78B)
Class com.google.common.collect.AbstractMapBasedMultimap$WrappedCollection            : loaded 2 times (x 124B)
Class [Lcom.google.common.cache.RemovalCause;                                         : loaded 2 times (x 69B)
Class kotlin.InitializedLazyImpl                                                      : loaded 2 times (x 76B)
Class com.google.common.collect.RangeGwtSerializationDependencies                     : loaded 2 times (x 71B)
Class com.google.common.io.ByteSource$AsCharSource                                    : loaded 2 times (x 86B)
Class com.google.common.reflect.Types$JavaVersion$4                                   : loaded 2 times (x 83B)
Class com.google.common.collect.MapMakerInternalMap$InternalEntryHelper               : loaded 2 times (x 70B)
Class com.google.common.collect.Maps$IteratorBasedAbstractMap                         : loaded 2 times (x 125B)
Class com.google.common.collect.Table                                                 : loaded 2 times (x 70B)
Class com.google.common.base.Joiner$2                                                 : loaded 2 times (x 79B)
Class org.objectweb.asm.Frame                                                         : loaded 2 times (x 73B)
Class org.objectweb.asm.MethodVisitor                                                 : loaded 2 times (x 105B)
Class com.google.common.cache.LocalCache$EntryFactory$1                               : loaded 2 times (x 83B)
Class [Lcom.google.common.cache.RemovalListener;                                      : loaded 2 times (x 69B)
Class com.google.common.base.CharMatcher$1                                            : loaded 2 times (x 113B)
Class com.google.common.base.CharMatcher$NamedFastMatcher                             : loaded 2 times (x 112B)
Class ijKotlinCoroutineJvmDebugInit1_9p1l5s8gnmxgsq4o9zfv76uj8                        : loaded 2 times (x 171B)
Class org.jetbrains.org.objectweb.asm.MethodWriter                                    : loaded 2 times (x 106B)
Class org.gradle.internal.classloader.ClassLoaderHierarchy                            : loaded 2 times (x 70B)
Class com.google.common.base.CharMatcher$IsEither                                     : loaded 2 times (x 111B)
Class [Lcom.google.common.base.AbstractIterator$State;                                : loaded 2 times (x 69B)
Class com.google.common.collect.RangeSet                                              : loaded 2 times (x 70B)
Class com.google.common.reflect.Types$JavaVersion$5                                   : loaded 2 times (x 71B)
Class [Lcom.google.common.reflect.Types$ClassOwnership;                               : loaded 2 times (x 69B)
Class com.google.common.cache.LocalCache$EntryFactory$2                               : loaded 2 times (x 83B)
Class com.google.common.io.FileWriteMode                                              : loaded 2 times (x 79B)
Class [Lcom.google.common.collect.MapMakerInternalMap$Segment;                        : loaded 2 times (x 69B)
Class com.google.common.cache.LocalCache$ValueIterator                                : loaded 2 times (x 86B)
Class kotlin.reflect.KMutableProperty$Setter                                          : loaded 2 times (x 70B)
Class com.google.common.collect.CollectCollectors                                     : loaded 2 times (x 71B)
Class com.google.common.collect.Multimaps                                             : loaded 2 times (x 71B)
Class org.objectweb.asm.ModuleWriter                                                  : loaded 2 times (x 82B)
Class com.google.common.cache.LocalCache$EntryFactory$3                               : loaded 2 times (x 83B)
Class com.google.common.base.Ticker$1                                                 : loaded 2 times (x 72B)
Class com.google.common.collect.Maps$BiMapConverter                                   : loaded 2 times (x 90B)
Class com.google.common.collect.ImmutableMapEntrySet$RegularEntrySet                  : loaded 2 times (x 152B)
Class [Lkotlin.jvm.functions.Function1;                                               : loaded 2 times (x 69B)
Class org.jetbrains.org.objectweb.asm.RecordComponentVisitor                          : loaded 2 times (x 77B)
Class org.apache.http.auth.Credentials                                                : loaded 2 times (x 70B)
Class com.google.common.collect.CollectSpliterators$1                                 : loaded 2 times (x 90B)
Class com.google.common.collect.SetMultimap                                           : loaded 2 times (x 70B)
Class com.google.common.collect.ImmutableSet$Builder                                  : loaded 2 times (x 85B)
Class com.google.common.cache.LocalCache$EntryFactory$4                               : loaded 2 times (x 83B)
Class com.google.common.base.CharMatcher$InRange                                      : loaded 2 times (x 111B)
Class org.jetbrains.org.objectweb.asm.MethodTooLargeException                         : loaded 2 times (x 83B)
Class org.jetbrains.org.objectweb.asm.Context                                         : loaded 2 times (x 72B)
Class kotlin.sequences.ConstrainedOnceSequence                                        : loaded 2 times (x 75B)
Class com.google.common.collect.ReverseOrdering                                       : loaded 2 times (x 115B)
Class com.google.common.io.ByteStreams$1                                              : loaded 2 times (x 85B)
Class com.google.common.cache.LocalCache$EntryFactory$5                               : loaded 2 times (x 83B)
Class org.jetbrains.org.objectweb.asm.CurrentFrame                                    : loaded 2 times (x 73B)
Class com.google.common.collect.SortedSetMultimap                                     : loaded 2 times (x 70B)
Class kotlin.jvm.internal.CollectionToArray                                           : loaded 2 times (x 71B)
Class kotlin.time.Duration                                                            : loaded 2 times (x 74B)
Class kotlin.text.LinesIterator                                                       : loaded 2 times (x 79B)
Class com.google.common.collect.HashMultimap                                          : loaded 2 times (x 174B)
Class org.apache.commons.io.output.AppendableWriter                                   : loaded 2 times (x 100B)
Class com.google.common.cache.LocalCache$EntryFactory$6                               : loaded 2 times (x 83B)
Class org.gradle.internal.installation.CurrentGradleInstallationLocator               : loaded 2 times (x 71B)
Class jdk.internal.jimage.BasicImageReader                                            : loaded 2 times (x 95B)
Class kotlin.coroutines.jvm.internal.SpillingKt                                       : loaded 2 times (x 71B)
Class [Lkotlin.io.FileWalkDirection;                                                  : loaded 2 times (x 69B)
Class com.google.common.collect.ImmutableMultimap$Builder                             : loaded 2 times (x 86B)
Class com.google.common.io.ByteSource$SlicedByteSource                                : loaded 2 times (x 85B)
Class org.objectweb.asm.ClassReader                                                   : loaded 2 times (x 94B)
Class org.apache.commons.io.output.ThresholdingOutputStream                           : loaded 2 times (x 95B)
Class com.google.common.collect.Maps$KeySet                                           : loaded 2 times (x 137B)
Class com.google.common.collect.ImmutableSet$EmptySetBuilderImpl                      : loaded 2 times (x 76B)
Class com.google.common.cache.LocalCache$EntryFactory$7                               : loaded 2 times (x 83B)
Class ijJvmDebugger1_8j0f7eikbmn13eqikxw93vt1s                                        : loaded 2 times (x 171B)
Class org.gradle.internal.service.DefaultServiceLocator                               : loaded 2 times (x 83B)
Class kotlin.jvm.internal.MutablePropertyReference0                                   : loaded 2 times (x 137B)
Class org.jetbrains.org.objectweb.asm.SymbolTable                                     : loaded 2 times (x 72B)
Class kotlin.reflect.jvm.internal.impl.builtins.CompanionObjectMapping                : loaded 2 times (x 71B)
Class org.gradle.internal.classloader.FilteringClassLoader                            : loaded 2 times (x 105B)
Class jdk.internal.jrtfs.JrtDirectoryStream                                           : loaded 2 times (x 89B)
Class kotlin.io.FileTreeWalk                                                          : loaded 2 times (x 75B)
Class kotlin.coroutines.jvm.internal.SuspendFunction                                  : loaded 2 times (x 70B)
Class com.google.common.collect.ImmutableMultimap$EntryCollection                     : loaded 2 times (x 128B)
Class com.google.common.cache.LocalCache$SoftValueReference                           : loaded 2 times (x 97B)
Class com.google.common.collect.Maps$EntrySet                                         : loaded 2 times (x 136B)
Class com.google.common.cache.LocalCache$EntryFactory$8                               : loaded 2 times (x 83B)
Class org.gradle.internal.installation.CurrentGradleInstallation                      : loaded 2 times (x 73B)
Class ijJvmDebugger1_8j0f7eikbmn13eqikxw93vt1s$_run_closure1$_closure2                : loaded 2 times (x 140B)
Class org.jetbrains.org.objectweb.asm.ModuleWriter                                    : loaded 2 times (x 82B)
Class com.google.common.collect.RegularImmutableMap$KeySet                            : loaded 2 times (x 152B)
Class kotlin.jvm.internal.Ref$BooleanRef                                              : loaded 2 times (x 71B)
Class kotlin.jvm.internal.StringCompanionObject                                       : loaded 2 times (x 71B)
Class kotlin.coroutines.intrinsics.IntrinsicsKt__IntrinsicsJvmKt                      : loaded 2 times (x 71B)
Class kotlin.coroutines.jvm.internal.CoroutineStackFrame                              : loaded 2 times (x 70B)
Class org.apache.http.HttpEntity                                                      : loaded 2 times (x 70B)
Class org.apache.http.HttpRequest                                                     : loaded 2 times (x 70B)
Class com.google.common.cache.CacheLoader$1                                           : loaded 2 times (x 75B)
Class com.google.common.collect.ForwardingObject                                      : loaded 2 times (x 72B)
Class org.gradle.util.internal.GUtil                                                  : loaded 2 times (x 71B)
Class [Lorg.jetbrains.org.objectweb.asm.Label;                                        : loaded 2 times (x 69B)
Class com.google.common.base.Equivalence$Identity                                     : loaded 2 times (x 82B)
Class com.google.common.base.PairwiseEquivalence                                      : loaded 2 times (x 83B)
Class com.google.common.io.LineReader                                                 : loaded 2 times (x 72B)
Class kotlin.coroutines.jvm.internal.CompletedContinuation                            : loaded 2 times (x 75B)
Class com.google.common.io.ByteSource                                                 : loaded 2 times (x 84B)
Class com.google.common.cache.AbstractCache$StatsCounter                              : loaded 2 times (x 70B)
Class kotlin.sequences.DropTakeSequence                                               : loaded 2 times (x 70B)
Class kotlin.sequences.FlatteningSequence                                             : loaded 2 times (x 75B)
Class kotlin.reflect.jvm.internal.RuntimeTypeMapper                                   : loaded 2 times (x 71B)
Class kotlin.time.DurationUnitKt                                                      : loaded 2 times (x 71B)
Class kotlin.ranges.IntProgressionIterator                                            : loaded 2 times (x 82B)
Class kotlin.coroutines.jvm.internal.DebugProbesKt                                    : loaded 2 times (x 71B)
Class kotlin.coroutines.CoroutineContext                                              : loaded 2 times (x 70B)
Class kotlin.io.TextStreamsKt                                                         : loaded 2 times (x 71B)
Class com.google.common.io.LineBuffer                                                 : loaded 2 times (x 75B)
Class com.google.common.reflect.Types$TypeVariableImpl                                : loaded 2 times (x 72B)
Class org.objectweb.asm.Context                                                       : loaded 2 times (x 72B)
Class com.google.common.collect.MapMakerInternalMap$1                                 : loaded 2 times (x 83B)
Class org.gradle.internal.installation.GradleInstallation                             : loaded 2 times (x 75B)
Class com.squareup.javapoet.ClassName                                                 : loaded 2 times (x 84B)
Class kotlin.collections.CollectionsKt__IteratorsJVMKt$iterator$1                     : loaded 2 times (x 79B)
Class jdk.internal.jimage.decompressor.ResourceDecompressor$StringsProvider           : loaded 2 times (x 70B)
Class com.google.common.collect.LexicographicalOrdering                               : loaded 2 times (x 115B)
Class com.google.common.base.Splitter$Strategy                                        : loaded 2 times (x 70B)
Class com.google.common.collect.Iterables                                             : loaded 2 times (x 71B)
Class org.jetbrains.kotlin.com.intellij.openapi.diagnostic.DefaultLogger              : loaded 2 times (x 100B)
Class [Lkotlin.sequences.Sequence;                                                    : loaded 2 times (x 69B)
Class kotlin.io.FileWalkDirection                                                     : loaded 2 times (x 79B)
Class kotlin.ranges.IntProgression                                                    : loaded 2 times (x 81B)
Class com.google.common.collect.Lists$RandomAccessReverseList                         : loaded 2 times (x 200B)

---------------  S Y S T E M  ---------------

OS:
 Windows 11 , 64 bit Build 26100 (10.0.26100.7920)
OS uptime: 5 days 9:20 hours
Hyper-V role detected

CPU: total 12 (initial active 12) (6 cores per cpu, 2 threads per core) family 6 model 165 stepping 3 microcode 0xf0, cx8, cmov, fxsr, ht, mmx, 3dnowpref, sse, sse2, sse3, ssse3, sse4.1, sse4.2, popcnt, lzcnt, tsc, tscinvbit, avx, avx2, aes, erms, clmul, bmi1, bmi2, adx, fma, vzeroupper, clflush, clflushopt, hv, rdtscp, f16c
Processor Information for the first 12 processors :
  Max Mhz: 2901, Current Mhz: 2901, Mhz Limit: 2901

Memory: 4k page, system-wide physical 32683M (2003M free)
TotalPageFile size 56830M (AvailPageFile size 73M)
current process WorkingSet (physical memory assigned to process): 5218M, peak: 5485M
current process commit charge ("private bytes"): 5375M, peak: 5654M

vm_info: OpenJDK 64-Bit Server VM (21.0.9+-14787801-b1163.94) for windows-amd64 JRE (21.0.9+-14787801-b1163.94), built on 2026-01-27T21:15:44Z by "builder" with MS VC++ 16.10 / 16.11 (VS2019)

END.
