#
# There is insufficient memory for the Java Runtime Environment to continue.
# Native memory allocation (malloc) failed to allocate 752496 bytes for Chunk::new
# Possible reasons:
#   The system is out of physical RAM or swap space
#   The process is running with CompressedOops enabled, and the Java Heap may be blocking the growth of the native heap
# Possible solutions:
#   Reduce memory load on the system
#   Increase physical memory or swap space
#   Check if swap backing store is full
#   Decrease Java heap size (-Xmx/-Xms)
#   Decrease number of Java threads
#   Decrease Java thread stack sizes (-Xss)
#   Set larger code cache with -XX:ReservedCodeCacheSize=
#   JVM is running with Zero Based Compressed Oops mode in which the Java heap is
#     placed in the first 32GB address space. The Java Heap base address is the
#     maximum limit for the native heap growth. Please use -XX:HeapBaseMinAddress
#     to set the Java Heap base and to place the Java Heap above 32GB virtual address.
# This output file may be truncated or incomplete.
#
#  Out of Memory Error (arena.cpp:168), pid=39068, tid=51892
#
# JRE version: Java(TM) SE Runtime Environment (21.0.2+13) (build 21.0.2+13-LTS-58)
# Java VM: Java HotSpot(TM) 64-Bit Server VM (21.0.2+13-LTS-58, mixed mode, sharing, tiered, compressed oops, compressed class ptrs, g1 gc, windows-amd64)
# No core dump will be written. Minidumps are not enabled by default on client versions of Windows
#

---------------  S U M M A R Y ------------

Command Line: --add-opens=java.base/java.lang=ALL-UNNAMED --add-opens=java.base/java.lang.invoke=ALL-UNNAMED --add-opens=java.base/java.util=ALL-UNNAMED --add-opens=java.prefs/java.util.prefs=ALL-UNNAMED --add-exports=jdk.compiler/com.sun.tools.javac.api=ALL-UNNAMED --add-exports=jdk.compiler/com.sun.tools.javac.util=ALL-UNNAMED --add-opens=java.base/java.util=ALL-UNNAMED --add-opens=java.prefs/java.util.prefs=ALL-UNNAMED --add-opens=java.base/java.nio.charset=ALL-UNNAMED --add-opens=java.base/java.net=ALL-UNNAMED --add-opens=java.base/java.util.concurrent.atomic=ALL-UNNAMED --add-opens=java.xml/javax.xml.namespace=ALL-UNNAMED -Xmx4608m -Dfile.encoding=UTF-8 -Duser.country=CN -Duser.language=zh -Duser.variant -javaagent:C:\Users\xpfasd\.gradle\wrapper\dists\gradle-8.14.3-all\10utluxaxniiv4wxiphsi49nj\gradle-8.14.3\lib\agents\gradle-instrumentation-agent-8.14.3.jar org.gradle.launcher.daemon.bootstrap.GradleDaemon 8.14.3

Host: AMD Ryzen 7 7840H with Radeon 780M Graphics    , 16 cores, 27G,  Windows 11 , 64 bit Build 26100 (10.0.26100.8246)
Time: Sat Apr 18 23:51:41 2026  Windows 11 , 64 bit Build 26100 (10.0.26100.8246) elapsed time: 5376.654315 seconds (0d 1h 29m 36s)

---------------  T H R E A D  ---------------

Current thread (0x000001f351795180):  JavaThread "C2 CompilerThread0" daemon [_thread_in_native, id=51892, stack(0x000000cb1e600000,0x000000cb1e700000) (1024K)]


Current CompileTask:
C2:5376654 189452       4       ksp.org.jetbrains.kotlin.fir.java.FirJavaFacadeKt::convertJavaConstructorToFir (988 bytes)

Stack: [0x000000cb1e600000,0x000000cb1e700000]
Native frames: (J=compiled Java code, j=interpreted, Vv=VM code, C=native code)
V  [jvm.dll+0x6cade9]
V  [jvm.dll+0x8569c1]
V  [jvm.dll+0x858d2e]
V  [jvm.dll+0x859413]
V  [jvm.dll+0x280e56]
V  [jvm.dll+0xc3f3d]
V  [jvm.dll+0xc4473]
V  [jvm.dll+0x2f437f]
V  [jvm.dll+0x5f5056]
V  [jvm.dll+0x252d7f]
V  [jvm.dll+0x24b589]
V  [jvm.dll+0x2490a3]
V  [jvm.dll+0x1c9634]
V  [jvm.dll+0x258859]
V  [jvm.dll+0x256e3a]
V  [jvm.dll+0x3ef6c6]
V  [jvm.dll+0x7ff568]
V  [jvm.dll+0x6c953d]
C  [ucrtbase.dll+0x37b0]
C  [KERNEL32.DLL+0x2e8d7]
C  [ntdll.dll+0x8c3fc]


---------------  P R O C E S S  ---------------

Threads class SMR info:
_java_thread_list=0x000001f3b7fc6180, length=212, elements={
0x000001f32ee1b0a0, 0x000001f3517797d0, 0x000001f35177c340, 0x000001f351780920,
0x000001f3517824c0, 0x000001f351788310, 0x000001f3517896a0, 0x000001f351795180,
0x000001f35179a770, 0x000001f351900610, 0x000001f351ac7f70, 0x000001f398830390,
0x000001f3986872f0, 0x000001f398ab35e0, 0x000001f3986dea20, 0x000001f3986df0b0,
0x000001f3986df740, 0x000001f39b1a8410, 0x000001f39b1aab70, 0x000001f39b1ac5b0,
0x000001f39c142bf0, 0x000001f39fb415a0, 0x000001f39fb45740, 0x000001f39fb45dd0,
0x000001f39fb46460, 0x000001f39fb4da80, 0x000001f39fb4e7a0, 0x000001f3a6a87700,
0x000001f3a6a88420, 0x000001f3a9e05130, 0x000001f351bda0e0, 0x000001f3a6e82580,
0x000001f3b7573f30, 0x000001f3b8693ab0, 0x000001f3b86947d0, 0x000001f3c07830f0,
0x000001f3a6e811d0, 0x000001f39a212030, 0x000001f39a2126c0, 0x000001f3a6e832a0,
0x000001f3a6e7fe20, 0x000001f3bf6882b0, 0x000001f3a8a9b170, 0x000001f3a9b91d30,
0x000001f3a8a9a450, 0x000001f3a8a9aae0, 0x000001f3c1997aa0, 0x000001f3c19987c0,
0x000001f3a6e804b0, 0x000001f3a6e82c10, 0x000001f3a8a9d740, 0x000001f3a8a9eaf0,
0x000001f3a8a9f180, 0x000001f3a8a9d0b0, 0x000001f3a8a9e460, 0x000001f3a8a9ddd0,
0x000001f3a8a9fea0, 0x000001f39fbad650, 0x000001f39fbb0ad0, 0x000001f39fbafdb0,
0x000001f39fbb0440, 0x000001f39fbadce0, 0x000001f39fbae370, 0x000001f39fbaea00,
0x000001f39fbaf090, 0x000001f3c0783780, 0x000001f3c0783e10, 0x000001f3c0786570,
0x000001f3c07844a0, 0x000001f3c0784b30, 0x000001f3c07851c0, 0x000001f3c0785ee0,
0x000001f3c0785850, 0x000001f39f44a0e0, 0x000001f39f44ae00, 0x000001f39f449a50,
0x000001f39f448d30, 0x000001f39f4493c0, 0x000001f39f44b490, 0x000001f39f44bb20,
0x000001f399f0eef0, 0x000001f399f10fc0, 0x000001f399f12370, 0x000001f399f0fc10,
0x000001f399f102a0, 0x000001f399f11650, 0x000001f3a8a9ca20, 0x000001f3a8a9f810,
0x000001f3bae9bc10, 0x000001f3bae9c930, 0x000001f3bae9cfc0, 0x000001f3bae9dce0,
0x000001f3bae9c2a0, 0x000001f3bae9d650, 0x000001f3bae9e370, 0x000001f3bae9aef0,
0x000001f3bae9b580, 0x000001f3bf73ada0, 0x000001f3bf738640, 0x000001f3bf73a710,
0x000001f3bf737fb0, 0x000001f3a6ff3180, 0x000001f3a6ff3810, 0x000001f3a6ff3ea0,
0x000001f3a6ff2460, 0x000001f3a6ff1740, 0x000001f3a6ff0a20, 0x000001f3a6ff1dd0,
0x000001f3a5dc87c0, 0x000001f3a5dc8e50, 0x000001f3a5dc66f0, 0x000001f3a5dc94e0,
0x000001f3a5dc8130, 0x000001f3a5dc7aa0, 0x000001f3a5dc7410, 0x000001f3a90481d0,
0x000001f3a9048ef0, 0x000001f3a8a9b800, 0x000001f3a8a98a10, 0x000001f3a8a9be90,
0x000001f3a8a990a0, 0x000001f3a8a99730, 0x000001f3a8a99dc0, 0x000001f3c683f060,
0x000001f3c683fd80, 0x000001f3c683f6f0, 0x000001f39bd5bc70, 0x000001f39bd587f0,
0x000001f39bd5a8c0, 0x000001f39bd59510, 0x000001f39bd59ba0, 0x000001f39bd5a230,
0x000001f39bd5af50, 0x000001f39bd5b5e0, 0x000001f39b35c9c0, 0x000001f39b35d050,
0x000001f39b35d6e0, 0x000001f39b35dd70, 0x000001f39b35e400, 0x000001f39b35ea90,
0x000001f39b35f120, 0x000001f3a5a06d80, 0x000001f3a9048860, 0x000001f3a904a930,
0x000001f3a9049580, 0x000001f3a9049c10, 0x000001f3a904a2a0, 0x000001f3c95d4c30,
0x000001f3c95d5950, 0x000001f3c95d5fe0, 0x000001f3c95d6670, 0x000001f3c95d6d00,
0x000001f3c95d7390, 0x000001f3c95d45a0, 0x000001f3c95d52c0, 0x000001f351bd93c0,
0x000001f351bdae00, 0x000001f3a6d845a0, 0x000001f3a6d84c30, 0x000001f3bf676d50,
0x000001f3bf678790, 0x000001f3bf6773e0, 0x000001f3bf678e20, 0x000001f3bf6794b0,
0x000001f3bf6766c0, 0x000001f3bf677a70, 0x000001f3bf678100, 0x000001f3a5dc6d80,
0x000001f3b7305d10, 0x000001f3b97492e0, 0x000001f3b97485c0, 0x000001f3b974a690,
0x000001f3b974ad20, 0x000001f3b974b3b0, 0x000001f3b9749970, 0x000001f3b974a000,
0x000001f3b974ba40, 0x000001f3a9b703c0, 0x000001f3a9b6f6a0, 0x000001f3a9b71770,
0x000001f3a9b6fd30, 0x000001f3a9b71e00, 0x000001f3a9b72b20, 0x000001f3a9b70a50,
0x000001f3c17b3560, 0x000001f3c17b5630, 0x000001f3c17b3bf0, 0x000001f39e5d0a60,
0x000001f39e5ce300, 0x000001f39e5ce990, 0x000001f39e5cf020, 0x000001f39e5cd5e0,
0x000001f39e5cfd40, 0x000001f39e5d03d0, 0x000001f39e5cdc70, 0x000001f39cad6af0,
0x000001f39cad4a20, 0x000001f39cad5740, 0x000001f39cad50b0, 0x000001f39cad6460,
0x000001f39cad7810, 0x000001f39cad7180, 0x000001f39ca1eef0, 0x000001f39ca20930,
0x000001f39ca202a0, 0x000001f3a9b923c0, 0x000001f39ca1f580, 0x000001f39ca1e1d0,
0x000001f3bf737920, 0x000001f39ede7a50, 0x000001f39ede6cb0, 0x000001f39ede7380
}

Java Threads: ( => current thread )
  0x000001f32ee1b0a0 JavaThread "main"                              [_thread_blocked, id=53024, stack(0x000000cb1d800000,0x000000cb1d900000) (1024K)]
  0x000001f3517797d0 JavaThread "Reference Handler"          daemon [_thread_blocked, id=54680, stack(0x000000cb1e000000,0x000000cb1e100000) (1024K)]
  0x000001f35177c340 JavaThread "Finalizer"                  daemon [_thread_blocked, id=54856, stack(0x000000cb1e100000,0x000000cb1e200000) (1024K)]
  0x000001f351780920 JavaThread "Signal Dispatcher"          daemon [_thread_blocked, id=57648, stack(0x000000cb1e200000,0x000000cb1e300000) (1024K)]
  0x000001f3517824c0 JavaThread "Attach Listener"            daemon [_thread_blocked, id=36440, stack(0x000000cb1e300000,0x000000cb1e400000) (1024K)]
  0x000001f351788310 JavaThread "Service Thread"             daemon [_thread_blocked, id=15784, stack(0x000000cb1e400000,0x000000cb1e500000) (1024K)]
  0x000001f3517896a0 JavaThread "Monitor Deflation Thread"   daemon [_thread_blocked, id=55024, stack(0x000000cb1e500000,0x000000cb1e600000) (1024K)]
=>0x000001f351795180 JavaThread "C2 CompilerThread0"         daemon [_thread_in_native, id=51892, stack(0x000000cb1e600000,0x000000cb1e700000) (1024K)]
  0x000001f35179a770 JavaThread "C1 CompilerThread0"         daemon [_thread_blocked, id=55068, stack(0x000000cb1e700000,0x000000cb1e800000) (1024K)]
  0x000001f351900610 JavaThread "Common-Cleaner"             daemon [_thread_blocked, id=52184, stack(0x000000cb1e900000,0x000000cb1ea00000) (1024K)]
  0x000001f351ac7f70 JavaThread "Notification Thread"        daemon [_thread_blocked, id=57204, stack(0x000000cb1eb00000,0x000000cb1ec00000) (1024K)]
  0x000001f398830390 JavaThread "Daemon health stats"               [_thread_blocked, id=53264, stack(0x000000cb1f600000,0x000000cb1f700000) (1024K)]
  0x000001f3986872f0 JavaThread "Incoming local TCP Connector on port 1463"        [_thread_in_native, id=53164, stack(0x000000cb1f800000,0x000000cb1f900000) (1024K)]
  0x000001f398ab35e0 JavaThread "Daemon periodic checks"            [_thread_blocked, id=56348, stack(0x000000cb1fa00000,0x000000cb1fb00000) (1024K)]
  0x000001f3986dea20 JavaThread "Cache worker for journal cache (C:\Users\xpfasd\.gradle\caches\journal-1)"        [_thread_blocked, id=28932, stack(0x000000cb20200000,0x000000cb20300000) (1024K)]
  0x000001f3986df0b0 JavaThread "File lock request listener"        [_thread_in_native, id=51392, stack(0x000000cb20300000,0x000000cb20400000) (1024K)]
  0x000001f3986df740 JavaThread "Cache worker for file hash cache (C:\Users\xpfasd\.gradle\caches\8.14.3\fileHashes)"        [_thread_blocked, id=51372, stack(0x000000cb1f900000,0x000000cb1fa00000) (1024K)]
  0x000001f39b1a8410 JavaThread "File watcher server"        daemon [_thread_in_native, id=51036, stack(0x000000cb1ec00000,0x000000cb1ed00000) (1024K)]
  0x000001f39b1aab70 JavaThread "File watcher consumer"      daemon [_thread_blocked, id=50968, stack(0x000000cb20400000,0x000000cb20500000) (1024K)]
  0x000001f39b1ac5b0 JavaThread "Cache worker for file content cache (C:\Users\xpfasd\.gradle\caches\8.14.3\fileContent)"        [_thread_blocked, id=20020, stack(0x000000cb21100000,0x000000cb21200000) (1024K)]
  0x000001f39c142bf0 JavaThread "Memory manager"                    [_thread_blocked, id=50624, stack(0x000000cb20600000,0x000000cb20700000) (1024K)]
  0x000001f39fb415a0 JavaThread "RMI Scheduler(0)"           daemon [_thread_blocked, id=41828, stack(0x000000cb1e800000,0x000000cb1e900000) (1024K)]
  0x000001f39fb45740 JavaThread "RMI GC Daemon"              daemon [_thread_blocked, id=56916, stack(0x000000cb1f700000,0x000000cb1f800000) (1024K)]
  0x000001f39fb45dd0 JavaThread "RMI TCP Accept-0"           daemon [_thread_in_native, id=51472, stack(0x000000cb24300000,0x000000cb24400000) (1024K)]
  0x000001f39fb46460 JavaThread "RMI Reaper"                        [_thread_blocked, id=50876, stack(0x000000cb27c00000,0x000000cb27d00000) (1024K)]
  0x000001f39fb4da80 JavaThread "Periodic tasks thread"      daemon [_thread_blocked, id=24124, stack(0x000000cb2dc00000,0x000000cb2dd00000) (1024K)]
  0x000001f39fb4e7a0 JavaThread "ApplicationImpl pooled thread 1" daemon [_thread_blocked, id=35072, stack(0x000000cb2dd00000,0x000000cb2de00000) (1024K)]
  0x000001f3a6a87700 JavaThread "Java2D Disposer"            daemon [_thread_blocked, id=52220, stack(0x000000cb2cd00000,0x000000cb2ce00000) (1024K)]
  0x000001f3a6a88420 JavaThread "AWT-Windows"                daemon [_thread_in_native, id=54016, stack(0x000000cb2d900000,0x000000cb2da00000) (1024K)]
  0x000001f3a9e05130 JavaThread "Cache worker for Java compile cache (C:\Users\xpfasd\.gradle\caches\8.14.3\javaCompile)"        [_thread_blocked, id=50024, stack(0x000000cb2db00000,0x000000cb2dc00000) (1024K)]
  0x000001f351bda0e0 JavaThread "Daemon Thread 9"                   [_thread_blocked, id=18520, stack(0x000000cb1d500000,0x000000cb1d600000) (1024K)]
  0x000001f3a6e82580 JavaThread "Daemon worker Thread 9"            [_thread_blocked, id=49224, stack(0x000000cb1ea00000,0x000000cb1eb00000) (1024K)]
  0x000001f3b7573f30 JavaThread "Exec process Thread 39"            [_thread_blocked, id=19540, stack(0x000000cb23000000,0x000000cb23100000) (1024K)]
  0x000001f3b8693ab0 JavaThread "Exec process Thread 40"            [_thread_blocked, id=27496, stack(0x000000cb23100000,0x000000cb23200000) (1024K)]
  0x000001f3b86947d0 JavaThread "Exec process Thread 41"            [_thread_blocked, id=28820, stack(0x000000cb23200000,0x000000cb23300000) (1024K)]
  0x000001f3c07830f0 JavaThread "included builds"                   [_thread_blocked, id=37028, stack(0x000000cb22b00000,0x000000cb22c00000) (1024K)]
  0x000001f3a6e811d0 JavaThread "RMI TCP Connection(idle)"   daemon [_thread_blocked, id=43984, stack(0x000000cb26100000,0x000000cb26200000) (1024K)]
  0x000001f39a212030 JavaThread "ForkJoinPool.commonPool-worker-57" daemon [_thread_blocked, id=55316, stack(0x000000cb25c00000,0x000000cb25d00000) (1024K)]
  0x000001f39a2126c0 JavaThread "ForkJoinPool.commonPool-worker-58" daemon [_thread_blocked, id=58408, stack(0x000000cb2b700000,0x000000cb2b800000) (1024K)]
  0x000001f3a6e832a0 JavaThread "ForkJoinPool.commonPool-worker-59" daemon [_thread_blocked, id=48340, stack(0x000000cb2b800000,0x000000cb2b900000) (1024K)]
  0x000001f3a6e7fe20 JavaThread "ForkJoinPool.commonPool-worker-60" daemon [_thread_blocked, id=18516, stack(0x000000cb2b900000,0x000000cb2ba00000) (1024K)]
  0x000001f3bf6882b0 JavaThread "RMI TCP Connection(103)-127.0.0.1" daemon [_thread_in_native, id=51612, stack(0x000000cb2b500000,0x000000cb2b600000) (1024K)]
  0x000001f3a8a9b170 JavaThread "Exec process Thread 42"            [_thread_blocked, id=59164, stack(0x000000cb2ea00000,0x000000cb2eb00000) (1024K)]
  0x000001f3a9b91d30 JavaThread "VFS cleanup Thread 10"             [_thread_blocked, id=17856, stack(0x000000cb1fb00000,0x000000cb1fc00000) (1024K)]
  0x000001f3a8a9a450 JavaThread "Handler for socket connection from /127.0.0.1:1463 to /127.0.0.1:9152"        [_thread_in_native, id=52664, stack(0x000000cb1fc00000,0x000000cb1fd00000) (1024K)]
  0x000001f3a8a9aae0 JavaThread "Cancel handler"                    [_thread_blocked, id=54160, stack(0x000000cb1fd00000,0x000000cb1fe00000) (1024K)]
  0x000001f3c1997aa0 JavaThread "Asynchronous log dispatcher for DefaultDaemonConnection: socket connection from /127.0.0.1:1463 to /127.0.0.1:9152"        [_thread_blocked, id=48924, stack(0x000000cb1fe00000,0x000000cb1ff00000) (1024K)]
  0x000001f3c19987c0 JavaThread "Stdin handler"                     [_thread_blocked, id=60120, stack(0x000000cb1ff00000,0x000000cb20000000) (1024K)]
  0x000001f3a6e804b0 JavaThread "Daemon client event forwarder"        [_thread_blocked, id=56416, stack(0x000000cb20000000,0x000000cb20100000) (1024K)]
  0x000001f3a6e82c10 JavaThread "Cache worker for file hash cache (D:\code\cc_v2\cc_v2\super-video-downloader-master\super-video-downloader-master\.gradle\8.14.3\fileHashes)"        [_thread_blocked, id=5416, stack(0x000000cb20100000,0x000000cb20200000) (1024K)]
  0x000001f3a8a9d740 JavaThread "Cache worker for Build Output Cleanup Cache (D:\code\cc_v2\cc_v2\super-video-downloader-master\super-video-downloader-master\.gradle\buildOutputCleanup)"        [_thread_blocked, id=47700, stack(0x000000cb20500000,0x000000cb20600000) (1024K)]
  0x000001f3a8a9eaf0 JavaThread "Cache worker for checksums cache (D:\code\cc_v2\cc_v2\super-video-downloader-master\super-video-downloader-master\.gradle\8.14.3\checksums)"        [_thread_blocked, id=31884, stack(0x000000cb20c00000,0x000000cb20d00000) (1024K)]
  0x000001f3a8a9f180 JavaThread "Cache worker for cache directory md-supplier (C:\Users\xpfasd\.gradle\caches\8.14.3\md-supplier)"        [_thread_blocked, id=9152, stack(0x000000cb20d00000,0x000000cb20e00000) (1024K)]
  0x000001f3a8a9d0b0 JavaThread "Cache worker for cache directory md-rule (C:\Users\xpfasd\.gradle\caches\8.14.3\md-rule)"        [_thread_blocked, id=43836, stack(0x000000cb20e00000,0x000000cb20f00000) (1024K)]
  0x000001f3a8a9e460 JavaThread "Unconstrained build operations"        [_thread_blocked, id=58000, stack(0x000000cb20f00000,0x000000cb21000000) (1024K)]
  0x000001f3a8a9ddd0 JavaThread "Unconstrained build operations Thread 2"        [_thread_blocked, id=59960, stack(0x000000cb21000000,0x000000cb21100000) (1024K)]
  0x000001f3a8a9fea0 JavaThread "Unconstrained build operations Thread 3"        [_thread_blocked, id=60068, stack(0x000000cb21200000,0x000000cb21300000) (1024K)]
  0x000001f39fbad650 JavaThread "Unconstrained build operations Thread 4"        [_thread_blocked, id=38484, stack(0x000000cb21300000,0x000000cb21400000) (1024K)]
  0x000001f39fbb0ad0 JavaThread "Unconstrained build operations Thread 5"        [_thread_blocked, id=37964, stack(0x000000cb21400000,0x000000cb21500000) (1024K)]
  0x000001f39fbafdb0 JavaThread "Unconstrained build operations Thread 6"        [_thread_blocked, id=50784, stack(0x000000cb21500000,0x000000cb21600000) (1024K)]
  0x000001f39fbb0440 JavaThread "Unconstrained build operations Thread 7"        [_thread_blocked, id=61484, stack(0x000000cb21600000,0x000000cb21700000) (1024K)]
  0x000001f39fbadce0 JavaThread "Unconstrained build operations Thread 8"        [_thread_blocked, id=56872, stack(0x000000cb21700000,0x000000cb21800000) (1024K)]
  0x000001f39fbae370 JavaThread "Unconstrained build operations Thread 9"        [_thread_blocked, id=29208, stack(0x000000cb21800000,0x000000cb21900000) (1024K)]
  0x000001f39fbaea00 JavaThread "Unconstrained build operations Thread 10"        [_thread_blocked, id=48556, stack(0x000000cb21900000,0x000000cb21a00000) (1024K)]
  0x000001f39fbaf090 JavaThread "Unconstrained build operations Thread 11"        [_thread_blocked, id=61960, stack(0x000000cb21a00000,0x000000cb21b00000) (1024K)]
  0x000001f3c0783780 JavaThread "Unconstrained build operations Thread 12"        [_thread_blocked, id=53184, stack(0x000000cb21b00000,0x000000cb21c00000) (1024K)]
  0x000001f3c0783e10 JavaThread "Unconstrained build operations Thread 13"        [_thread_blocked, id=52204, stack(0x000000cb21c00000,0x000000cb21d00000) (1024K)]
  0x000001f3c0786570 JavaThread "Unconstrained build operations Thread 14"        [_thread_blocked, id=61308, stack(0x000000cb21d00000,0x000000cb21e00000) (1024K)]
  0x000001f3c07844a0 JavaThread "Unconstrained build operations Thread 15"        [_thread_blocked, id=44052, stack(0x000000cb21e00000,0x000000cb21f00000) (1024K)]
  0x000001f3c0784b30 JavaThread "Unconstrained build operations Thread 16"        [_thread_blocked, id=56672, stack(0x000000cb21f00000,0x000000cb22000000) (1024K)]
  0x000001f3c07851c0 JavaThread "Unconstrained build operations Thread 17"        [_thread_blocked, id=45292, stack(0x000000cb22000000,0x000000cb22100000) (1024K)]
  0x000001f3c0785ee0 JavaThread "Unconstrained build operations Thread 18"        [_thread_blocked, id=59820, stack(0x000000cb22100000,0x000000cb22200000) (1024K)]
  0x000001f3c0785850 JavaThread "Unconstrained build operations Thread 19"        [_thread_blocked, id=52436, stack(0x000000cb22200000,0x000000cb22300000) (1024K)]
  0x000001f39f44a0e0 JavaThread "Unconstrained build operations Thread 20"        [_thread_blocked, id=49496, stack(0x000000cb22300000,0x000000cb22400000) (1024K)]
  0x000001f39f44ae00 JavaThread "Unconstrained build operations Thread 21"        [_thread_blocked, id=13220, stack(0x000000cb22400000,0x000000cb22500000) (1024K)]
  0x000001f39f449a50 JavaThread "Unconstrained build operations Thread 22"        [_thread_blocked, id=48680, stack(0x000000cb22500000,0x000000cb22600000) (1024K)]
  0x000001f39f448d30 JavaThread "Unconstrained build operations Thread 23"        [_thread_blocked, id=26208, stack(0x000000cb22600000,0x000000cb22700000) (1024K)]
  0x000001f39f4493c0 JavaThread "Unconstrained build operations Thread 24"        [_thread_blocked, id=47116, stack(0x000000cb22700000,0x000000cb22800000) (1024K)]
  0x000001f39f44b490 JavaThread "Unconstrained build operations Thread 25"        [_thread_blocked, id=15412, stack(0x000000cb22800000,0x000000cb22900000) (1024K)]
  0x000001f39f44bb20 JavaThread "Unconstrained build operations Thread 26"        [_thread_blocked, id=39672, stack(0x000000cb22900000,0x000000cb22a00000) (1024K)]
  0x000001f399f0eef0 JavaThread "Unconstrained build operations Thread 27"        [_thread_blocked, id=54756, stack(0x000000cb22a00000,0x000000cb22b00000) (1024K)]
  0x000001f399f10fc0 JavaThread "Unconstrained build operations Thread 28"        [_thread_blocked, id=39340, stack(0x000000cb22c00000,0x000000cb22d00000) (1024K)]
  0x000001f399f12370 JavaThread "Unconstrained build operations Thread 29"        [_thread_blocked, id=48616, stack(0x000000cb22e00000,0x000000cb22f00000) (1024K)]
  0x000001f399f0fc10 JavaThread "Unconstrained build operations Thread 30"        [_thread_blocked, id=36840, stack(0x000000cb22f00000,0x000000cb23000000) (1024K)]
  0x000001f399f102a0 JavaThread "build event listener"              [_thread_blocked, id=33992, stack(0x000000cb23500000,0x000000cb23600000) (1024K)]
  0x000001f399f11650 JavaThread "included builds"                   [_thread_blocked, id=51060, stack(0x000000cb23700000,0x000000cb23800000) (1024K)]
  0x000001f3a8a9ca20 JavaThread "Execution worker"                  [_thread_blocked, id=15408, stack(0x000000cb23800000,0x000000cb23900000) (1024K)]
  0x000001f3a8a9f810 JavaThread "Execution worker Thread 2"         [_thread_blocked, id=39076, stack(0x000000cb23900000,0x000000cb23a00000) (1024K)]
  0x000001f3bae9bc10 JavaThread "Execution worker Thread 3"         [_thread_blocked, id=42392, stack(0x000000cb23a00000,0x000000cb23b00000) (1024K)]
  0x000001f3bae9c930 JavaThread "Execution worker Thread 4"         [_thread_blocked, id=4496, stack(0x000000cb23b00000,0x000000cb23c00000) (1024K)]
  0x000001f3bae9cfc0 JavaThread "Execution worker Thread 5"         [_thread_blocked, id=58900, stack(0x000000cb23c00000,0x000000cb23d00000) (1024K)]
  0x000001f3bae9dce0 JavaThread "Execution worker Thread 6"         [_thread_blocked, id=44372, stack(0x000000cb23d00000,0x000000cb23e00000) (1024K)]
  0x000001f3bae9c2a0 JavaThread "Execution worker Thread 7"         [_thread_blocked, id=59976, stack(0x000000cb23e00000,0x000000cb23f00000) (1024K)]
  0x000001f3bae9d650 JavaThread "Execution worker Thread 8"         [_thread_blocked, id=59500, stack(0x000000cb23f00000,0x000000cb24000000) (1024K)]
  0x000001f3bae9e370 JavaThread "Execution worker Thread 9"         [_thread_blocked, id=51636, stack(0x000000cb24000000,0x000000cb24100000) (1024K)]
  0x000001f3bae9aef0 JavaThread "Execution worker Thread 10"        [_thread_blocked, id=55552, stack(0x000000cb24100000,0x000000cb24200000) (1024K)]
  0x000001f3bae9b580 JavaThread "Execution worker Thread 11"        [_thread_blocked, id=6424, stack(0x000000cb24200000,0x000000cb24300000) (1024K)]
  0x000001f3bf73ada0 JavaThread "Execution worker Thread 12"        [_thread_blocked, id=51652, stack(0x000000cb24400000,0x000000cb24500000) (1024K)]
  0x000001f3bf738640 JavaThread "Execution worker Thread 13"        [_thread_blocked, id=58060, stack(0x000000cb24500000,0x000000cb24600000) (1024K)]
  0x000001f3bf73a710 JavaThread "Execution worker Thread 14"        [_thread_blocked, id=53648, stack(0x000000cb24600000,0x000000cb24700000) (1024K)]
  0x000001f3bf737fb0 JavaThread "Execution worker Thread 15"        [_thread_blocked, id=38844, stack(0x000000cb24700000,0x000000cb24800000) (1024K)]
  0x000001f3a6ff3180 JavaThread "Cache worker for execution history cache (D:\code\cc_v2\cc_v2\super-video-downloader-master\super-video-downloader-master\.gradle\8.14.3\executionHistory)"        [_thread_blocked, id=55124, stack(0x000000cb24800000,0x000000cb24900000) (1024K)]
  0x000001f3a6ff3810 JavaThread "Unconstrained build operations Thread 31"        [_thread_blocked, id=40864, stack(0x000000cb23300000,0x000000cb23400000) (1024K)]
  0x000001f3a6ff3ea0 JavaThread "Unconstrained build operations Thread 32"        [_thread_blocked, id=41804, stack(0x000000cb23400000,0x000000cb23500000) (1024K)]
  0x000001f3a6ff2460 JavaThread "Unconstrained build operations Thread 33"        [_thread_blocked, id=61928, stack(0x000000cb24900000,0x000000cb24a00000) (1024K)]
  0x000001f3a6ff1740 JavaThread "Unconstrained build operations Thread 34"        [_thread_blocked, id=57168, stack(0x000000cb24a00000,0x000000cb24b00000) (1024K)]
  0x000001f3a6ff0a20 JavaThread "Unconstrained build operations Thread 35"        [_thread_blocked, id=16376, stack(0x000000cb24b00000,0x000000cb24c00000) (1024K)]
  0x000001f3a6ff1dd0 JavaThread "Unconstrained build operations Thread 36"        [_thread_blocked, id=32212, stack(0x000000cb24c00000,0x000000cb24d00000) (1024K)]
  0x000001f3a5dc87c0 JavaThread "Unconstrained build operations Thread 37"        [_thread_blocked, id=41248, stack(0x000000cb24d00000,0x000000cb24e00000) (1024K)]
  0x000001f3a5dc8e50 JavaThread "Unconstrained build operations Thread 38"        [_thread_blocked, id=52836, stack(0x000000cb24e00000,0x000000cb24f00000) (1024K)]
  0x000001f3a5dc66f0 JavaThread "Unconstrained build operations Thread 39"        [_thread_blocked, id=38688, stack(0x000000cb24f00000,0x000000cb25000000) (1024K)]
  0x000001f3a5dc94e0 JavaThread "Unconstrained build operations Thread 40"        [_thread_blocked, id=29560, stack(0x000000cb25000000,0x000000cb25100000) (1024K)]
  0x000001f3a5dc8130 JavaThread "Unconstrained build operations Thread 41"        [_thread_blocked, id=53692, stack(0x000000cb25100000,0x000000cb25200000) (1024K)]
  0x000001f3a5dc7aa0 JavaThread "Unconstrained build operations Thread 42"        [_thread_blocked, id=30264, stack(0x000000cb25200000,0x000000cb25300000) (1024K)]
  0x000001f3a5dc7410 JavaThread "Unconstrained build operations Thread 43"        [_thread_blocked, id=50708, stack(0x000000cb25300000,0x000000cb25400000) (1024K)]
  0x000001f3a90481d0 JavaThread "Unconstrained build operations Thread 44"        [_thread_blocked, id=58264, stack(0x000000cb25400000,0x000000cb25500000) (1024K)]
  0x000001f3a9048ef0 JavaThread "Unconstrained build operations Thread 45"        [_thread_blocked, id=54028, stack(0x000000cb25500000,0x000000cb25600000) (1024K)]
  0x000001f3a8a9b800 JavaThread "Unconstrained build operations Thread 46"        [_thread_blocked, id=53964, stack(0x000000cb25600000,0x000000cb25700000) (1024K)]
  0x000001f3a8a98a10 JavaThread "Unconstrained build operations Thread 47"        [_thread_blocked, id=59424, stack(0x000000cb25700000,0x000000cb25800000) (1024K)]
  0x000001f3a8a9be90 JavaThread "Unconstrained build operations Thread 48"        [_thread_blocked, id=58348, stack(0x000000cb25800000,0x000000cb25900000) (1024K)]
  0x000001f3a8a990a0 JavaThread "Unconstrained build operations Thread 49"        [_thread_blocked, id=3292, stack(0x000000cb25900000,0x000000cb25a00000) (1024K)]
  0x000001f3a8a99730 JavaThread "Unconstrained build operations Thread 50"        [_thread_blocked, id=55028, stack(0x000000cb25a00000,0x000000cb25b00000) (1024K)]
  0x000001f3a8a99dc0 JavaThread "Unconstrained build operations Thread 51"        [_thread_blocked, id=14884, stack(0x000000cb25b00000,0x000000cb25c00000) (1024K)]
  0x000001f3c683f060 JavaThread "Unconstrained build operations Thread 52"        [_thread_blocked, id=57312, stack(0x000000cb25d00000,0x000000cb25e00000) (1024K)]
  0x000001f3c683fd80 JavaThread "Unconstrained build operations Thread 53"        [_thread_blocked, id=47996, stack(0x000000cb25e00000,0x000000cb25f00000) (1024K)]
  0x000001f3c683f6f0 JavaThread "Unconstrained build operations Thread 54"        [_thread_blocked, id=59112, stack(0x000000cb25f00000,0x000000cb26000000) (1024K)]
  0x000001f39bd5bc70 JavaThread "Unconstrained build operations Thread 55"        [_thread_blocked, id=48404, stack(0x000000cb26000000,0x000000cb26100000) (1024K)]
  0x000001f39bd587f0 JavaThread "Unconstrained build operations Thread 56"        [_thread_blocked, id=58516, stack(0x000000cb26200000,0x000000cb26300000) (1024K)]
  0x000001f39bd5a8c0 JavaThread "Unconstrained build operations Thread 57"        [_thread_blocked, id=58188, stack(0x000000cb26300000,0x000000cb26400000) (1024K)]
  0x000001f39bd59510 JavaThread "Unconstrained build operations Thread 58"        [_thread_blocked, id=51864, stack(0x000000cb26400000,0x000000cb26500000) (1024K)]
  0x000001f39bd59ba0 JavaThread "Unconstrained build operations Thread 59"        [_thread_blocked, id=26148, stack(0x000000cb26500000,0x000000cb26600000) (1024K)]
  0x000001f39bd5a230 JavaThread "Unconstrained build operations Thread 60"        [_thread_blocked, id=59376, stack(0x000000cb26600000,0x000000cb26700000) (1024K)]
  0x000001f39bd5af50 JavaThread "Unconstrained build operations Thread 61"        [_thread_blocked, id=51648, stack(0x000000cb26700000,0x000000cb26800000) (1024K)]
  0x000001f39bd5b5e0 JavaThread "Unconstrained build operations Thread 62"        [_thread_blocked, id=62344, stack(0x000000cb26800000,0x000000cb26900000) (1024K)]
  0x000001f39b35c9c0 JavaThread "Unconstrained build operations Thread 63"        [_thread_blocked, id=20872, stack(0x000000cb26900000,0x000000cb26a00000) (1024K)]
  0x000001f39b35d050 JavaThread "Unconstrained build operations Thread 64"        [_thread_blocked, id=30344, stack(0x000000cb26a00000,0x000000cb26b00000) (1024K)]
  0x000001f39b35d6e0 JavaThread "Unconstrained build operations Thread 65"        [_thread_blocked, id=28020, stack(0x000000cb26b00000,0x000000cb26c00000) (1024K)]
  0x000001f39b35dd70 JavaThread "Unconstrained build operations Thread 66"        [_thread_blocked, id=18340, stack(0x000000cb26c00000,0x000000cb26d00000) (1024K)]
  0x000001f39b35e400 JavaThread "Unconstrained build operations Thread 67"        [_thread_blocked, id=48996, stack(0x000000cb26d00000,0x000000cb26e00000) (1024K)]
  0x000001f39b35ea90 JavaThread "Unconstrained build operations Thread 68"        [_thread_blocked, id=60900, stack(0x000000cb26e00000,0x000000cb26f00000) (1024K)]
  0x000001f39b35f120 JavaThread "Unconstrained build operations Thread 69"        [_thread_blocked, id=50860, stack(0x000000cb26f00000,0x000000cb27000000) (1024K)]
  0x000001f3a5a06d80 JavaThread "Unconstrained build operations Thread 70"        [_thread_blocked, id=45020, stack(0x000000cb27000000,0x000000cb27100000) (1024K)]
  0x000001f3a9048860 JavaThread "Unconstrained build operations Thread 71"        [_thread_blocked, id=43056, stack(0x000000cb27100000,0x000000cb27200000) (1024K)]
  0x000001f3a904a930 JavaThread "Unconstrained build operations Thread 72"        [_thread_blocked, id=61132, stack(0x000000cb27200000,0x000000cb27300000) (1024K)]
  0x000001f3a9049580 JavaThread "Unconstrained build operations Thread 73"        [_thread_blocked, id=23760, stack(0x000000cb27300000,0x000000cb27400000) (1024K)]
  0x000001f3a9049c10 JavaThread "Unconstrained build operations Thread 74"        [_thread_blocked, id=53488, stack(0x000000cb27400000,0x000000cb27500000) (1024K)]
  0x000001f3a904a2a0 JavaThread "Unconstrained build operations Thread 75"        [_thread_blocked, id=52744, stack(0x000000cb27500000,0x000000cb27600000) (1024K)]
  0x000001f3c95d4c30 JavaThread "Unconstrained build operations Thread 76"        [_thread_blocked, id=56820, stack(0x000000cb27600000,0x000000cb27700000) (1024K)]
  0x000001f3c95d5950 JavaThread "Unconstrained build operations Thread 77"        [_thread_blocked, id=40280, stack(0x000000cb27700000,0x000000cb27800000) (1024K)]
  0x000001f3c95d5fe0 JavaThread "Unconstrained build operations Thread 78"        [_thread_blocked, id=52808, stack(0x000000cb27800000,0x000000cb27900000) (1024K)]
  0x000001f3c95d6670 JavaThread "Unconstrained build operations Thread 79"        [_thread_blocked, id=58160, stack(0x000000cb27900000,0x000000cb27a00000) (1024K)]
  0x000001f3c95d6d00 JavaThread "Unconstrained build operations Thread 80"        [_thread_blocked, id=57152, stack(0x000000cb27a00000,0x000000cb27b00000) (1024K)]
  0x000001f3c95d7390 JavaThread "Unconstrained build operations Thread 81"        [_thread_blocked, id=35980, stack(0x000000cb27b00000,0x000000cb27c00000) (1024K)]
  0x000001f3c95d45a0 JavaThread "Unconstrained build operations Thread 82"        [_thread_blocked, id=50480, stack(0x000000cb27d00000,0x000000cb27e00000) (1024K)]
  0x000001f3c95d52c0 JavaThread "Unconstrained build operations Thread 83"        [_thread_blocked, id=50684, stack(0x000000cb27e00000,0x000000cb27f00000) (1024K)]
  0x000001f351bd93c0 JavaThread "Unconstrained build operations Thread 84"        [_thread_blocked, id=56068, stack(0x000000cb27f00000,0x000000cb28000000) (1024K)]
  0x000001f351bdae00 JavaThread "Unconstrained build operations Thread 85"        [_thread_blocked, id=36376, stack(0x000000cb28000000,0x000000cb28100000) (1024K)]
  0x000001f3a6d845a0 JavaThread "Unconstrained build operations Thread 86"        [_thread_blocked, id=44724, stack(0x000000cb28100000,0x000000cb28200000) (1024K)]
  0x000001f3a6d84c30 JavaThread "Unconstrained build operations Thread 87"        [_thread_blocked, id=60712, stack(0x000000cb28200000,0x000000cb28300000) (1024K)]
  0x000001f3bf676d50 JavaThread "Unconstrained build operations Thread 88"        [_thread_blocked, id=43068, stack(0x000000cb28300000,0x000000cb28400000) (1024K)]
  0x000001f3bf678790 JavaThread "Unconstrained build operations Thread 89"        [_thread_blocked, id=58276, stack(0x000000cb28400000,0x000000cb28500000) (1024K)]
  0x000001f3bf6773e0 JavaThread "Unconstrained build operations Thread 90"        [_thread_blocked, id=54600, stack(0x000000cb28500000,0x000000cb28600000) (1024K)]
  0x000001f3bf678e20 JavaThread "Unconstrained build operations Thread 91"        [_thread_blocked, id=61668, stack(0x000000cb28600000,0x000000cb28700000) (1024K)]
  0x000001f3bf6794b0 JavaThread "Unconstrained build operations Thread 92"        [_thread_blocked, id=59924, stack(0x000000cb28700000,0x000000cb28800000) (1024K)]
  0x000001f3bf6766c0 JavaThread "Unconstrained build operations Thread 93"        [_thread_blocked, id=48220, stack(0x000000cb28800000,0x000000cb28900000) (1024K)]
  0x000001f3bf677a70 JavaThread "Unconstrained build operations Thread 94"        [_thread_blocked, id=62360, stack(0x000000cb28900000,0x000000cb28a00000) (1024K)]
  0x000001f3bf678100 JavaThread "WorkerExecutor Queue"              [_thread_blocked, id=55460, stack(0x000000cb28a00000,0x000000cb28b00000) (1024K)]
  0x000001f3a5dc6d80 JavaThread "Unconstrained build operations Thread 95"        [_thread_blocked, id=6920, stack(0x000000cb28c00000,0x000000cb28d00000) (1024K)]
  0x000001f3b7305d10 JavaThread "Unconstrained build operations Thread 96"        [_thread_blocked, id=58548, stack(0x000000cb28d00000,0x000000cb28e00000) (1024K)]
  0x000001f3b97492e0 JavaThread "Unconstrained build operations Thread 97"        [_thread_blocked, id=57116, stack(0x000000cb28e00000,0x000000cb28f00000) (1024K)]
  0x000001f3b97485c0 JavaThread "Unconstrained build operations Thread 98"        [_thread_blocked, id=27512, stack(0x000000cb23600000,0x000000cb23700000) (1024K)]
  0x000001f3b974a690 JavaThread "Unconstrained build operations Thread 99"        [_thread_blocked, id=31956, stack(0x000000cb28f00000,0x000000cb29000000) (1024K)]
  0x000001f3b974ad20 JavaThread "Unconstrained build operations Thread 100"        [_thread_blocked, id=52380, stack(0x000000cb29000000,0x000000cb29100000) (1024K)]
  0x000001f3b974b3b0 JavaThread "Unconstrained build operations Thread 101"        [_thread_blocked, id=7636, stack(0x000000cb29100000,0x000000cb29200000) (1024K)]
  0x000001f3b9749970 JavaThread "Unconstrained build operations Thread 102"        [_thread_blocked, id=11572, stack(0x000000cb29200000,0x000000cb29300000) (1024K)]
  0x000001f3b974a000 JavaThread "Unconstrained build operations Thread 103"        [_thread_blocked, id=3496, stack(0x000000cb29300000,0x000000cb29400000) (1024K)]
  0x000001f3b974ba40 JavaThread "Unconstrained build operations Thread 104"        [_thread_blocked, id=44124, stack(0x000000cb29400000,0x000000cb29500000) (1024K)]
  0x000001f3a9b703c0 JavaThread "Unconstrained build operations Thread 105"        [_thread_blocked, id=57572, stack(0x000000cb29500000,0x000000cb29600000) (1024K)]
  0x000001f3a9b6f6a0 JavaThread "Unconstrained build operations Thread 106"        [_thread_blocked, id=55448, stack(0x000000cb29600000,0x000000cb29700000) (1024K)]
  0x000001f3a9b71770 JavaThread "Unconstrained build operations Thread 107"        [_thread_blocked, id=38272, stack(0x000000cb29700000,0x000000cb29800000) (1024K)]
  0x000001f3a9b6fd30 JavaThread "Unconstrained build operations Thread 108"        [_thread_blocked, id=46672, stack(0x000000cb29800000,0x000000cb29900000) (1024K)]
  0x000001f3a9b71e00 JavaThread "Unconstrained build operations Thread 109"        [_thread_blocked, id=15444, stack(0x000000cb29900000,0x000000cb29a00000) (1024K)]
  0x000001f3a9b72b20 JavaThread "Unconstrained build operations Thread 110"        [_thread_blocked, id=54064, stack(0x000000cb29a00000,0x000000cb29b00000) (1024K)]
  0x000001f3a9b70a50 JavaThread "Unconstrained build operations Thread 111"        [_thread_blocked, id=7188, stack(0x000000cb29b00000,0x000000cb29c00000) (1024K)]
  0x000001f3c17b3560 JavaThread "Unconstrained build operations Thread 112"        [_thread_blocked, id=48528, stack(0x000000cb29c00000,0x000000cb29d00000) (1024K)]
  0x000001f3c17b5630 JavaThread "Unconstrained build operations Thread 113"        [_thread_blocked, id=54964, stack(0x000000cb29d00000,0x000000cb29e00000) (1024K)]
  0x000001f3c17b3bf0 JavaThread "WorkerExecutor Queue Thread 2"        [_thread_in_Java, id=2392, stack(0x000000cb29e00000,0x000000cb29f00000) (1024K)]
  0x000001f39e5d0a60 JavaThread "Unconstrained build operations Thread 114"        [_thread_blocked, id=34200, stack(0x000000cb29f00000,0x000000cb2a000000) (1024K)]
  0x000001f39e5ce300 JavaThread "Unconstrained build operations Thread 115"        [_thread_blocked, id=49052, stack(0x000000cb2a000000,0x000000cb2a100000) (1024K)]
  0x000001f39e5ce990 JavaThread "Unconstrained build operations Thread 116"        [_thread_blocked, id=16540, stack(0x000000cb2a100000,0x000000cb2a200000) (1024K)]
  0x000001f39e5cf020 JavaThread "Unconstrained build operations Thread 117"        [_thread_blocked, id=56536, stack(0x000000cb2a200000,0x000000cb2a300000) (1024K)]
  0x000001f39e5cd5e0 JavaThread "Unconstrained build operations Thread 118"        [_thread_blocked, id=57784, stack(0x000000cb2a300000,0x000000cb2a400000) (1024K)]
  0x000001f39e5cfd40 JavaThread "Unconstrained build operations Thread 119"        [_thread_blocked, id=30088, stack(0x000000cb2a400000,0x000000cb2a500000) (1024K)]
  0x000001f39e5d03d0 JavaThread "Unconstrained build operations Thread 120"        [_thread_blocked, id=34936, stack(0x000000cb2a500000,0x000000cb2a600000) (1024K)]
  0x000001f39e5cdc70 JavaThread "Unconstrained build operations Thread 121"        [_thread_blocked, id=55624, stack(0x000000cb2a600000,0x000000cb2a700000) (1024K)]
  0x000001f39cad6af0 JavaThread "Unconstrained build operations Thread 122"        [_thread_blocked, id=60632, stack(0x000000cb2a700000,0x000000cb2a800000) (1024K)]
  0x000001f39cad4a20 JavaThread "Unconstrained build operations Thread 123"        [_thread_blocked, id=9624, stack(0x000000cb2a800000,0x000000cb2a900000) (1024K)]
  0x000001f39cad5740 JavaThread "Unconstrained build operations Thread 124"        [_thread_blocked, id=26488, stack(0x000000cb2a900000,0x000000cb2aa00000) (1024K)]
  0x000001f39cad50b0 JavaThread "Unconstrained build operations Thread 125"        [_thread_blocked, id=3444, stack(0x000000cb2aa00000,0x000000cb2ab00000) (1024K)]
  0x000001f39cad6460 JavaThread "Unconstrained build operations Thread 126"        [_thread_blocked, id=52572, stack(0x000000cb2ab00000,0x000000cb2ac00000) (1024K)]
  0x000001f39cad7810 JavaThread "Unconstrained build operations Thread 127"        [_thread_blocked, id=18224, stack(0x000000cb2ac00000,0x000000cb2ad00000) (1024K)]
  0x000001f39cad7180 JavaThread "Unconstrained build operations Thread 128"        [_thread_blocked, id=61856, stack(0x000000cb2ad00000,0x000000cb2ae00000) (1024K)]
  0x000001f39ca1eef0 JavaThread "Unconstrained build operations Thread 129"        [_thread_blocked, id=60408, stack(0x000000cb2ae00000,0x000000cb2af00000) (1024K)]
  0x000001f39ca20930 JavaThread "Unconstrained build operations Thread 130"        [_thread_blocked, id=46172, stack(0x000000cb2af00000,0x000000cb2b000000) (1024K)]
  0x000001f39ca202a0 JavaThread "Unconstrained build operations Thread 131"        [_thread_blocked, id=33056, stack(0x000000cb2b000000,0x000000cb2b100000) (1024K)]
  0x000001f3a9b923c0 JavaThread "Unconstrained build operations Thread 132"        [_thread_blocked, id=54120, stack(0x000000cb22d00000,0x000000cb22e00000) (1024K)]
  0x000001f39ca1f580 JavaThread "Problems report writer"            [_thread_blocked, id=47256, stack(0x000000cb2b100000,0x000000cb2b200000) (1024K)]
  0x000001f39ca1e1d0 JavaThread "WorkerExecutor Queue Thread 3"        [_thread_blocked, id=54796, stack(0x000000cb2b200000,0x000000cb2b300000) (1024K)]
  0x000001f3bf737920 JavaThread "WorkerExecutor Queue Thread 4"        [_thread_blocked, id=53096, stack(0x000000cb2b300000,0x000000cb2b400000) (1024K)]
  0x000001f39ede7a50 JavaThread "C2 CompilerThread1"         daemon [_thread_blocked, id=1236, stack(0x000000cb28b00000,0x000000cb28c00000) (1024K)]
  0x000001f39ede6cb0 JavaThread "C2 CompilerThread2"         daemon [_thread_blocked, id=7172, stack(0x000000cb2b400000,0x000000cb2b500000) (1024K)]
  0x000001f39ede7380 JavaThread "C2 CompilerThread3"         daemon [_thread_blocked, id=22996, stack(0x000000cb2b600000,0x000000cb2b700000) (1024K)]
Total: 212

Other Threads:
  0x000001f351756140 VMThread "VM Thread"                           [id=50492, stack(0x000000cb1df00000,0x000000cb1e000000) (1024K)]
  0x000001f351741aa0 WatcherThread "VM Periodic Task Thread"        [id=57484, stack(0x000000cb1de00000,0x000000cb1df00000) (1024K)]
  0x000001f33114d410 WorkerThread "GC Thread#0"                     [id=56436, stack(0x000000cb1d900000,0x000000cb1da00000) (1024K)]
  0x000001f351c16430 WorkerThread "GC Thread#1"                     [id=52652, stack(0x000000cb1ed00000,0x000000cb1ee00000) (1024K)]
  0x000001f351c167d0 WorkerThread "GC Thread#2"                     [id=53272, stack(0x000000cb1ee00000,0x000000cb1ef00000) (1024K)]
  0x000001f351c16b70 WorkerThread "GC Thread#3"                     [id=55796, stack(0x000000cb1ef00000,0x000000cb1f000000) (1024K)]
  0x000001f351bf4c80 WorkerThread "GC Thread#4"                     [id=52092, stack(0x000000cb1f000000,0x000000cb1f100000) (1024K)]
  0x000001f351bf5020 WorkerThread "GC Thread#5"                     [id=55428, stack(0x000000cb1f100000,0x000000cb1f200000) (1024K)]
  0x000001f351bf53c0 WorkerThread "GC Thread#6"                     [id=51852, stack(0x000000cb1f200000,0x000000cb1f300000) (1024K)]
  0x000001f351bf5760 WorkerThread "GC Thread#7"                     [id=52100, stack(0x000000cb1f300000,0x000000cb1f400000) (1024K)]
  0x000001f351bf5b00 WorkerThread "GC Thread#8"                     [id=54860, stack(0x000000cb1f400000,0x000000cb1f500000) (1024K)]
  0x000001f351bf5ea0 WorkerThread "GC Thread#9"                     [id=57120, stack(0x000000cb1f500000,0x000000cb1f600000) (1024K)]
  0x000001f397282dd0 WorkerThread "GC Thread#10"                    [id=50396, stack(0x000000cb20700000,0x000000cb20800000) (1024K)]
  0x000001f39b8f7230 WorkerThread "GC Thread#11"                    [id=51500, stack(0x000000cb20800000,0x000000cb20900000) (1024K)]
  0x000001f39b8f5c70 WorkerThread "GC Thread#12"                    [id=51056, stack(0x000000cb20900000,0x000000cb20a00000) (1024K)]
  0x000001f331157300 ConcurrentGCThread "G1 Main Marker"            [id=55212, stack(0x000000cb1da00000,0x000000cb1db00000) (1024K)]
  0x000001f331158b90 WorkerThread "G1 Conc#0"                       [id=55636, stack(0x000000cb1db00000,0x000000cb1dc00000) (1024K)]
  0x000001f39b8f4a50 WorkerThread "G1 Conc#1"                       [id=51284, stack(0x000000cb20a00000,0x000000cb20b00000) (1024K)]
  0x000001f39b8f5190 WorkerThread "G1 Conc#2"                       [id=51344, stack(0x000000cb20b00000,0x000000cb20c00000) (1024K)]
  0x000001f351615b40 ConcurrentGCThread "G1 Refine#0"               [id=43880, stack(0x000000cb1dc00000,0x000000cb1dd00000) (1024K)]
  0x000001f351617370 ConcurrentGCThread "G1 Service"                [id=53000, stack(0x000000cb1dd00000,0x000000cb1de00000) (1024K)]
Total: 21

Threads with active compile tasks:
C2 CompilerThread0  5376725 189452       4       ksp.org.jetbrains.kotlin.fir.java.FirJavaFacadeKt::convertJavaConstructorToFir (988 bytes)
Total: 1

VM state: not at safepoint (normal execution)

VM Mutex/Monitor currently owned by a thread: None

Heap address: 0x00000006e0000000, size: 4608 MB, Compressed Oops mode: Zero based, Oop shift amount: 3

CDS archive(s) mapped at: [0x000001f352000000-0x000001f352c90000-0x000001f352c90000), size 13172736, SharedBaseAddress: 0x000001f352000000, ArchiveRelocationMode: 1.
Compressed class space mapped at: 0x000001f353000000-0x000001f393000000, reserved size: 1073741824
Narrow klass base: 0x000001f352000000, Narrow klass shift: 0, Narrow klass range: 0x100000000

GC Precious Log:
 CardTable entry size: 512
 Card Set container configuration: InlinePtr #cards 4 size 8 Array Of Cards #cards 32 size 80 Howl #buckets 8 coarsen threshold 7372 Howl Bitmap #cards 1024 size 144 coarsen threshold 921 Card regions per heap region 1 cards per card region 8192
 CPUs: 16 total, 16 available
 Memory: 28356M
 Large Page Support: Disabled
 NUMA Support: Disabled
 Compressed Oops: Enabled (Zero based)
 Heap Region Size: 4M
 Heap Min Capacity: 8M
 Heap Initial Capacity: 444M
 Heap Max Capacity: 4608M
 Pre-touch: Disabled
 Parallel Workers: 13
 Concurrent Workers: 3
 Concurrent Refinement Workers: 13
 Periodic GC: Disabled

Heap:
 garbage-first heap   total 1605632K, used 812208K [0x00000006e0000000, 0x0000000800000000)
  region size 4096K, 41 young (167936K), 23 survivors (94208K)
 Metaspace       used 283530K, committed 296896K, reserved 1376256K
  class space    used 34196K, committed 38464K, reserved 1048576K

Heap Regions: E=young(eden), S=young(survivor), O=old, HS=humongous(starts), HC=humongous(continues), CS=collection set, F=free, TAMS=top-at-mark-start, PB=parsable bottom
|   0|0x00000006e0000000, 0x00000006e0400000, 0x00000006e0400000|100%|HS|  |TAMS 0x00000006e0000000| PB 0x00000006e0000000| Complete 
|   1|0x00000006e0400000, 0x00000006e0800000, 0x00000006e0800000|100%| O|  |TAMS 0x00000006e0400000| PB 0x00000006e0400000| Untracked 
|   2|0x00000006e0800000, 0x00000006e0c00000, 0x00000006e0c00000|100%| O|  |TAMS 0x00000006e0800000| PB 0x00000006e0800000| Untracked 
|   3|0x00000006e0c00000, 0x00000006e1000000, 0x00000006e1000000|100%| O|  |TAMS 0x00000006e0c00000| PB 0x00000006e0c00000| Untracked 
|   4|0x00000006e1000000, 0x00000006e1400000, 0x00000006e1400000|100%| O|  |TAMS 0x00000006e1000000| PB 0x00000006e1000000| Untracked 
|   5|0x00000006e1400000, 0x00000006e1800000, 0x00000006e1800000|100%| O|  |TAMS 0x00000006e1400000| PB 0x00000006e1400000| Untracked 
|   6|0x00000006e1800000, 0x00000006e1c00000, 0x00000006e1c00000|100%| O|  |TAMS 0x00000006e1800000| PB 0x00000006e1800000| Untracked 
|   7|0x00000006e1c00000, 0x00000006e2000000, 0x00000006e2000000|100%| O|Cm|TAMS 0x00000006e1c00000| PB 0x00000006e1c00000| Complete 
|   8|0x00000006e2000000, 0x00000006e2400000, 0x00000006e2400000|100%| O|  |TAMS 0x00000006e2000000| PB 0x00000006e2000000| Untracked 
|   9|0x00000006e2400000, 0x00000006e2800000, 0x00000006e2800000|100%| O|  |TAMS 0x00000006e2400000| PB 0x00000006e2400000| Untracked 
|  10|0x00000006e2800000, 0x00000006e2c00000, 0x00000006e2c00000|100%| O|  |TAMS 0x00000006e2800000| PB 0x00000006e2800000| Untracked 
|  11|0x00000006e2c00000, 0x00000006e3000000, 0x00000006e3000000|100%| O|  |TAMS 0x00000006e2c00000| PB 0x00000006e2c00000| Untracked 
|  12|0x00000006e3000000, 0x00000006e3400000, 0x00000006e3400000|100%| O|  |TAMS 0x00000006e3000000| PB 0x00000006e3000000| Untracked 
|  13|0x00000006e3400000, 0x00000006e3800000, 0x00000006e3800000|100%| O|  |TAMS 0x00000006e3400000| PB 0x00000006e3400000| Untracked 
|  14|0x00000006e3800000, 0x00000006e3c00000, 0x00000006e3c00000|100%| O|  |TAMS 0x00000006e3800000| PB 0x00000006e3800000| Untracked 
|  15|0x00000006e3c00000, 0x00000006e4000000, 0x00000006e4000000|100%| O|Cm|TAMS 0x00000006e3c00000| PB 0x00000006e3c00000| Complete 
|  16|0x00000006e4000000, 0x00000006e4400000, 0x00000006e4400000|100%| O|  |TAMS 0x00000006e4000000| PB 0x00000006e4000000| Untracked 
|  17|0x00000006e4400000, 0x00000006e4800000, 0x00000006e4800000|100%| O|  |TAMS 0x00000006e4400000| PB 0x00000006e4400000| Untracked 
|  18|0x00000006e4800000, 0x00000006e4c00000, 0x00000006e4c00000|100%| O|  |TAMS 0x00000006e4800000| PB 0x00000006e4800000| Untracked 
|  19|0x00000006e4c00000, 0x00000006e5000000, 0x00000006e5000000|100%| O|  |TAMS 0x00000006e4c00000| PB 0x00000006e4c00000| Untracked 
|  20|0x00000006e5000000, 0x00000006e5400000, 0x00000006e5400000|100%| O|  |TAMS 0x00000006e5000000| PB 0x00000006e5000000| Untracked 
|  21|0x00000006e5400000, 0x00000006e5800000, 0x00000006e5800000|100%| O|  |TAMS 0x00000006e5400000| PB 0x00000006e5400000| Untracked 
|  22|0x00000006e5800000, 0x00000006e5c00000, 0x00000006e5c00000|100%| O|  |TAMS 0x00000006e5800000| PB 0x00000006e5800000| Untracked 
|  23|0x00000006e5c00000, 0x00000006e6000000, 0x00000006e6000000|100%| O|  |TAMS 0x00000006e5c00000| PB 0x00000006e5c00000| Untracked 
|  24|0x00000006e6000000, 0x00000006e6400000, 0x00000006e6400000|100%| O|  |TAMS 0x00000006e6000000| PB 0x00000006e6000000| Untracked 
|  25|0x00000006e6400000, 0x00000006e6800000, 0x00000006e6800000|100%| O|  |TAMS 0x00000006e6400000| PB 0x00000006e6400000| Untracked 
|  26|0x00000006e6800000, 0x00000006e6c00000, 0x00000006e6c00000|100%| O|  |TAMS 0x00000006e6800000| PB 0x00000006e6800000| Untracked 
|  27|0x00000006e6c00000, 0x00000006e7000000, 0x00000006e7000000|100%| O|Cm|TAMS 0x00000006e6c00000| PB 0x00000006e6c00000| Complete 
|  28|0x00000006e7000000, 0x00000006e7400000, 0x00000006e7400000|100%| O|Cm|TAMS 0x00000006e7000000| PB 0x00000006e7000000| Complete 
|  29|0x00000006e7400000, 0x00000006e7800000, 0x00000006e7800000|100%| O|  |TAMS 0x00000006e7400000| PB 0x00000006e7400000| Untracked 
|  30|0x00000006e7800000, 0x00000006e7c00000, 0x00000006e7c00000|100%| O|Cm|TAMS 0x00000006e7800000| PB 0x00000006e7800000| Complete 
|  31|0x00000006e7c00000, 0x00000006e8000000, 0x00000006e8000000|100%| O|  |TAMS 0x00000006e7c00000| PB 0x00000006e7c00000| Untracked 
|  32|0x00000006e8000000, 0x00000006e8400000, 0x00000006e8400000|100%|HS|  |TAMS 0x00000006e8000000| PB 0x00000006e8000000| Complete 
|  33|0x00000006e8400000, 0x00000006e8800000, 0x00000006e8800000|100%|HC|  |TAMS 0x00000006e8400000| PB 0x00000006e8400000| Complete 
|  34|0x00000006e8800000, 0x00000006e8c00000, 0x00000006e8c00000|100%| O|  |TAMS 0x00000006e8800000| PB 0x00000006e8800000| Untracked 
|  35|0x00000006e8c00000, 0x00000006e9000000, 0x00000006e9000000|100%| O|Cm|TAMS 0x00000006e8c00000| PB 0x00000006e8c00000| Complete 
|  36|0x00000006e9000000, 0x00000006e9400000, 0x00000006e9400000|100%| O|  |TAMS 0x00000006e9000000| PB 0x00000006e9000000| Untracked 
|  37|0x00000006e9400000, 0x00000006e9800000, 0x00000006e9800000|100%| O|  |TAMS 0x00000006e9400000| PB 0x00000006e9400000| Untracked 
|  38|0x00000006e9800000, 0x00000006e9c00000, 0x00000006e9c00000|100%| O|Cm|TAMS 0x00000006e9800000| PB 0x00000006e9800000| Complete 
|  39|0x00000006e9c00000, 0x00000006e9d2c198, 0x00000006ea000000| 29%| O|  |TAMS 0x00000006e9c00000| PB 0x00000006e9c00000| Untracked 
|  40|0x00000006ea000000, 0x00000006ea400000, 0x00000006ea400000|100%| O|Cm|TAMS 0x00000006ea000000| PB 0x00000006ea000000| Complete 
|  41|0x00000006ea400000, 0x00000006ea800000, 0x00000006ea800000|100%| O|  |TAMS 0x00000006ea400000| PB 0x00000006ea400000| Untracked 
|  42|0x00000006ea800000, 0x00000006eac00000, 0x00000006eac00000|100%| O|  |TAMS 0x00000006ea800000| PB 0x00000006ea800000| Untracked 
|  43|0x00000006eac00000, 0x00000006eac00000, 0x00000006eb000000|  0%| F|  |TAMS 0x00000006eac00000| PB 0x00000006eac00000| Untracked 
|  44|0x00000006eb000000, 0x00000006eb000000, 0x00000006eb400000|  0%| F|  |TAMS 0x00000006eb000000| PB 0x00000006eb000000| Untracked 
|  45|0x00000006eb400000, 0x00000006eb800000, 0x00000006eb800000|100%| O|  |TAMS 0x00000006eb400000| PB 0x00000006eb400000| Untracked 
|  46|0x00000006eb800000, 0x00000006ebc00000, 0x00000006ebc00000|100%| O|Cm|TAMS 0x00000006eb800000| PB 0x00000006eb800000| Complete 
|  47|0x00000006ebc00000, 0x00000006ec000000, 0x00000006ec000000|100%| O|Cm|TAMS 0x00000006ebc00000| PB 0x00000006ebc00000| Complete 
|  48|0x00000006ec000000, 0x00000006ec400000, 0x00000006ec400000|100%| O|  |TAMS 0x00000006ec000000| PB 0x00000006ec000000| Untracked 
|  49|0x00000006ec400000, 0x00000006ec800000, 0x00000006ec800000|100%| O|  |TAMS 0x00000006ec400000| PB 0x00000006ec400000| Untracked 
|  50|0x00000006ec800000, 0x00000006ecc00000, 0x00000006ecc00000|100%| O|Cm|TAMS 0x00000006ec800000| PB 0x00000006ec800000| Complete 
|  51|0x00000006ecc00000, 0x00000006ed000000, 0x00000006ed000000|100%| O|Cm|TAMS 0x00000006ecc00000| PB 0x00000006ecc00000| Complete 
|  52|0x00000006ed000000, 0x00000006ed400000, 0x00000006ed400000|100%| O|Cm|TAMS 0x00000006ed000000| PB 0x00000006ed000000| Complete 
|  53|0x00000006ed400000, 0x00000006ed400000, 0x00000006ed800000|  0%| F|  |TAMS 0x00000006ed400000| PB 0x00000006ed400000| Untracked 
|  54|0x00000006ed800000, 0x00000006edc00000, 0x00000006edc00000|100%| O|Cm|TAMS 0x00000006ed800000| PB 0x00000006ed800000| Complete 
|  55|0x00000006edc00000, 0x00000006edc00000, 0x00000006ee000000|  0%| F|  |TAMS 0x00000006edc00000| PB 0x00000006edc00000| Untracked 
|  56|0x00000006ee000000, 0x00000006ee000000, 0x00000006ee400000|  0%| F|  |TAMS 0x00000006ee000000| PB 0x00000006ee000000| Untracked 
|  57|0x00000006ee400000, 0x00000006ee400000, 0x00000006ee800000|  0%| F|  |TAMS 0x00000006ee400000| PB 0x00000006ee400000| Untracked 
|  58|0x00000006ee800000, 0x00000006eec00000, 0x00000006eec00000|100%| O|Cm|TAMS 0x00000006ee800000| PB 0x00000006ee800000| Complete 
|  59|0x00000006eec00000, 0x00000006ef000000, 0x00000006ef000000|100%| O|Cm|TAMS 0x00000006eec00000| PB 0x00000006eec00000| Complete 
|  60|0x00000006ef000000, 0x00000006ef000000, 0x00000006ef400000|  0%| F|  |TAMS 0x00000006ef000000| PB 0x00000006ef000000| Untracked 
|  61|0x00000006ef400000, 0x00000006ef800000, 0x00000006ef800000|100%| O|Cm|TAMS 0x00000006ef400000| PB 0x00000006ef400000| Complete 
|  62|0x00000006ef800000, 0x00000006efc00000, 0x00000006efc00000|100%| O|Cm|TAMS 0x00000006ef800000| PB 0x00000006ef800000| Complete 
|  63|0x00000006efc00000, 0x00000006f0000000, 0x00000006f0000000|100%| O|Cm|TAMS 0x00000006efc00000| PB 0x00000006efc00000| Complete 
|  64|0x00000006f0000000, 0x00000006f0000000, 0x00000006f0400000|  0%| F|  |TAMS 0x00000006f0000000| PB 0x00000006f0000000| Untracked 
|  65|0x00000006f0400000, 0x00000006f0800000, 0x00000006f0800000|100%| O|Cm|TAMS 0x00000006f0400000| PB 0x00000006f0400000| Complete 
|  66|0x00000006f0800000, 0x00000006f0c00000, 0x00000006f0c00000|100%| O|  |TAMS 0x00000006f0800000| PB 0x00000006f0800000| Untracked 
|  67|0x00000006f0c00000, 0x00000006f1000000, 0x00000006f1000000|100%| O|  |TAMS 0x00000006f0c00000| PB 0x00000006f0c00000| Untracked 
|  68|0x00000006f1000000, 0x00000006f1400000, 0x00000006f1400000|100%| O|  |TAMS 0x00000006f1000000| PB 0x00000006f1000000| Untracked 
|  69|0x00000006f1400000, 0x00000006f1800000, 0x00000006f1800000|100%| O|  |TAMS 0x00000006f1400000| PB 0x00000006f1400000| Untracked 
|  70|0x00000006f1800000, 0x00000006f1c00000, 0x00000006f1c00000|100%| O|  |TAMS 0x00000006f1800000| PB 0x00000006f1800000| Untracked 
|  71|0x00000006f1c00000, 0x00000006f2000000, 0x00000006f2000000|100%| O|Cm|TAMS 0x00000006f1c00000| PB 0x00000006f1c00000| Complete 
|  72|0x00000006f2000000, 0x00000006f2000000, 0x00000006f2400000|  0%| F|  |TAMS 0x00000006f2000000| PB 0x00000006f2000000| Untracked 
|  73|0x00000006f2400000, 0x00000006f2800000, 0x00000006f2800000|100%| O|  |TAMS 0x00000006f2400000| PB 0x00000006f2400000| Untracked 
|  74|0x00000006f2800000, 0x00000006f2c00000, 0x00000006f2c00000|100%| O|  |TAMS 0x00000006f2800000| PB 0x00000006f2800000| Untracked 
|  75|0x00000006f2c00000, 0x00000006f3000000, 0x00000006f3000000|100%| O|Cm|TAMS 0x00000006f2c00000| PB 0x00000006f2c00000| Complete 
|  76|0x00000006f3000000, 0x00000006f3400000, 0x00000006f3400000|100%| O|  |TAMS 0x00000006f3000000| PB 0x00000006f3000000| Untracked 
|  77|0x00000006f3400000, 0x00000006f3800000, 0x00000006f3800000|100%| O|  |TAMS 0x00000006f3400000| PB 0x00000006f3400000| Untracked 
|  78|0x00000006f3800000, 0x00000006f3c00000, 0x00000006f3c00000|100%| O|  |TAMS 0x00000006f3800000| PB 0x00000006f3800000| Untracked 
|  79|0x00000006f3c00000, 0x00000006f4000000, 0x00000006f4000000|100%| O|  |TAMS 0x00000006f3c00000| PB 0x00000006f3c00000| Untracked 
|  80|0x00000006f4000000, 0x00000006f4400000, 0x00000006f4400000|100%| O|  |TAMS 0x00000006f4000000| PB 0x00000006f4000000| Untracked 
|  81|0x00000006f4400000, 0x00000006f4800000, 0x00000006f4800000|100%| O|Cm|TAMS 0x00000006f4400000| PB 0x00000006f4400000| Complete 
|  82|0x00000006f4800000, 0x00000006f4c00000, 0x00000006f4c00000|100%| O|  |TAMS 0x00000006f4800000| PB 0x00000006f4800000| Untracked 
|  83|0x00000006f4c00000, 0x00000006f5000000, 0x00000006f5000000|100%| O|  |TAMS 0x00000006f4c00000| PB 0x00000006f4c00000| Untracked 
|  84|0x00000006f5000000, 0x00000006f5400000, 0x00000006f5400000|100%| O|  |TAMS 0x00000006f5000000| PB 0x00000006f5000000| Untracked 
|  85|0x00000006f5400000, 0x00000006f5800000, 0x00000006f5800000|100%| O|Cm|TAMS 0x00000006f5400000| PB 0x00000006f5400000| Complete 
|  86|0x00000006f5800000, 0x00000006f5c00000, 0x00000006f5c00000|100%| O|  |TAMS 0x00000006f5800000| PB 0x00000006f5800000| Untracked 
|  87|0x00000006f5c00000, 0x00000006f6000000, 0x00000006f6000000|100%| O|  |TAMS 0x00000006f5c00000| PB 0x00000006f5c00000| Untracked 
|  88|0x00000006f6000000, 0x00000006f6400000, 0x00000006f6400000|100%| O|  |TAMS 0x00000006f6000000| PB 0x00000006f6000000| Untracked 
|  89|0x00000006f6400000, 0x00000006f6800000, 0x00000006f6800000|100%| O|  |TAMS 0x00000006f6400000| PB 0x00000006f6400000| Untracked 
|  90|0x00000006f6800000, 0x00000006f6c00000, 0x00000006f6c00000|100%| O|Cm|TAMS 0x00000006f6800000| PB 0x00000006f6800000| Complete 
|  91|0x00000006f6c00000, 0x00000006f7000000, 0x00000006f7000000|100%| O|  |TAMS 0x00000006f6c00000| PB 0x00000006f6c00000| Untracked 
|  92|0x00000006f7000000, 0x00000006f7400000, 0x00000006f7400000|100%| O|  |TAMS 0x00000006f7000000| PB 0x00000006f7000000| Untracked 
|  93|0x00000006f7400000, 0x00000006f7800000, 0x00000006f7800000|100%| O|  |TAMS 0x00000006f7400000| PB 0x00000006f7400000| Untracked 
|  94|0x00000006f7800000, 0x00000006f7c00000, 0x00000006f7c00000|100%| O|  |TAMS 0x00000006f7800000| PB 0x00000006f7800000| Untracked 
|  95|0x00000006f7c00000, 0x00000006f8000000, 0x00000006f8000000|100%| O|  |TAMS 0x00000006f7c00000| PB 0x00000006f7c00000| Untracked 
|  96|0x00000006f8000000, 0x00000006f8400000, 0x00000006f8400000|100%| O|Cm|TAMS 0x00000006f8000000| PB 0x00000006f8000000| Complete 
|  97|0x00000006f8400000, 0x00000006f8800000, 0x00000006f8800000|100%| O|  |TAMS 0x00000006f8400000| PB 0x00000006f8400000| Untracked 
|  98|0x00000006f8800000, 0x00000006f8c00000, 0x00000006f8c00000|100%| O|  |TAMS 0x00000006f8800000| PB 0x00000006f8800000| Untracked 
|  99|0x00000006f8c00000, 0x00000006f9000000, 0x00000006f9000000|100%| O|Cm|TAMS 0x00000006f8c00000| PB 0x00000006f8c00000| Complete 
| 100|0x00000006f9000000, 0x00000006f9400000, 0x00000006f9400000|100%| O|  |TAMS 0x00000006f9000000| PB 0x00000006f9000000| Untracked 
| 101|0x00000006f9400000, 0x00000006f9800000, 0x00000006f9800000|100%| O|Cm|TAMS 0x00000006f9400000| PB 0x00000006f9400000| Complete 
| 102|0x00000006f9800000, 0x00000006f9c00000, 0x00000006f9c00000|100%| O|  |TAMS 0x00000006f9800000| PB 0x00000006f9800000| Untracked 
| 103|0x00000006f9c00000, 0x00000006fa000000, 0x00000006fa000000|100%| O|Cm|TAMS 0x00000006f9c00000| PB 0x00000006f9c00000| Complete 
| 104|0x00000006fa000000, 0x00000006fa400000, 0x00000006fa400000|100%| O|  |TAMS 0x00000006fa000000| PB 0x00000006fa000000| Untracked 
| 105|0x00000006fa400000, 0x00000006fa800000, 0x00000006fa800000|100%| O|Cm|TAMS 0x00000006fa400000| PB 0x00000006fa400000| Complete 
| 106|0x00000006fa800000, 0x00000006fac00000, 0x00000006fac00000|100%| O|Cm|TAMS 0x00000006fa800000| PB 0x00000006fa800000| Complete 
| 107|0x00000006fac00000, 0x00000006fac00000, 0x00000006fb000000|  0%| F|  |TAMS 0x00000006fac00000| PB 0x00000006fac00000| Untracked 
| 108|0x00000006fb000000, 0x00000006fb000000, 0x00000006fb400000|  0%| F|  |TAMS 0x00000006fb000000| PB 0x00000006fb000000| Untracked 
| 109|0x00000006fb400000, 0x00000006fb800000, 0x00000006fb800000|100%| O|Cm|TAMS 0x00000006fb400000| PB 0x00000006fb400000| Complete 
| 110|0x00000006fb800000, 0x00000006fbc00000, 0x00000006fbc00000|100%| O|Cm|TAMS 0x00000006fb800000| PB 0x00000006fb800000| Complete 
| 111|0x00000006fbc00000, 0x00000006fc000000, 0x00000006fc000000|100%|HS|  |TAMS 0x00000006fbc00000| PB 0x00000006fbc00000| Complete 
| 112|0x00000006fc000000, 0x00000006fc400000, 0x00000006fc400000|100%| O|Cm|TAMS 0x00000006fc000000| PB 0x00000006fc000000| Complete 
| 113|0x00000006fc400000, 0x00000006fc800000, 0x00000006fc800000|100%| O|  |TAMS 0x00000006fc400000| PB 0x00000006fc400000| Untracked 
| 114|0x00000006fc800000, 0x00000006fcc00000, 0x00000006fcc00000|100%| O|Cm|TAMS 0x00000006fc800000| PB 0x00000006fc800000| Complete 
| 115|0x00000006fcc00000, 0x00000006fd000000, 0x00000006fd000000|100%| O|Cm|TAMS 0x00000006fcc00000| PB 0x00000006fcc00000| Complete 
| 116|0x00000006fd000000, 0x00000006fd400000, 0x00000006fd400000|100%| O|  |TAMS 0x00000006fd000000| PB 0x00000006fd000000| Untracked 
| 117|0x00000006fd400000, 0x00000006fd800000, 0x00000006fd800000|100%| O|Cm|TAMS 0x00000006fd400000| PB 0x00000006fd400000| Complete 
| 118|0x00000006fd800000, 0x00000006fdc00000, 0x00000006fdc00000|100%| O|Cm|TAMS 0x00000006fd800000| PB 0x00000006fd800000| Complete 
| 119|0x00000006fdc00000, 0x00000006fe000000, 0x00000006fe000000|100%| O|  |TAMS 0x00000006fdc00000| PB 0x00000006fdc00000| Untracked 
| 120|0x00000006fe000000, 0x00000006fe400000, 0x00000006fe400000|100%| O|Cm|TAMS 0x00000006fe000000| PB 0x00000006fe000000| Complete 
| 121|0x00000006fe400000, 0x00000006fe800000, 0x00000006fe800000|100%| O|Cm|TAMS 0x00000006fe400000| PB 0x00000006fe400000| Complete 
| 122|0x00000006fe800000, 0x00000006fec00000, 0x00000006fec00000|100%| O|Cm|TAMS 0x00000006fe800000| PB 0x00000006fe800000| Complete 
| 123|0x00000006fec00000, 0x00000006fec00000, 0x00000006ff000000|  0%| F|  |TAMS 0x00000006fec00000| PB 0x00000006fec00000| Untracked 
| 124|0x00000006ff000000, 0x00000006ff000000, 0x00000006ff400000|  0%| F|  |TAMS 0x00000006ff000000| PB 0x00000006ff000000| Untracked 
| 125|0x00000006ff400000, 0x00000006ff400000, 0x00000006ff800000|  0%| F|  |TAMS 0x00000006ff400000| PB 0x00000006ff400000| Untracked 
| 126|0x00000006ff800000, 0x00000006ff800000, 0x00000006ffc00000|  0%| F|  |TAMS 0x00000006ff800000| PB 0x00000006ff800000| Untracked 
| 127|0x00000006ffc00000, 0x00000006ffc00000, 0x0000000700000000|  0%| F|  |TAMS 0x00000006ffc00000| PB 0x00000006ffc00000| Untracked 
| 128|0x0000000700000000, 0x0000000700400000, 0x0000000700400000|100%| O|  |TAMS 0x0000000700000000| PB 0x0000000700000000| Untracked 
| 129|0x0000000700400000, 0x0000000700800000, 0x0000000700800000|100%| O|Cm|TAMS 0x0000000700400000| PB 0x0000000700400000| Complete 
| 130|0x0000000700800000, 0x0000000700c00000, 0x0000000700c00000|100%| O|Cm|TAMS 0x0000000700800000| PB 0x0000000700800000| Complete 
| 131|0x0000000700c00000, 0x0000000701000000, 0x0000000701000000|100%| O|Cm|TAMS 0x0000000700c00000| PB 0x0000000700c00000| Complete 
| 132|0x0000000701000000, 0x0000000701000000, 0x0000000701400000|  0%| F|  |TAMS 0x0000000701000000| PB 0x0000000701000000| Untracked 
| 133|0x0000000701400000, 0x0000000701400000, 0x0000000701800000|  0%| F|  |TAMS 0x0000000701400000| PB 0x0000000701400000| Untracked 
| 134|0x0000000701800000, 0x0000000701800000, 0x0000000701c00000|  0%| F|  |TAMS 0x0000000701800000| PB 0x0000000701800000| Untracked 
| 135|0x0000000701c00000, 0x0000000701c00000, 0x0000000702000000|  0%| F|  |TAMS 0x0000000701c00000| PB 0x0000000701c00000| Untracked 
| 136|0x0000000702000000, 0x0000000702000000, 0x0000000702400000|  0%| F|  |TAMS 0x0000000702000000| PB 0x0000000702000000| Untracked 
| 137|0x0000000702400000, 0x0000000702400000, 0x0000000702800000|  0%| F|  |TAMS 0x0000000702400000| PB 0x0000000702400000| Untracked 
| 138|0x0000000702800000, 0x0000000702c00000, 0x0000000702c00000|100%| O|  |TAMS 0x0000000702800000| PB 0x0000000702800000| Untracked 
| 139|0x0000000702c00000, 0x0000000703000000, 0x0000000703000000|100%| O|  |TAMS 0x0000000702c00000| PB 0x0000000702c00000| Untracked 
| 140|0x0000000703000000, 0x0000000703400000, 0x0000000703400000|100%| O|  |TAMS 0x0000000703000000| PB 0x0000000703000000| Untracked 
| 141|0x0000000703400000, 0x0000000703800000, 0x0000000703800000|100%| O|Cm|TAMS 0x0000000703400000| PB 0x0000000703400000| Complete 
| 142|0x0000000703800000, 0x0000000703c00000, 0x0000000703c00000|100%| O|  |TAMS 0x0000000703800000| PB 0x0000000703800000| Untracked 
| 143|0x0000000703c00000, 0x0000000704000000, 0x0000000704000000|100%| O|  |TAMS 0x0000000703c00000| PB 0x0000000703c00000| Untracked 
| 144|0x0000000704000000, 0x0000000704400000, 0x0000000704400000|100%| O|  |TAMS 0x0000000704000000| PB 0x0000000704000000| Untracked 
| 145|0x0000000704400000, 0x0000000704800000, 0x0000000704800000|100%| O|Cm|TAMS 0x0000000704400000| PB 0x0000000704400000| Complete 
| 146|0x0000000704800000, 0x0000000704c00000, 0x0000000704c00000|100%| O|  |TAMS 0x0000000704800000| PB 0x0000000704800000| Untracked 
| 147|0x0000000704c00000, 0x0000000705000000, 0x0000000705000000|100%| O|Cm|TAMS 0x0000000704c00000| PB 0x0000000704c00000| Complete 
| 148|0x0000000705000000, 0x0000000705400000, 0x0000000705400000|100%| O|Cm|TAMS 0x0000000705000000| PB 0x0000000705000000| Complete 
| 149|0x0000000705400000, 0x0000000705800000, 0x0000000705800000|100%| O|Cm|TAMS 0x0000000705400000| PB 0x0000000705400000| Complete 
| 150|0x0000000705800000, 0x0000000705c00000, 0x0000000705c00000|100%| O|Cm|TAMS 0x0000000705800000| PB 0x0000000705800000| Complete 
| 151|0x0000000705c00000, 0x0000000706000000, 0x0000000706000000|100%| O|Cm|TAMS 0x0000000705c00000| PB 0x0000000705c00000| Complete 
| 152|0x0000000706000000, 0x0000000706400000, 0x0000000706400000|100%| O|Cm|TAMS 0x0000000706000000| PB 0x0000000706000000| Complete 
| 153|0x0000000706400000, 0x0000000706800000, 0x0000000706800000|100%| O|Cm|TAMS 0x0000000706400000| PB 0x0000000706400000| Complete 
| 154|0x0000000706800000, 0x0000000706c00000, 0x0000000706c00000|100%| O|Cm|TAMS 0x0000000706800000| PB 0x0000000706800000| Complete 
| 155|0x0000000706c00000, 0x0000000707000000, 0x0000000707000000|100%| O|Cm|TAMS 0x0000000706c00000| PB 0x0000000706c00000| Complete 
| 156|0x0000000707000000, 0x0000000707400000, 0x0000000707400000|100%| O|Cm|TAMS 0x0000000707000000| PB 0x0000000707000000| Complete 
| 157|0x0000000707400000, 0x0000000707800000, 0x0000000707800000|100%| O|  |TAMS 0x0000000707400000| PB 0x0000000707400000| Untracked 
| 158|0x0000000707800000, 0x0000000707c00000, 0x0000000707c00000|100%| O|  |TAMS 0x0000000707800000| PB 0x0000000707800000| Untracked 
| 159|0x0000000707c00000, 0x0000000708000000, 0x0000000708000000|100%| O|Cm|TAMS 0x0000000707c00000| PB 0x0000000707c00000| Complete 
| 160|0x0000000708000000, 0x0000000708400000, 0x0000000708400000|100%| O|  |TAMS 0x0000000708000000| PB 0x0000000708000000| Untracked 
| 161|0x0000000708400000, 0x0000000708800000, 0x0000000708800000|100%| O|Cm|TAMS 0x0000000708400000| PB 0x0000000708400000| Complete 
| 162|0x0000000708800000, 0x0000000708c00000, 0x0000000708c00000|100%| O|Cm|TAMS 0x0000000708800000| PB 0x0000000708800000| Complete 
| 163|0x0000000708c00000, 0x0000000709000000, 0x0000000709000000|100%| O|Cm|TAMS 0x0000000708c00000| PB 0x0000000708c00000| Complete 
| 164|0x0000000709000000, 0x0000000709400000, 0x0000000709400000|100%| O|  |TAMS 0x0000000709000000| PB 0x0000000709000000| Untracked 
| 165|0x0000000709400000, 0x0000000709800000, 0x0000000709800000|100%| O|Cm|TAMS 0x0000000709400000| PB 0x0000000709400000| Complete 
| 166|0x0000000709800000, 0x0000000709c00000, 0x0000000709c00000|100%| O|Cm|TAMS 0x0000000709800000| PB 0x0000000709800000| Complete 
| 167|0x0000000709c00000, 0x000000070a000000, 0x000000070a000000|100%| O|  |TAMS 0x0000000709c00000| PB 0x0000000709c00000| Untracked 
| 168|0x000000070a000000, 0x000000070a400000, 0x000000070a400000|100%| O|Cm|TAMS 0x000000070a000000| PB 0x000000070a000000| Complete 
| 169|0x000000070a400000, 0x000000070a800000, 0x000000070a800000|100%| O|Cm|TAMS 0x000000070a400000| PB 0x000000070a400000| Complete 
| 170|0x000000070a800000, 0x000000070ac00000, 0x000000070ac00000|100%| O|Cm|TAMS 0x000000070a800000| PB 0x000000070a800000| Complete 
| 171|0x000000070ac00000, 0x000000070b000000, 0x000000070b000000|100%| O|Cm|TAMS 0x000000070ac00000| PB 0x000000070ac00000| Complete 
| 172|0x000000070b000000, 0x000000070b400000, 0x000000070b400000|100%| O|Cm|TAMS 0x000000070b000000| PB 0x000000070b000000| Complete 
| 173|0x000000070b400000, 0x000000070b800000, 0x000000070b800000|100%| O|Cm|TAMS 0x000000070b400000| PB 0x000000070b400000| Complete 
| 174|0x000000070b800000, 0x000000070bc00000, 0x000000070bc00000|100%| O|Cm|TAMS 0x000000070b800000| PB 0x000000070b800000| Complete 
| 175|0x000000070bc00000, 0x000000070c000000, 0x000000070c000000|100%| O|  |TAMS 0x000000070bc00000| PB 0x000000070bc00000| Untracked 
| 176|0x000000070c000000, 0x000000070c000000, 0x000000070c400000|  0%| F|  |TAMS 0x000000070c000000| PB 0x000000070c000000| Untracked 
| 177|0x000000070c400000, 0x000000070c400000, 0x000000070c800000|  0%| F|  |TAMS 0x000000070c400000| PB 0x000000070c400000| Untracked 
| 178|0x000000070c800000, 0x000000070c800000, 0x000000070cc00000|  0%| F|  |TAMS 0x000000070c800000| PB 0x000000070c800000| Untracked 
| 179|0x000000070cc00000, 0x000000070cc00000, 0x000000070d000000|  0%| F|  |TAMS 0x000000070cc00000| PB 0x000000070cc00000| Untracked 
| 180|0x000000070d000000, 0x000000070d000000, 0x000000070d400000|  0%| F|  |TAMS 0x000000070d000000| PB 0x000000070d000000| Untracked 
| 181|0x000000070d400000, 0x000000070d800000, 0x000000070d800000|100%| O|  |TAMS 0x000000070d400000| PB 0x000000070d400000| Untracked 
| 182|0x000000070d800000, 0x000000070dc00000, 0x000000070dc00000|100%| O|  |TAMS 0x000000070d800000| PB 0x000000070d800000| Untracked 
| 183|0x000000070dc00000, 0x000000070dc00000, 0x000000070e000000|  0%| F|  |TAMS 0x000000070dc00000| PB 0x000000070dc00000| Untracked 
| 184|0x000000070e000000, 0x000000070e400000, 0x000000070e400000|100%| O|  |TAMS 0x000000070e000000| PB 0x000000070e000000| Untracked 
| 185|0x000000070e400000, 0x000000070e800000, 0x000000070e800000|100%| S|CS|TAMS 0x000000070e400000| PB 0x000000070e400000| Complete 
| 186|0x000000070e800000, 0x000000070ec00000, 0x000000070ec00000|100%| S|CS|TAMS 0x000000070e800000| PB 0x000000070e800000| Complete 
| 187|0x000000070ec00000, 0x000000070f000000, 0x000000070f000000|100%| S|CS|TAMS 0x000000070ec00000| PB 0x000000070ec00000| Complete 
| 188|0x000000070f000000, 0x000000070f400000, 0x000000070f400000|100%| S|CS|TAMS 0x000000070f000000| PB 0x000000070f000000| Complete 
| 189|0x000000070f400000, 0x000000070f800000, 0x000000070f800000|100%| S|CS|TAMS 0x000000070f400000| PB 0x000000070f400000| Complete 
| 190|0x000000070f800000, 0x000000070fc00000, 0x000000070fc00000|100%| S|CS|TAMS 0x000000070f800000| PB 0x000000070f800000| Complete 
| 191|0x000000070fc00000, 0x0000000710000000, 0x0000000710000000|100%| S|CS|TAMS 0x000000070fc00000| PB 0x000000070fc00000| Complete 
| 192|0x0000000710000000, 0x0000000710400000, 0x0000000710400000|100%| S|CS|TAMS 0x0000000710000000| PB 0x0000000710000000| Complete 
| 193|0x0000000710400000, 0x0000000710800000, 0x0000000710800000|100%| S|CS|TAMS 0x0000000710400000| PB 0x0000000710400000| Complete 
| 194|0x0000000710800000, 0x0000000710c00000, 0x0000000710c00000|100%| S|CS|TAMS 0x0000000710800000| PB 0x0000000710800000| Complete 
| 195|0x0000000710c00000, 0x0000000711000000, 0x0000000711000000|100%| S|CS|TAMS 0x0000000710c00000| PB 0x0000000710c00000| Complete 
| 196|0x0000000711000000, 0x0000000711000000, 0x0000000711400000|  0%| F|  |TAMS 0x0000000711000000| PB 0x0000000711000000| Untracked 
| 197|0x0000000711400000, 0x0000000711400000, 0x0000000711800000|  0%| F|  |TAMS 0x0000000711400000| PB 0x0000000711400000| Untracked 
| 198|0x0000000711800000, 0x0000000711800000, 0x0000000711c00000|  0%| F|  |TAMS 0x0000000711800000| PB 0x0000000711800000| Untracked 
| 199|0x0000000711c00000, 0x0000000711c00000, 0x0000000712000000|  0%| F|  |TAMS 0x0000000711c00000| PB 0x0000000711c00000| Untracked 
| 200|0x0000000712000000, 0x0000000712000000, 0x0000000712400000|  0%| F|  |TAMS 0x0000000712000000| PB 0x0000000712000000| Untracked 
| 201|0x0000000712400000, 0x0000000712400000, 0x0000000712800000|  0%| F|  |TAMS 0x0000000712400000| PB 0x0000000712400000| Untracked 
| 202|0x0000000712800000, 0x0000000712800000, 0x0000000712c00000|  0%| F|  |TAMS 0x0000000712800000| PB 0x0000000712800000| Untracked 
| 203|0x0000000712c00000, 0x0000000712c00000, 0x0000000713000000|  0%| F|  |TAMS 0x0000000712c00000| PB 0x0000000712c00000| Untracked 
| 204|0x0000000713000000, 0x0000000713000000, 0x0000000713400000|  0%| F|  |TAMS 0x0000000713000000| PB 0x0000000713000000| Untracked 
| 205|0x0000000713400000, 0x0000000713400000, 0x0000000713800000|  0%| F|  |TAMS 0x0000000713400000| PB 0x0000000713400000| Untracked 
| 206|0x0000000713800000, 0x0000000713800000, 0x0000000713c00000|  0%| F|  |TAMS 0x0000000713800000| PB 0x0000000713800000| Untracked 
| 207|0x0000000713c00000, 0x0000000713c00000, 0x0000000714000000|  0%| F|  |TAMS 0x0000000713c00000| PB 0x0000000713c00000| Untracked 
| 208|0x0000000714000000, 0x0000000714000000, 0x0000000714400000|  0%| F|  |TAMS 0x0000000714000000| PB 0x0000000714000000| Untracked 
| 209|0x0000000714400000, 0x0000000714400000, 0x0000000714800000|  0%| F|  |TAMS 0x0000000714400000| PB 0x0000000714400000| Untracked 
| 210|0x0000000714800000, 0x0000000714800000, 0x0000000714c00000|  0%| F|  |TAMS 0x0000000714800000| PB 0x0000000714800000| Untracked 
| 211|0x0000000714c00000, 0x0000000714c00000, 0x0000000715000000|  0%| F|  |TAMS 0x0000000714c00000| PB 0x0000000714c00000| Untracked 
| 212|0x0000000715000000, 0x0000000715000000, 0x0000000715400000|  0%| F|  |TAMS 0x0000000715000000| PB 0x0000000715000000| Untracked 
| 213|0x0000000715400000, 0x0000000715400000, 0x0000000715800000|  0%| F|  |TAMS 0x0000000715400000| PB 0x0000000715400000| Untracked 
| 214|0x0000000715800000, 0x0000000715800000, 0x0000000715c00000|  0%| F|  |TAMS 0x0000000715800000| PB 0x0000000715800000| Untracked 
| 215|0x0000000715c00000, 0x0000000716000000, 0x0000000716000000|100%| S|CS|TAMS 0x0000000715c00000| PB 0x0000000715c00000| Complete 
| 216|0x0000000716000000, 0x0000000716400000, 0x0000000716400000|100%| S|CS|TAMS 0x0000000716000000| PB 0x0000000716000000| Complete 
| 217|0x0000000716400000, 0x0000000716800000, 0x0000000716800000|100%| S|CS|TAMS 0x0000000716400000| PB 0x0000000716400000| Complete 
| 218|0x0000000716800000, 0x0000000716c00000, 0x0000000716c00000|100%| S|CS|TAMS 0x0000000716800000| PB 0x0000000716800000| Complete 
| 219|0x0000000716c00000, 0x0000000717000000, 0x0000000717000000|100%| S|CS|TAMS 0x0000000716c00000| PB 0x0000000716c00000| Complete 
| 220|0x0000000717000000, 0x0000000717400000, 0x0000000717400000|100%| S|CS|TAMS 0x0000000717000000| PB 0x0000000717000000| Complete 
| 221|0x0000000717400000, 0x0000000717800000, 0x0000000717800000|100%| S|CS|TAMS 0x0000000717400000| PB 0x0000000717400000| Complete 
| 222|0x0000000717800000, 0x0000000717c00000, 0x0000000717c00000|100%| S|CS|TAMS 0x0000000717800000| PB 0x0000000717800000| Complete 
| 223|0x0000000717c00000, 0x0000000718000000, 0x0000000718000000|100%| S|CS|TAMS 0x0000000717c00000| PB 0x0000000717c00000| Complete 
| 224|0x0000000718000000, 0x0000000718400000, 0x0000000718400000|100%| S|CS|TAMS 0x0000000718000000| PB 0x0000000718000000| Complete 
| 225|0x0000000718400000, 0x0000000718800000, 0x0000000718800000|100%| S|CS|TAMS 0x0000000718400000| PB 0x0000000718400000| Complete 
| 226|0x0000000718800000, 0x0000000718c00000, 0x0000000718c00000|100%| S|CS|TAMS 0x0000000718800000| PB 0x0000000718800000| Complete 
| 227|0x0000000718c00000, 0x0000000718c00000, 0x0000000719000000|  0%| F|  |TAMS 0x0000000718c00000| PB 0x0000000718c00000| Untracked 
| 228|0x0000000719000000, 0x0000000719000000, 0x0000000719400000|  0%| F|  |TAMS 0x0000000719000000| PB 0x0000000719000000| Untracked 
| 229|0x0000000719400000, 0x0000000719400000, 0x0000000719800000|  0%| F|  |TAMS 0x0000000719400000| PB 0x0000000719400000| Untracked 
| 230|0x0000000719800000, 0x0000000719800000, 0x0000000719c00000|  0%| F|  |TAMS 0x0000000719800000| PB 0x0000000719800000| Untracked 
| 231|0x0000000719c00000, 0x0000000719c00000, 0x000000071a000000|  0%| F|  |TAMS 0x0000000719c00000| PB 0x0000000719c00000| Untracked 
| 232|0x000000071a000000, 0x000000071a000000, 0x000000071a400000|  0%| F|  |TAMS 0x000000071a000000| PB 0x000000071a000000| Untracked 
| 233|0x000000071a400000, 0x000000071a400000, 0x000000071a800000|  0%| F|  |TAMS 0x000000071a400000| PB 0x000000071a400000| Untracked 
| 234|0x000000071a800000, 0x000000071a800000, 0x000000071ac00000|  0%| F|  |TAMS 0x000000071a800000| PB 0x000000071a800000| Untracked 
| 235|0x000000071ac00000, 0x000000071ac00000, 0x000000071b000000|  0%| F|  |TAMS 0x000000071ac00000| PB 0x000000071ac00000| Untracked 
| 236|0x000000071b000000, 0x000000071b000000, 0x000000071b400000|  0%| F|  |TAMS 0x000000071b000000| PB 0x000000071b000000| Untracked 
| 237|0x000000071b400000, 0x000000071b400000, 0x000000071b800000|  0%| F|  |TAMS 0x000000071b400000| PB 0x000000071b400000| Untracked 
| 238|0x000000071b800000, 0x000000071b800000, 0x000000071bc00000|  0%| F|  |TAMS 0x000000071b800000| PB 0x000000071b800000| Untracked 
| 239|0x000000071bc00000, 0x000000071bc00000, 0x000000071c000000|  0%| F|  |TAMS 0x000000071bc00000| PB 0x000000071bc00000| Untracked 
| 240|0x000000071c000000, 0x000000071c000000, 0x000000071c400000|  0%| F|  |TAMS 0x000000071c000000| PB 0x000000071c000000| Untracked 
| 241|0x000000071c400000, 0x000000071c400000, 0x000000071c800000|  0%| F|  |TAMS 0x000000071c400000| PB 0x000000071c400000| Untracked 
| 242|0x000000071c800000, 0x000000071c800000, 0x000000071cc00000|  0%| F|  |TAMS 0x000000071c800000| PB 0x000000071c800000| Untracked 
| 243|0x000000071cc00000, 0x000000071cc00000, 0x000000071d000000|  0%| F|  |TAMS 0x000000071cc00000| PB 0x000000071cc00000| Untracked 
| 244|0x000000071d000000, 0x000000071d000000, 0x000000071d400000|  0%| F|  |TAMS 0x000000071d000000| PB 0x000000071d000000| Untracked 
| 245|0x000000071d400000, 0x000000071d400000, 0x000000071d800000|  0%| F|  |TAMS 0x000000071d400000| PB 0x000000071d400000| Untracked 
| 246|0x000000071d800000, 0x000000071d800000, 0x000000071dc00000|  0%| F|  |TAMS 0x000000071d800000| PB 0x000000071d800000| Untracked 
| 247|0x000000071dc00000, 0x000000071dc00000, 0x000000071e000000|  0%| F|  |TAMS 0x000000071dc00000| PB 0x000000071dc00000| Untracked 
| 248|0x000000071e000000, 0x000000071e000000, 0x000000071e400000|  0%| F|  |TAMS 0x000000071e000000| PB 0x000000071e000000| Untracked 
| 249|0x000000071e400000, 0x000000071e400000, 0x000000071e800000|  0%| F|  |TAMS 0x000000071e400000| PB 0x000000071e400000| Untracked 
| 250|0x000000071e800000, 0x000000071e800000, 0x000000071ec00000|  0%| F|  |TAMS 0x000000071e800000| PB 0x000000071e800000| Untracked 
| 251|0x000000071ec00000, 0x000000071ec00000, 0x000000071f000000|  0%| F|  |TAMS 0x000000071ec00000| PB 0x000000071ec00000| Untracked 
| 252|0x000000071f000000, 0x000000071f000000, 0x000000071f400000|  0%| F|  |TAMS 0x000000071f000000| PB 0x000000071f000000| Untracked 
| 253|0x000000071f400000, 0x000000071f400000, 0x000000071f800000|  0%| F|  |TAMS 0x000000071f400000| PB 0x000000071f400000| Untracked 
| 254|0x000000071f800000, 0x000000071f800000, 0x000000071fc00000|  0%| F|  |TAMS 0x000000071f800000| PB 0x000000071f800000| Untracked 
| 255|0x000000071fc00000, 0x000000071fc00000, 0x0000000720000000|  0%| F|  |TAMS 0x000000071fc00000| PB 0x000000071fc00000| Untracked 
| 256|0x0000000720000000, 0x0000000720000000, 0x0000000720400000|  0%| F|  |TAMS 0x0000000720000000| PB 0x0000000720000000| Untracked 
| 257|0x0000000720400000, 0x0000000720400000, 0x0000000720800000|  0%| F|  |TAMS 0x0000000720400000| PB 0x0000000720400000| Untracked 
| 258|0x0000000720800000, 0x0000000720800000, 0x0000000720c00000|  0%| F|  |TAMS 0x0000000720800000| PB 0x0000000720800000| Untracked 
| 259|0x0000000720c00000, 0x0000000720c00000, 0x0000000721000000|  0%| F|  |TAMS 0x0000000720c00000| PB 0x0000000720c00000| Untracked 
| 260|0x0000000721000000, 0x0000000721000000, 0x0000000721400000|  0%| F|  |TAMS 0x0000000721000000| PB 0x0000000721000000| Untracked 
| 261|0x0000000721400000, 0x0000000721400000, 0x0000000721800000|  0%| F|  |TAMS 0x0000000721400000| PB 0x0000000721400000| Untracked 
| 262|0x0000000721800000, 0x0000000721800000, 0x0000000721c00000|  0%| F|  |TAMS 0x0000000721800000| PB 0x0000000721800000| Untracked 
| 263|0x0000000721c00000, 0x0000000721c00000, 0x0000000722000000|  0%| F|  |TAMS 0x0000000721c00000| PB 0x0000000721c00000| Untracked 
| 264|0x0000000722000000, 0x0000000722000000, 0x0000000722400000|  0%| F|  |TAMS 0x0000000722000000| PB 0x0000000722000000| Untracked 
| 265|0x0000000722400000, 0x0000000722400000, 0x0000000722800000|  0%| F|  |TAMS 0x0000000722400000| PB 0x0000000722400000| Untracked 
| 266|0x0000000722800000, 0x0000000722800000, 0x0000000722c00000|  0%| F|  |TAMS 0x0000000722800000| PB 0x0000000722800000| Untracked 
| 267|0x0000000722c00000, 0x0000000722c00000, 0x0000000723000000|  0%| F|  |TAMS 0x0000000722c00000| PB 0x0000000722c00000| Untracked 
| 268|0x0000000723000000, 0x0000000723000000, 0x0000000723400000|  0%| F|  |TAMS 0x0000000723000000| PB 0x0000000723000000| Untracked 
| 269|0x0000000723400000, 0x0000000723400000, 0x0000000723800000|  0%| F|  |TAMS 0x0000000723400000| PB 0x0000000723400000| Untracked 
| 270|0x0000000723800000, 0x0000000723800000, 0x0000000723c00000|  0%| F|  |TAMS 0x0000000723800000| PB 0x0000000723800000| Untracked 
| 271|0x0000000723c00000, 0x0000000723c00000, 0x0000000724000000|  0%| F|  |TAMS 0x0000000723c00000| PB 0x0000000723c00000| Untracked 
| 272|0x0000000724000000, 0x0000000724000000, 0x0000000724400000|  0%| F|  |TAMS 0x0000000724000000| PB 0x0000000724000000| Untracked 
| 273|0x0000000724400000, 0x0000000724400000, 0x0000000724800000|  0%| F|  |TAMS 0x0000000724400000| PB 0x0000000724400000| Untracked 
| 274|0x0000000724800000, 0x0000000724800000, 0x0000000724c00000|  0%| F|  |TAMS 0x0000000724800000| PB 0x0000000724800000| Untracked 
| 275|0x0000000724c00000, 0x0000000724c00000, 0x0000000725000000|  0%| F|  |TAMS 0x0000000724c00000| PB 0x0000000724c00000| Untracked 
| 276|0x0000000725000000, 0x0000000725000000, 0x0000000725400000|  0%| F|  |TAMS 0x0000000725000000| PB 0x0000000725000000| Untracked 
| 277|0x0000000725400000, 0x0000000725400000, 0x0000000725800000|  0%| F|  |TAMS 0x0000000725400000| PB 0x0000000725400000| Untracked 
| 278|0x0000000725800000, 0x0000000725800000, 0x0000000725c00000|  0%| F|  |TAMS 0x0000000725800000| PB 0x0000000725800000| Untracked 
| 279|0x0000000725c00000, 0x0000000725c00000, 0x0000000726000000|  0%| F|  |TAMS 0x0000000725c00000| PB 0x0000000725c00000| Untracked 
| 280|0x0000000726000000, 0x0000000726000000, 0x0000000726400000|  0%| F|  |TAMS 0x0000000726000000| PB 0x0000000726000000| Untracked 
| 281|0x0000000726400000, 0x0000000726400000, 0x0000000726800000|  0%| F|  |TAMS 0x0000000726400000| PB 0x0000000726400000| Untracked 
| 282|0x0000000726800000, 0x0000000726800000, 0x0000000726c00000|  0%| F|  |TAMS 0x0000000726800000| PB 0x0000000726800000| Untracked 
| 283|0x0000000726c00000, 0x0000000726c00000, 0x0000000727000000|  0%| F|  |TAMS 0x0000000726c00000| PB 0x0000000726c00000| Untracked 
| 284|0x0000000727000000, 0x0000000727000000, 0x0000000727400000|  0%| F|  |TAMS 0x0000000727000000| PB 0x0000000727000000| Untracked 
| 285|0x0000000727400000, 0x0000000727400000, 0x0000000727800000|  0%| F|  |TAMS 0x0000000727400000| PB 0x0000000727400000| Untracked 
| 286|0x0000000727800000, 0x0000000727800000, 0x0000000727c00000|  0%| F|  |TAMS 0x0000000727800000| PB 0x0000000727800000| Untracked 
| 287|0x0000000727c00000, 0x0000000727c00000, 0x0000000728000000|  0%| F|  |TAMS 0x0000000727c00000| PB 0x0000000727c00000| Untracked 
| 288|0x0000000728000000, 0x0000000728000000, 0x0000000728400000|  0%| F|  |TAMS 0x0000000728000000| PB 0x0000000728000000| Untracked 
| 289|0x0000000728400000, 0x0000000728400000, 0x0000000728800000|  0%| F|  |TAMS 0x0000000728400000| PB 0x0000000728400000| Untracked 
| 290|0x0000000728800000, 0x0000000728800000, 0x0000000728c00000|  0%| F|  |TAMS 0x0000000728800000| PB 0x0000000728800000| Untracked 
| 291|0x0000000728c00000, 0x0000000728c00000, 0x0000000729000000|  0%| F|  |TAMS 0x0000000728c00000| PB 0x0000000728c00000| Untracked 
| 292|0x0000000729000000, 0x0000000729000000, 0x0000000729400000|  0%| F|  |TAMS 0x0000000729000000| PB 0x0000000729000000| Untracked 
| 293|0x0000000729400000, 0x0000000729400000, 0x0000000729800000|  0%| F|  |TAMS 0x0000000729400000| PB 0x0000000729400000| Untracked 
| 294|0x0000000729800000, 0x0000000729800000, 0x0000000729c00000|  0%| F|  |TAMS 0x0000000729800000| PB 0x0000000729800000| Untracked 
| 295|0x0000000729c00000, 0x0000000729c00000, 0x000000072a000000|  0%| F|  |TAMS 0x0000000729c00000| PB 0x0000000729c00000| Untracked 
| 296|0x000000072a000000, 0x000000072a000000, 0x000000072a400000|  0%| F|  |TAMS 0x000000072a000000| PB 0x000000072a000000| Untracked 
| 297|0x000000072a400000, 0x000000072a400000, 0x000000072a800000|  0%| F|  |TAMS 0x000000072a400000| PB 0x000000072a400000| Untracked 
| 298|0x000000072a800000, 0x000000072a800000, 0x000000072ac00000|  0%| F|  |TAMS 0x000000072a800000| PB 0x000000072a800000| Untracked 
| 299|0x000000072ac00000, 0x000000072ac00000, 0x000000072b000000|  0%| F|  |TAMS 0x000000072ac00000| PB 0x000000072ac00000| Untracked 
| 300|0x000000072b000000, 0x000000072b000000, 0x000000072b400000|  0%| F|  |TAMS 0x000000072b000000| PB 0x000000072b000000| Untracked 
| 301|0x000000072b400000, 0x000000072b400000, 0x000000072b800000|  0%| F|  |TAMS 0x000000072b400000| PB 0x000000072b400000| Untracked 
| 302|0x000000072b800000, 0x000000072b800000, 0x000000072bc00000|  0%| F|  |TAMS 0x000000072b800000| PB 0x000000072b800000| Untracked 
| 303|0x000000072bc00000, 0x000000072bc00000, 0x000000072c000000|  0%| F|  |TAMS 0x000000072bc00000| PB 0x000000072bc00000| Untracked 
| 304|0x000000072c000000, 0x000000072c000000, 0x000000072c400000|  0%| F|  |TAMS 0x000000072c000000| PB 0x000000072c000000| Untracked 
| 305|0x000000072c400000, 0x000000072c400000, 0x000000072c800000|  0%| F|  |TAMS 0x000000072c400000| PB 0x000000072c400000| Untracked 
| 306|0x000000072c800000, 0x000000072c800000, 0x000000072cc00000|  0%| F|  |TAMS 0x000000072c800000| PB 0x000000072c800000| Untracked 
| 307|0x000000072cc00000, 0x000000072cc00000, 0x000000072d000000|  0%| F|  |TAMS 0x000000072cc00000| PB 0x000000072cc00000| Untracked 
| 308|0x000000072d000000, 0x000000072d000000, 0x000000072d400000|  0%| F|  |TAMS 0x000000072d000000| PB 0x000000072d000000| Untracked 
| 309|0x000000072d400000, 0x000000072d400000, 0x000000072d800000|  0%| F|  |TAMS 0x000000072d400000| PB 0x000000072d400000| Untracked 
| 310|0x000000072d800000, 0x000000072d800000, 0x000000072dc00000|  0%| F|  |TAMS 0x000000072d800000| PB 0x000000072d800000| Untracked 
| 311|0x000000072dc00000, 0x000000072dc00000, 0x000000072e000000|  0%| F|  |TAMS 0x000000072dc00000| PB 0x000000072dc00000| Untracked 
| 312|0x000000072e000000, 0x000000072e000000, 0x000000072e400000|  0%| F|  |TAMS 0x000000072e000000| PB 0x000000072e000000| Untracked 
| 313|0x000000072e400000, 0x000000072e400000, 0x000000072e800000|  0%| F|  |TAMS 0x000000072e400000| PB 0x000000072e400000| Untracked 
| 314|0x000000072e800000, 0x000000072e800000, 0x000000072ec00000|  0%| F|  |TAMS 0x000000072e800000| PB 0x000000072e800000| Untracked 
| 315|0x000000072ec00000, 0x000000072ec00000, 0x000000072f000000|  0%| F|  |TAMS 0x000000072ec00000| PB 0x000000072ec00000| Untracked 
| 316|0x000000072f000000, 0x000000072f000000, 0x000000072f400000|  0%| F|  |TAMS 0x000000072f000000| PB 0x000000072f000000| Untracked 
| 317|0x000000072f400000, 0x000000072f400000, 0x000000072f800000|  0%| F|  |TAMS 0x000000072f400000| PB 0x000000072f400000| Untracked 
| 318|0x000000072f800000, 0x000000072f800000, 0x000000072fc00000|  0%| F|  |TAMS 0x000000072f800000| PB 0x000000072f800000| Untracked 
| 319|0x000000072fc00000, 0x000000072fc00000, 0x0000000730000000|  0%| F|  |TAMS 0x000000072fc00000| PB 0x000000072fc00000| Untracked 
| 320|0x0000000730000000, 0x0000000730000000, 0x0000000730400000|  0%| F|  |TAMS 0x0000000730000000| PB 0x0000000730000000| Untracked 
| 321|0x0000000730400000, 0x0000000730400000, 0x0000000730800000|  0%| F|  |TAMS 0x0000000730400000| PB 0x0000000730400000| Untracked 
| 322|0x0000000730800000, 0x0000000730800000, 0x0000000730c00000|  0%| F|  |TAMS 0x0000000730800000| PB 0x0000000730800000| Untracked 
| 323|0x0000000730c00000, 0x0000000730c00000, 0x0000000731000000|  0%| F|  |TAMS 0x0000000730c00000| PB 0x0000000730c00000| Untracked 
| 324|0x0000000731000000, 0x0000000731000000, 0x0000000731400000|  0%| F|  |TAMS 0x0000000731000000| PB 0x0000000731000000| Untracked 
| 325|0x0000000731400000, 0x0000000731400000, 0x0000000731800000|  0%| F|  |TAMS 0x0000000731400000| PB 0x0000000731400000| Untracked 
| 326|0x0000000731800000, 0x0000000731800000, 0x0000000731c00000|  0%| F|  |TAMS 0x0000000731800000| PB 0x0000000731800000| Untracked 
| 327|0x0000000731c00000, 0x0000000731c00000, 0x0000000732000000|  0%| F|  |TAMS 0x0000000731c00000| PB 0x0000000731c00000| Untracked 
| 328|0x0000000732000000, 0x0000000732000000, 0x0000000732400000|  0%| F|  |TAMS 0x0000000732000000| PB 0x0000000732000000| Untracked 
| 329|0x0000000732400000, 0x0000000732400000, 0x0000000732800000|  0%| F|  |TAMS 0x0000000732400000| PB 0x0000000732400000| Untracked 
| 330|0x0000000732800000, 0x0000000732800000, 0x0000000732c00000|  0%| F|  |TAMS 0x0000000732800000| PB 0x0000000732800000| Untracked 
| 331|0x0000000732c00000, 0x0000000732c00000, 0x0000000733000000|  0%| F|  |TAMS 0x0000000732c00000| PB 0x0000000732c00000| Untracked 
| 332|0x0000000733000000, 0x0000000733000000, 0x0000000733400000|  0%| F|  |TAMS 0x0000000733000000| PB 0x0000000733000000| Untracked 
| 333|0x0000000733400000, 0x0000000733400000, 0x0000000733800000|  0%| F|  |TAMS 0x0000000733400000| PB 0x0000000733400000| Untracked 
| 334|0x0000000733800000, 0x0000000733800000, 0x0000000733c00000|  0%| F|  |TAMS 0x0000000733800000| PB 0x0000000733800000| Untracked 
| 335|0x0000000733c00000, 0x0000000733c00000, 0x0000000734000000|  0%| F|  |TAMS 0x0000000733c00000| PB 0x0000000733c00000| Untracked 
| 336|0x0000000734000000, 0x0000000734000000, 0x0000000734400000|  0%| F|  |TAMS 0x0000000734000000| PB 0x0000000734000000| Untracked 
| 337|0x0000000734400000, 0x0000000734400000, 0x0000000734800000|  0%| F|  |TAMS 0x0000000734400000| PB 0x0000000734400000| Untracked 
| 338|0x0000000734800000, 0x0000000734800000, 0x0000000734c00000|  0%| F|  |TAMS 0x0000000734800000| PB 0x0000000734800000| Untracked 
| 339|0x0000000734c00000, 0x0000000734c00000, 0x0000000735000000|  0%| F|  |TAMS 0x0000000734c00000| PB 0x0000000734c00000| Untracked 
| 340|0x0000000735000000, 0x0000000735000000, 0x0000000735400000|  0%| F|  |TAMS 0x0000000735000000| PB 0x0000000735000000| Untracked 
| 341|0x0000000735400000, 0x0000000735400000, 0x0000000735800000|  0%| F|  |TAMS 0x0000000735400000| PB 0x0000000735400000| Untracked 
| 342|0x0000000735800000, 0x0000000735800000, 0x0000000735c00000|  0%| F|  |TAMS 0x0000000735800000| PB 0x0000000735800000| Untracked 
| 343|0x0000000735c00000, 0x0000000735c00000, 0x0000000736000000|  0%| F|  |TAMS 0x0000000735c00000| PB 0x0000000735c00000| Untracked 
| 344|0x0000000736000000, 0x0000000736000000, 0x0000000736400000|  0%| F|  |TAMS 0x0000000736000000| PB 0x0000000736000000| Untracked 
| 345|0x0000000736400000, 0x0000000736400000, 0x0000000736800000|  0%| F|  |TAMS 0x0000000736400000| PB 0x0000000736400000| Untracked 
| 346|0x0000000736800000, 0x0000000736800000, 0x0000000736c00000|  0%| F|  |TAMS 0x0000000736800000| PB 0x0000000736800000| Untracked 
| 347|0x0000000736c00000, 0x0000000736c00000, 0x0000000737000000|  0%| F|  |TAMS 0x0000000736c00000| PB 0x0000000736c00000| Untracked 
| 348|0x0000000737000000, 0x0000000737000000, 0x0000000737400000|  0%| F|  |TAMS 0x0000000737000000| PB 0x0000000737000000| Untracked 
| 349|0x0000000737400000, 0x0000000737400000, 0x0000000737800000|  0%| F|  |TAMS 0x0000000737400000| PB 0x0000000737400000| Untracked 
| 350|0x0000000737800000, 0x0000000737800000, 0x0000000737c00000|  0%| F|  |TAMS 0x0000000737800000| PB 0x0000000737800000| Untracked 
| 351|0x0000000737c00000, 0x0000000737c00000, 0x0000000738000000|  0%| F|  |TAMS 0x0000000737c00000| PB 0x0000000737c00000| Untracked 
| 352|0x0000000738000000, 0x0000000738000000, 0x0000000738400000|  0%| F|  |TAMS 0x0000000738000000| PB 0x0000000738000000| Untracked 
| 353|0x0000000738400000, 0x0000000738400000, 0x0000000738800000|  0%| F|  |TAMS 0x0000000738400000| PB 0x0000000738400000| Untracked 
| 354|0x0000000738800000, 0x0000000738800000, 0x0000000738c00000|  0%| F|  |TAMS 0x0000000738800000| PB 0x0000000738800000| Untracked 
| 355|0x0000000738c00000, 0x0000000738c00000, 0x0000000739000000|  0%| F|  |TAMS 0x0000000738c00000| PB 0x0000000738c00000| Untracked 
| 356|0x0000000739000000, 0x0000000739000000, 0x0000000739400000|  0%| F|  |TAMS 0x0000000739000000| PB 0x0000000739000000| Untracked 
|1117|0x00000007f7400000, 0x00000007f7400000, 0x00000007f7800000|  0%| F|  |TAMS 0x00000007f7400000| PB 0x00000007f7400000| Untracked 
|1118|0x00000007f7800000, 0x00000007f7800000, 0x00000007f7c00000|  0%| F|  |TAMS 0x00000007f7800000| PB 0x00000007f7800000| Untracked 
|1119|0x00000007f7c00000, 0x00000007f7c00000, 0x00000007f8000000|  0%| F|  |TAMS 0x00000007f7c00000| PB 0x00000007f7c00000| Untracked 
|1120|0x00000007f8000000, 0x00000007f8000000, 0x00000007f8400000|  0%| F|  |TAMS 0x00000007f8000000| PB 0x00000007f8000000| Untracked 
|1121|0x00000007f8400000, 0x00000007f8400000, 0x00000007f8800000|  0%| F|  |TAMS 0x00000007f8400000| PB 0x00000007f8400000| Untracked 
|1122|0x00000007f8800000, 0x00000007f8800000, 0x00000007f8c00000|  0%| F|  |TAMS 0x00000007f8800000| PB 0x00000007f8800000| Untracked 
|1123|0x00000007f8c00000, 0x00000007f8c00000, 0x00000007f9000000|  0%| F|  |TAMS 0x00000007f8c00000| PB 0x00000007f8c00000| Untracked 
|1124|0x00000007f9000000, 0x00000007f9000000, 0x00000007f9400000|  0%| F|  |TAMS 0x00000007f9000000| PB 0x00000007f9000000| Untracked 
|1125|0x00000007f9400000, 0x00000007f9400000, 0x00000007f9800000|  0%| F|  |TAMS 0x00000007f9400000| PB 0x00000007f9400000| Untracked 
|1126|0x00000007f9800000, 0x00000007f9800000, 0x00000007f9c00000|  0%| F|  |TAMS 0x00000007f9800000| PB 0x00000007f9800000| Untracked 
|1127|0x00000007f9c00000, 0x00000007f9c00000, 0x00000007fa000000|  0%| F|  |TAMS 0x00000007f9c00000| PB 0x00000007f9c00000| Untracked 
|1128|0x00000007fa000000, 0x00000007fa000000, 0x00000007fa400000|  0%| F|  |TAMS 0x00000007fa000000| PB 0x00000007fa000000| Untracked 
|1129|0x00000007fa400000, 0x00000007fa400000, 0x00000007fa800000|  0%| F|  |TAMS 0x00000007fa400000| PB 0x00000007fa400000| Untracked 
|1130|0x00000007fa800000, 0x00000007fa800000, 0x00000007fac00000|  0%| F|  |TAMS 0x00000007fa800000| PB 0x00000007fa800000| Untracked 
|1131|0x00000007fac00000, 0x00000007fac00000, 0x00000007fb000000|  0%| F|  |TAMS 0x00000007fac00000| PB 0x00000007fac00000| Untracked 
|1132|0x00000007fb000000, 0x00000007fb400000, 0x00000007fb400000|100%| E|  |TAMS 0x00000007fb000000| PB 0x00000007fb000000| Complete 
|1133|0x00000007fb400000, 0x00000007fb800000, 0x00000007fb800000|100%| E|CS|TAMS 0x00000007fb400000| PB 0x00000007fb400000| Complete 
|1134|0x00000007fb800000, 0x00000007fbc00000, 0x00000007fbc00000|100%| E|CS|TAMS 0x00000007fb800000| PB 0x00000007fb800000| Complete 
|1135|0x00000007fbc00000, 0x00000007fc000000, 0x00000007fc000000|100%| E|CS|TAMS 0x00000007fbc00000| PB 0x00000007fbc00000| Complete 
|1136|0x00000007fc000000, 0x00000007fc400000, 0x00000007fc400000|100%| E|CS|TAMS 0x00000007fc000000| PB 0x00000007fc000000| Complete 
|1137|0x00000007fc400000, 0x00000007fc800000, 0x00000007fc800000|100%| E|CS|TAMS 0x00000007fc400000| PB 0x00000007fc400000| Complete 
|1138|0x00000007fc800000, 0x00000007fcc00000, 0x00000007fcc00000|100%| E|CS|TAMS 0x00000007fc800000| PB 0x00000007fc800000| Complete 
|1139|0x00000007fcc00000, 0x00000007fd000000, 0x00000007fd000000|100%| E|CS|TAMS 0x00000007fcc00000| PB 0x00000007fcc00000| Complete 
|1140|0x00000007fd000000, 0x00000007fd400000, 0x00000007fd400000|100%| E|CS|TAMS 0x00000007fd000000| PB 0x00000007fd000000| Complete 
|1141|0x00000007fd400000, 0x00000007fd800000, 0x00000007fd800000|100%| E|CS|TAMS 0x00000007fd400000| PB 0x00000007fd400000| Complete 
|1142|0x00000007fd800000, 0x00000007fdc00000, 0x00000007fdc00000|100%| E|CS|TAMS 0x00000007fd800000| PB 0x00000007fd800000| Complete 
|1143|0x00000007fdc00000, 0x00000007fe000000, 0x00000007fe000000|100%| E|CS|TAMS 0x00000007fdc00000| PB 0x00000007fdc00000| Complete 
|1144|0x00000007fe000000, 0x00000007fe400000, 0x00000007fe400000|100%| E|CS|TAMS 0x00000007fe000000| PB 0x00000007fe000000| Complete 
|1145|0x00000007fe400000, 0x00000007fe800000, 0x00000007fe800000|100%| E|CS|TAMS 0x00000007fe400000| PB 0x00000007fe400000| Complete 
|1146|0x00000007fe800000, 0x00000007fec00000, 0x00000007fec00000|100%| E|CS|TAMS 0x00000007fe800000| PB 0x00000007fe800000| Complete 
|1147|0x00000007fec00000, 0x00000007ff000000, 0x00000007ff000000|100%| E|CS|TAMS 0x00000007fec00000| PB 0x00000007fec00000| Complete 
|1148|0x00000007ff000000, 0x00000007ff400000, 0x00000007ff400000|100%| E|CS|TAMS 0x00000007ff000000| PB 0x00000007ff000000| Complete 
|1149|0x00000007ff400000, 0x00000007ff800000, 0x00000007ff800000|100%| E|CS|TAMS 0x00000007ff400000| PB 0x00000007ff400000| Complete 
|1150|0x00000007ff800000, 0x00000007ffc00000, 0x00000007ffc00000|100%| O|  |TAMS 0x00000007ff800000| PB 0x00000007ff800000| Untracked 
|1151|0x00000007ffc00000, 0x0000000800000000, 0x0000000800000000|100%| O|  |TAMS 0x00000007ffc00000| PB 0x00000007ffc00000| Untracked 

Card table byte_map: [0x000001f3496c0000,0x000001f349fc0000] _byte_map_base: 0x000001f345fc0000

Marking Bits: (CMBitMap*) 0x000001f33114da20
 Bits: [0x000001f349fc0000, 0x000001f34e7c0000)

Polling page: 0x000001f32f040000

Metaspace:

Usage:
  Non-class:    243.49 MB used.
      Class:     33.39 MB used.
       Both:    276.88 MB used.

Virtual space:
  Non-class space:      320.00 MB reserved,     252.38 MB ( 79%) committed,  5 nodes.
      Class space:        1.00 GB reserved,      37.56 MB (  4%) committed,  1 nodes.
             Both:        1.31 GB reserved,     289.94 MB ( 22%) committed. 

Chunk freelists:
   Non-Class:  59.52 MB
       Class:  13.49 MB
        Both:  73.01 MB

MaxMetaspaceSize: unlimited
CompressedClassSpaceSize: 1.00 GB
Initial GC threshold: 21.00 MB
Current GC threshold: 536.88 MB
CDS: on
 - commit_granule_bytes: 65536.
 - commit_granule_words: 8192.
 - virtual_space_node_default_size: 8388608.
 - enlarge_chunks_in_place: 1.
 - use_allocation_guard: 0.


Internal statistics:

num_allocs_failed_limit: 9.
num_arena_births: 6828.
num_arena_deaths: 3194.
num_vsnodes_births: 6.
num_vsnodes_deaths: 0.
num_space_committed: 9408.
num_space_uncommitted: 1474.
num_chunks_returned_to_freelist: 17500.
num_chunks_taken_from_freelist: 33106.
num_chunk_merges: 6137.
num_chunk_splits: 23512.
num_chunks_enlarged: 19263.
num_inconsistent_stats: 0.

CodeHeap 'non-profiled nmethods': size=119168Kb used=70698Kb max_used=74389Kb free=48469Kb
 bounds [0x000001f3410e0000, 0x000001f345990000, 0x000001f348540000]
CodeHeap 'profiled nmethods': size=119104Kb used=62524Kb max_used=94903Kb free=56579Kb
 bounds [0x000001f339540000, 0x000001f33f210000, 0x000001f340990000]
CodeHeap 'non-nmethods': size=7488Kb used=3139Kb max_used=4956Kb free=4348Kb
 bounds [0x000001f340990000, 0x000001f340e80000, 0x000001f3410e0000]
 total_blobs=34898 nmethods=33580 adapters=1218
 compilation: enabled
              stopped_count=0, restarted_count=0
 full_count=0

Compilation events (20 events):
Event: 5374.619 Thread 0x000001f39ede7380 189458       4       ksp.com.github.benmanes.caffeine.cache.BoundedLocalCache::expireEntries (73 bytes)
Event: 5374.620 Thread 0x000001f39ede5840 189456       4       ksp.com.github.benmanes.caffeine.cache.BoundedLocalCache::drainValueReferences (68 bytes)
Event: 5374.620 Thread 0x000001f39ede6cb0 nmethod 189463 0x000001f342f7ad10 code [0x000001f342f7aec0, 0x000001f342f7afc8]
Event: 5374.620 Thread 0x000001f39ede6cb0 189457       4       ksp.com.github.benmanes.caffeine.cache.BoundedLocalCache::drainKeyReferences (50 bytes)
Event: 5374.622 Thread 0x000001f39ede5840 nmethod 189456 0x000001f342953110 code [0x000001f342953300, 0x000001f342953540]
Event: 5374.622 Thread 0x000001f39ede5840 189459       4       ksp.com.github.benmanes.caffeine.cache.BoundedLocalCache::expireAfterAccessEntries (43 bytes)
Event: 5374.622 Thread 0x000001f39ede7380 nmethod 189458 0x000001f342a92910 code [0x000001f342a92ae0, 0x000001f342a92d40]
Event: 5374.622 Thread 0x000001f39ede7380 189460       4       ksp.com.github.benmanes.caffeine.cache.BoundedLocalCache::climb (46 bytes)
Event: 5374.623 Thread 0x000001f39ede5840 nmethod 189459 0x000001f34288a910 code [0x000001f34288aac0, 0x000001f34288ac10]
Event: 5374.623 Thread 0x000001f39ede5840 189464       4       ksp.com.github.benmanes.caffeine.cache.BoundedLocalCache::expireVariableEntries (16 bytes)
Event: 5374.624 Thread 0x000001f39ede6cb0 nmethod 189457 0x000001f342baad10 code [0x000001f342baaf00, 0x000001f342bab1a0]
Event: 5374.624 Thread 0x000001f39ede6cb0 189461       4       ksp.com.github.benmanes.caffeine.cache.BoundedLocalCache::expireAfterWriteEntries (62 bytes)
Event: 5374.624 Thread 0x000001f39ede7380 nmethod 189460 0x000001f3428ac710 code [0x000001f3428ac8c0, 0x000001f3428aca20]
Event: 5374.624 Thread 0x000001f39ede7380 189462       4       ksp.com.github.benmanes.caffeine.cache.BoundedLocalCache::hasWriter (16 bytes)
Event: 5374.624 Thread 0x000001f39ede6cb0 nmethod 189461 0x000001f342658510 code [0x000001f3426586a0, 0x000001f342658728]
Event: 5374.624 Thread 0x000001f39ede5840 nmethod 189464 0x000001f34273b110 code [0x000001f34273b2a0, 0x000001f34273b370]
Event: 5374.624 Thread 0x000001f39ede7380 nmethod 189462 0x000001f342749610 code [0x000001f3427497a0, 0x000001f342749850]
Event: 5374.624 Thread 0x000001f39ede7a50 nmethod 189455 0x000001f341bc5e10 code [0x000001f341bc6000, 0x000001f341bc63c8]
Event: 5374.628 Thread 0x000001f39ede5840 189466       4       ksp.org.jetbrains.kotlin.fir.types.TypeUtilsKt::create (131 bytes)
Event: 5374.633 Thread 0x000001f39ede5840 nmethod 189466 0x000001f3415c9410 code [0x000001f3415c9620, 0x000001f3415c9d00]

GC Heap History (20 events):
Event: 4223.361 GC heap before
{Heap before GC invocations=207 (full 0):
 garbage-first heap   total 1474560K, used 1239665K [0x00000006e0000000, 0x0000000800000000)
  region size 4096K, 131 young (536576K), 15 survivors (61440K)
 Metaspace       used 341047K, committed 343168K, reserved 1376256K
  class space    used 41384K, committed 42432K, reserved 1048576K
}
Event: 4223.389 GC heap after
{Heap after GC invocations=208 (full 0):
 garbage-first heap   total 1605632K, used 791216K [0x00000006e0000000, 0x0000000800000000)
  region size 4096K, 8 young (32768K), 8 survivors (32768K)
 Metaspace       used 341047K, committed 343168K, reserved 1376256K
  class space    used 41384K, committed 42432K, reserved 1048576K
}
Event: 4236.801 GC heap before
{Heap before GC invocations=209 (full 0):
 garbage-first heap   total 1605632K, used 1237680K [0x00000006e0000000, 0x0000000800000000)
  region size 4096K, 147 young (602112K), 8 survivors (32768K)
 Metaspace       used 302677K, committed 306304K, reserved 1376256K
  class space    used 36766K, committed 38976K, reserved 1048576K
}
Event: 4236.821 GC heap after
{Heap after GC invocations=210 (full 0):
 garbage-first heap   total 1605632K, used 675346K [0x00000006e0000000, 0x0000000800000000)
  region size 4096K, 9 young (36864K), 9 survivors (36864K)
 Metaspace       used 302677K, committed 306304K, reserved 1376256K
  class space    used 36766K, committed 38976K, reserved 1048576K
}
Event: 4245.153 GC heap before
{Heap before GC invocations=210 (full 0):
 garbage-first heap   total 1605632K, used 1072658K [0x00000006e0000000, 0x0000000800000000)
  region size 4096K, 108 young (442368K), 9 survivors (36864K)
 Metaspace       used 302700K, committed 306304K, reserved 1376256K
  class space    used 36767K, committed 38976K, reserved 1048576K
}
Event: 4245.157 GC heap after
{Heap after GC invocations=211 (full 0):
 garbage-first heap   total 1605632K, used 647601K [0x00000006e0000000, 0x0000000800000000)
  region size 4096K, 2 young (8192K), 2 survivors (8192K)
 Metaspace       used 302700K, committed 306304K, reserved 1376256K
  class space    used 36767K, committed 38976K, reserved 1048576K
}
Event: 5273.269 GC heap before
{Heap before GC invocations=212 (full 0):
 garbage-first heap   total 1605632K, used 1312621K [0x00000006e0000000, 0x0000000800000000)
  region size 4096K, 183 young (749568K), 2 survivors (8192K)
 Metaspace       used 299003K, committed 302272K, reserved 1376256K
  class space    used 36349K, committed 38592K, reserved 1048576K
}
Event: 5273.394 GC heap after
{Heap after GC invocations=213 (full 0):
 garbage-first heap   total 1605632K, used 692224K [0x00000006e0000000, 0x0000000800000000)
  region size 4096K, 23 young (94208K), 23 survivors (94208K)
 Metaspace       used 299003K, committed 302272K, reserved 1376256K
  class space    used 36349K, committed 38592K, reserved 1048576K
}
Event: 5279.210 GC heap before
{Heap before GC invocations=213 (full 0):
 garbage-first heap   total 1605632K, used 1363968K [0x00000006e0000000, 0x0000000800000000)
  region size 4096K, 187 young (765952K), 23 survivors (94208K)
 Metaspace       used 314972K, committed 316992K, reserved 1376256K
  class space    used 38373K, committed 39424K, reserved 1048576K
}
Event: 5279.391 GC heap after
{Heap after GC invocations=214 (full 0):
 garbage-first heap   total 1605632K, used 634211K [0x00000006e0000000, 0x0000000800000000)
  region size 4096K, 23 young (94208K), 23 survivors (94208K)
 Metaspace       used 314972K, committed 316992K, reserved 1376256K
  class space    used 38373K, committed 39424K, reserved 1048576K
}
Event: 5280.115 GC heap before
{Heap before GC invocations=214 (full 0):
 garbage-first heap   total 1605632K, used 789859K [0x00000006e0000000, 0x0000000800000000)
  region size 4096K, 62 young (253952K), 23 survivors (94208K)
 Metaspace       used 315003K, committed 317056K, reserved 1376256K
  class space    used 38374K, committed 39424K, reserved 1048576K
}
Event: 5280.187 GC heap after
{Heap after GC invocations=215 (full 0):
 garbage-first heap   total 1605632K, used 680755K [0x00000006e0000000, 0x0000000800000000)
  region size 4096K, 12 young (49152K), 12 survivors (49152K)
 Metaspace       used 315003K, committed 317056K, reserved 1376256K
  class space    used 38374K, committed 39424K, reserved 1048576K
}
Event: 5307.531 GC heap before
{Heap before GC invocations=216 (full 0):
 garbage-first heap   total 1605632K, used 1278771K [0x00000006e0000000, 0x0000000800000000)
  region size 4096K, 163 young (667648K), 12 survivors (49152K)
 Metaspace       used 318373K, committed 320448K, reserved 1376256K
  class space    used 38896K, committed 39936K, reserved 1048576K
}
Event: 5307.568 GC heap after
{Heap after GC invocations=217 (full 0):
 garbage-first heap   total 1605632K, used 726244K [0x00000006e0000000, 0x0000000800000000)
  region size 4096K, 21 young (86016K), 21 survivors (86016K)
 Metaspace       used 318373K, committed 320448K, reserved 1376256K
  class space    used 38896K, committed 39936K, reserved 1048576K
}
Event: 5313.561 GC heap before
{Heap before GC invocations=217 (full 0):
 garbage-first heap   total 1605632K, used 1328356K [0x00000006e0000000, 0x0000000800000000)
  region size 4096K, 169 young (692224K), 21 survivors (86016K)
 Metaspace       used 327907K, committed 329984K, reserved 1376256K
  class space    used 39933K, committed 40960K, reserved 1048576K
}
Event: 5313.884 GC heap after
{Heap after GC invocations=218 (full 0):
 garbage-first heap   total 1605632K, used 674922K [0x00000006e0000000, 0x0000000800000000)
  region size 4096K, 14 young (57344K), 14 survivors (57344K)
 Metaspace       used 327907K, committed 329984K, reserved 1376256K
  class space    used 39933K, committed 40960K, reserved 1048576K
}
Event: 5319.877 GC heap before
{Heap before GC invocations=218 (full 0):
 garbage-first heap   total 1605632K, used 1330282K [0x00000006e0000000, 0x0000000800000000)
  region size 4096K, 175 young (716800K), 14 survivors (57344K)
 Metaspace       used 331992K, committed 334144K, reserved 1376256K
  class space    used 40391K, committed 41472K, reserved 1048576K
}
Event: 5319.906 GC heap after
{Heap after GC invocations=219 (full 0):
 garbage-first heap   total 1605632K, used 694990K [0x00000006e0000000, 0x0000000800000000)
  region size 4096K, 19 young (77824K), 19 survivors (77824K)
 Metaspace       used 331992K, committed 334144K, reserved 1376256K
  class space    used 40391K, committed 41472K, reserved 1048576K
}
Event: 5374.429 GC heap before
{Heap before GC invocations=220 (full 0):
 garbage-first heap   total 1605632K, used 1350350K [0x00000006e0000000, 0x0000000800000000)
  region size 4096K, 182 young (745472K), 19 survivors (77824K)
 Metaspace       used 283528K, committed 296896K, reserved 1376256K
  class space    used 34196K, committed 38464K, reserved 1048576K
}
Event: 5374.466 GC heap after
{Heap after GC invocations=221 (full 0):
 garbage-first heap   total 1605632K, used 742576K [0x00000006e0000000, 0x0000000800000000)
  region size 4096K, 23 young (94208K), 23 survivors (94208K)
 Metaspace       used 283528K, committed 296896K, reserved 1376256K
  class space    used 34196K, committed 38464K, reserved 1048576K
}

Dll operation events (20 events):
Event: 2269.476 Unloaded dll "C:\Users\xpfasd\AppData\Local\Temp\sqlite-3.41.2.2-f87cd151-4537-4a41-a98e-d24afcb8d47c-sqlitejdbc.dll" [0x00007ffddc9a0000]
Event: 2281.055 Loaded shared library C:\Users\xpfasd\AppData\Local\Temp\sqlite-3.41.2.2-2a7b12e3-1240-4948-bf68-ae59a9a48164-sqlitejdbc.dll
Event: 2304.953 Unloaded dll "C:\Users\xpfasd\AppData\Local\Temp\sqlite-3.41.2.2-69a03bdb-b921-44ef-a6aa-295333da7c22-sqlitejdbc.dll" [0x00007ffddc8b0000]
Event: 2330.365 Unloaded dll "C:\Users\xpfasd\AppData\Local\Temp\sqlite-3.41.2.2-2a7b12e3-1240-4948-bf68-ae59a9a48164-sqlitejdbc.dll" [0x00007ffddc9a0000]
Event: 3095.677 Loaded shared library C:\Users\xpfasd\AppData\Local\Temp\sqlite-3.41.2.2-aca7fd0e-7f4b-4ef7-9106-78f1d6c3ebc3-sqlitejdbc.dll
Event: 3142.437 Loaded shared library C:\Users\xpfasd\AppData\Local\Temp\sqlite-3.41.2.2-f8f491da-f389-4f10-bdaa-e4921d79d06b-sqlitejdbc.dll
Event: 4127.180 Loaded shared library C:\Users\xpfasd\AppData\Local\Temp\sqlite-3.41.2.2-4b7ce577-4041-477c-be6d-f82ba88c467b-sqlitejdbc.dll
Event: 4128.415 Unloaded dll "C:\Users\xpfasd\AppData\Local\Temp\sqlite-3.41.2.2-aca7fd0e-7f4b-4ef7-9106-78f1d6c3ebc3-sqlitejdbc.dll" [0x00007ffddad60000]
Event: 4128.416 Unloaded dll "C:\Users\xpfasd\AppData\Local\Temp\sqlite-3.41.2.2-559bee19-8084-4c8a-b76c-61611550ecb6-sqlitejdbc.dll" [0x00007ffde8920000]
Event: 4153.942 Unloaded dll "C:\Users\xpfasd\AppData\Local\Temp\sqlite-3.41.2.2-f8f491da-f389-4f10-bdaa-e4921d79d06b-sqlitejdbc.dll" [0x00007ffdddcc0000]
Event: 4157.889 Loaded shared library C:\Users\xpfasd\AppData\Local\Temp\sqlite-3.41.2.2-d558b485-c7e6-421f-878e-ff64fc7bddfa-sqlitejdbc.dll
Event: 4189.533 Loaded shared library C:\Users\xpfasd\AppData\Local\Temp\sqlite-3.41.2.2-af39f502-648e-4656-9ee3-f9a85b1b4e2a-sqlitejdbc.dll
Event: 4195.173 Unloaded dll "C:\Users\xpfasd\AppData\Local\Temp\sqlite-3.41.2.2-d558b485-c7e6-421f-878e-ff64fc7bddfa-sqlitejdbc.dll" [0x00007ffde8920000]
Event: 4207.338 Loaded shared library C:\Users\xpfasd\AppData\Local\Temp\sqlite-3.41.2.2-21a9d075-9416-4569-86bb-937c08af4599-sqlitejdbc.dll
Event: 4223.917 Unloaded dll "C:\Users\xpfasd\AppData\Local\Temp\sqlite-3.41.2.2-af39f502-648e-4656-9ee3-f9a85b1b4e2a-sqlitejdbc.dll" [0x00007ffdddcc0000]
Event: 4245.437 Unloaded dll "C:\Users\xpfasd\AppData\Local\Temp\sqlite-3.41.2.2-21a9d075-9416-4569-86bb-937c08af4599-sqlitejdbc.dll" [0x00007ffde8920000]
Event: 5275.277 Loaded shared library C:\Users\xpfasd\AppData\Local\Temp\sqlite-3.41.2.2-c5503bc3-3171-41a9-bc57-913d27ad34de-sqlitejdbc.dll
Event: 5319.124 Loaded shared library C:\Users\xpfasd\AppData\Local\Temp\sqlite-3.41.2.2-fe094c20-5628-4826-a85a-9fe080180f41-sqlitejdbc.dll
Event: 5320.507 Unloaded dll "C:\Users\xpfasd\AppData\Local\Temp\sqlite-3.41.2.2-c5503bc3-3171-41a9-bc57-913d27ad34de-sqlitejdbc.dll" [0x00007ffdddcc0000]
Event: 5320.508 Unloaded dll "C:\Users\xpfasd\AppData\Local\Temp\sqlite-3.41.2.2-4b7ce577-4041-477c-be6d-f82ba88c467b-sqlitejdbc.dll" [0x00007ffdacd60000]

Deoptimization events (20 events):
Event: 5317.942 Thread 0x000001f39d846280 DEOPT PACKING pc=0x000001f33e71baee sp=0x000000cb2d1fc260
Event: 5317.942 Thread 0x000001f39d846280 DEOPT UNPACKING pc=0x000001f3409e88e2 sp=0x000000cb2d1fb868 mode 0
Event: 5319.066 Thread 0x000001f3a5a066f0 DEOPT PACKING pc=0x000001f33c1994c7 sp=0x000000cb2c8fccd0
Event: 5319.066 Thread 0x000001f3a5a066f0 DEOPT UNPACKING pc=0x000001f3409e88e2 sp=0x000000cb2c8fc1d8 mode 0
Event: 5319.105 Thread 0x000001f3a5a066f0 Uncommon trap: trap_request=0xffffff45 fr.pc=0x000001f345967b5c relative=0x000000000000051c
Event: 5319.105 Thread 0x000001f3a5a066f0 Uncommon trap: reason=unstable_if action=reinterpret pc=0x000001f345967b5c method=org.sqlite.SQLiteJDBCLoader.contentsEquals(Ljava/io/InputStream;Ljava/io/InputStream;)Z @ 39 c2
Event: 5319.105 Thread 0x000001f3a5a066f0 DEOPT PACKING pc=0x000001f345967b5c sp=0x000000cb2c8fcd00
Event: 5319.105 Thread 0x000001f3a5a066f0 DEOPT UNPACKING pc=0x000001f3409e7da2 sp=0x000000cb2c8fccd8 mode 2
Event: 5326.084 Thread 0x000001f3a5a5e7e0 Uncommon trap: trap_request=0xffffff45 fr.pc=0x000001f3424585f8 relative=0x0000000000000398
Event: 5326.084 Thread 0x000001f3a5a5e7e0 Uncommon trap: reason=unstable_if action=reinterpret pc=0x000001f3424585f8 method=com.esotericsoftware.kryo.io.Input.require(I)I @ 65 c2
Event: 5326.084 Thread 0x000001f3a5a5e7e0 DEOPT PACKING pc=0x000001f3424585f8 sp=0x000000cb2edfe7c0
Event: 5326.084 Thread 0x000001f3a5a5e7e0 DEOPT UNPACKING pc=0x000001f3409e7da2 sp=0x000000cb2edfe6a8 mode 2
Event: 5374.539 Thread 0x000001f3a6e7fe20 Uncommon trap: trap_request=0xffffff45 fr.pc=0x000001f34451d994 relative=0x00000000000011f4
Event: 5374.539 Thread 0x000001f3a6e7fe20 Uncommon trap: reason=unstable_if action=reinterpret pc=0x000001f34451d994 method=ksp.com.github.benmanes.caffeine.cache.BoundedBuffer$RingBuffer.drainTo(Ljava/util/function/Consumer;)V @ 46 c2
Event: 5374.539 Thread 0x000001f3a6e7fe20 DEOPT PACKING pc=0x000001f34451d994 sp=0x000000cb2b9feef0
Event: 5374.539 Thread 0x000001f3a6e7fe20 DEOPT UNPACKING pc=0x000001f3409e7da2 sp=0x000000cb2b9fece0 mode 2
Event: 5374.611 Thread 0x000001f3c17b3bf0 Uncommon trap: trap_request=0xffffff45 fr.pc=0x000001f342a15bfc relative=0x00000000000019dc
Event: 5374.611 Thread 0x000001f3c17b3bf0 Uncommon trap: reason=unstable_if action=reinterpret pc=0x000001f342a15bfc method=ksp.com.github.benmanes.caffeine.cache.BoundedLocalCache.scheduleDrainBuffers()V @ 16 c2
Event: 5374.611 Thread 0x000001f3c17b3bf0 DEOPT PACKING pc=0x000001f342a15bfc sp=0x000000cb29efcde0
Event: 5374.611 Thread 0x000001f3c17b3bf0 DEOPT UNPACKING pc=0x000001f3409e7da2 sp=0x000000cb29efcc40 mode 2

Classes loaded (20 events):
Event: 1498.169 Loading class javax/xml/stream/events/Characters done
Event: 1498.169 Loading class com/sun/xml/internal/stream/events/CharacterEvent done
Event: 1498.169 Loading class com/sun/xml/internal/stream/events/EndElementEvent
Event: 1498.169 Loading class javax/xml/stream/events/EndElement
Event: 1498.169 Loading class javax/xml/stream/events/EndElement done
Event: 1498.169 Loading class com/sun/xml/internal/stream/events/EndElementEvent done
Event: 1498.597 Loading class sun/nio/cs/UTF_16$Encoder
Event: 1498.598 Loading class sun/nio/cs/UnicodeEncoder
Event: 1498.598 Loading class sun/nio/cs/UnicodeEncoder done
Event: 1498.598 Loading class sun/nio/cs/UTF_16$Encoder done
Event: 1498.603 Loading class sun/nio/cs/Surrogate$Parser
Event: 1498.604 Loading class sun/nio/cs/Surrogate$Parser done
Event: 1498.604 Loading class sun/nio/cs/Surrogate
Event: 1498.604 Loading class sun/nio/cs/Surrogate done
Event: 1498.801 Loading class java/util/concurrent/Executors$DelegatedScheduledExecutorService
Event: 1498.801 Loading class java/util/concurrent/Executors$DelegatedExecutorService
Event: 1498.801 Loading class java/util/concurrent/Executors$DelegatedExecutorService done
Event: 1498.801 Loading class java/util/concurrent/Executors$DelegatedScheduledExecutorService done
Event: 1595.586 Loading class java/util/zip/ZipOutputStream$XEntry
Event: 1595.588 Loading class java/util/zip/ZipOutputStream$XEntry done

Classes unloaded (20 events):
Event: 5320.199 Thread 0x000001f351756140 Unloading class 0x000001f3558d6df8 'androidx/room/compiler/processing/ksp/KspProcessingEnv$$Lambda+0x000001f3558d6df8'
Event: 5320.199 Thread 0x000001f351756140 Unloading class 0x000001f3558d69c8 'androidx/room/compiler/processing/XProcessingEnv$Backend'
Event: 5320.199 Thread 0x000001f351756140 Unloading class 0x000001f3558d67c8 'androidx/room/compiler/processing/XProcessingEnv$Companion'
Event: 5320.199 Thread 0x000001f351756140 Unloading class 0x000001f3558d6438 'androidx/room/compiler/processing/ksp/KspProcessingEnv'
Event: 5320.199 Thread 0x000001f351756140 Unloading class 0x000001f3558d6240 'androidx/room/compiler/processing/XProcessingEnv'
Event: 5320.199 Thread 0x000001f351756140 Unloading class 0x000001f3558d6000 'androidx/room/compiler/processing/ksp/KspBasicAnnotationProcessor$DelegateLogger'
Event: 5320.199 Thread 0x000001f351756140 Unloading class 0x000001f3558d5a48 'androidx/room/processor/Context$BooleanProcessorOptions'
Event: 5320.199 Thread 0x000001f351756140 Unloading class 0x000001f3558d5840 'androidx/room/compiler/processing/XProcessingEnvConfig$Builder'
Event: 5320.199 Thread 0x000001f351756140 Unloading class 0x000001f3558d5640 'androidx/room/compiler/processing/XProcessingEnvConfig$Companion'
Event: 5320.199 Thread 0x000001f351756140 Unloading class 0x000001f3558d5440 'androidx/room/compiler/processing/XProcessingEnvConfig'
Event: 5320.199 Thread 0x000001f351756140 Unloading class 0x000001f3558d5240 'androidx/room/DatabaseProcessingStep$Companion'
Event: 5320.199 Thread 0x000001f351756140 Unloading class 0x000001f3558d5000 'androidx/room/DatabaseProcessingStep'
Event: 5320.199 Thread 0x000001f351756140 Unloading class 0x000001f3558d4d58 'androidx/room/compiler/processing/XProcessingStep'
Event: 5320.199 Thread 0x000001f351756140 Unloading class 0x000001f3558d4ad0 'androidx/room/RoomKspProcessor'
Event: 5320.199 Thread 0x000001f351756140 Unloading class 0x000001f3558d4848 'androidx/room/compiler/processing/ksp/KspBasicAnnotationProcessor'
Event: 5320.199 Thread 0x000001f351756140 Unloading class 0x000001f3558d4650 'androidx/room/compiler/processing/XBasicAnnotationProcessor'
Event: 5320.199 Thread 0x000001f351756140 Unloading class 0x000001f3558d4430 'dagger/internal/codegen/KspComponentProcessor$Provider'
Event: 5320.199 Thread 0x000001f351756140 Unloading class 0x000001f3558d4218 'dagger/android/processor/KspAndroidProcessor$Provider'
Event: 5320.199 Thread 0x000001f351756140 Unloading class 0x000001f3558d4000 'androidx/room/RoomKspProcessor$Provider'
Event: 5320.199 Thread 0x000001f351756140 Unloading class 0x000001f354da0c00 'java/lang/invoke/LambdaForm$DMH+0x000001f354da0c00'

Classes redefined (0 events):
No events

Internal exceptions (20 events):
Event: 5370.259 Thread 0x000001f3a6e82580 Exception <a 'sun/nio/fs/WindowsException'{0x000000073367e2c0}> (0x000000073367e2c0) 
thrown [s\open\src\hotspot\share\prims\jni.cpp, line 520]
Event: 5370.259 Thread 0x000001f3a6e82580 Exception <a 'sun/nio/fs/WindowsException'{0x000000073367f7f8}> (0x000000073367f7f8) 
thrown [s\open\src\hotspot\share\prims\jni.cpp, line 520]
Event: 5370.259 Thread 0x000001f3a6e82580 Exception <a 'sun/nio/fs/WindowsException'{0x0000000733680d30}> (0x0000000733680d30) 
thrown [s\open\src\hotspot\share\prims\jni.cpp, line 520]
Event: 5370.617 Thread 0x000001f3bf738640 Exception <a 'sun/nio/fs/WindowsException'{0x00000007325afdf0}> (0x00000007325afdf0) 
thrown [s\open\src\hotspot\share\prims\jni.cpp, line 520]
Event: 5371.932 Thread 0x000001f3bae9e370 Exception <a 'sun/nio/fs/WindowsException'{0x000000072bf6c350}> (0x000000072bf6c350) 
thrown [s\open\src\hotspot\share\prims\jni.cpp, line 520]
Event: 5371.932 Thread 0x000001f3bae9e370 Exception <a 'sun/nio/fs/WindowsException'{0x000000072bf6e1f0}> (0x000000072bf6e1f0) 
thrown [s\open\src\hotspot\share\prims\jni.cpp, line 520]
Event: 5371.932 Thread 0x000001f3bae9e370 Exception <a 'sun/nio/fs/WindowsException'{0x000000072bf6ff28}> (0x000000072bf6ff28) 
thrown [s\open\src\hotspot\share\prims\jni.cpp, line 520]
Event: 5371.935 Thread 0x000001f3bae9e370 Exception <a 'sun/nio/fs/WindowsException'{0x000000072bfa0358}> (0x000000072bfa0358) 
thrown [s\open\src\hotspot\share\prims\jni.cpp, line 520]
Event: 5371.936 Thread 0x000001f3bf678100 Exception <a 'sun/nio/fs/WindowsException'{0x000000072c59eb68}> (0x000000072c59eb68) 
thrown [s\open\src\hotspot\share\prims\jni.cpp, line 520]
Event: 5371.936 Thread 0x000001f3bf678100 Exception <a 'sun/nio/fs/WindowsException'{0x000000072c59ee28}> (0x000000072c59ee28) 
thrown [s\open\src\hotspot\share\prims\jni.cpp, line 520]
Event: 5371.936 Thread 0x000001f3bf678100 Exception <a 'sun/nio/fs/WindowsException'{0x000000072c59f048}> (0x000000072c59f048) 
thrown [s\open\src\hotspot\share\prims\jni.cpp, line 520]
Event: 5371.939 Thread 0x000001f3bae9c930 Exception <a 'sun/nio/fs/WindowsException'{0x0000000732ba6250}> (0x0000000732ba6250) 
thrown [s\open\src\hotspot\share\prims\jni.cpp, line 520]
Event: 5371.941 Thread 0x000001f3bae9cfc0 Exception <a 'sun/nio/fs/WindowsException'{0x000000072b94bf18}> (0x000000072b94bf18) 
thrown [s\open\src\hotspot\share\prims\jni.cpp, line 520]
Event: 5371.973 Thread 0x000001f3bae9bc10 Exception <a 'sun/nio/fs/WindowsException'{0x000000072b2d3578}> (0x000000072b2d3578) 
thrown [s\open\src\hotspot\share\prims\jni.cpp, line 520]
Event: 5371.973 Thread 0x000001f3bae9bc10 Exception <a 'sun/nio/fs/WindowsException'{0x000000072b2d6548}> (0x000000072b2d6548) 
thrown [s\open\src\hotspot\share\prims\jni.cpp, line 520]
Event: 5372.264 Thread 0x000001f3bf737fb0 Exception <a 'sun/nio/fs/WindowsException'{0x0000000732630978}> (0x0000000732630978) 
thrown [s\open\src\hotspot\share\prims\jni.cpp, line 520]
Event: 5372.265 Thread 0x000001f3bf678100 Exception <a 'sun/nio/fs/WindowsException'{0x000000072b4322a0}> (0x000000072b4322a0) 
thrown [s\open\src\hotspot\share\prims\jni.cpp, line 520]
Event: 5372.265 Thread 0x000001f3bf678100 Exception <a 'sun/nio/fs/WindowsException'{0x000000072b432560}> (0x000000072b432560) 
thrown [s\open\src\hotspot\share\prims\jni.cpp, line 520]
Event: 5372.265 Thread 0x000001f3bf678100 Exception <a 'sun/nio/fs/WindowsException'{0x000000072b432780}> (0x000000072b432780) 
thrown [s\open\src\hotspot\share\prims\jni.cpp, line 520]
Event: 5372.428 Thread 0x000001f3c17b3bf0 Exception <a 'sun/nio/fs/WindowsException'{0x00000007297ed238}> (0x00000007297ed238) 
thrown [s\open\src\hotspot\share\prims\jni.cpp, line 520]

ZGC Phase Switch (0 events):
No events

VM Operations (20 events):
Event: 5327.691 Executing VM operation: Cleanup
Event: 5327.691 Executing VM operation: Cleanup done
Event: 5344.697 Executing VM operation: Cleanup
Event: 5344.697 Executing VM operation: Cleanup done
Event: 5352.546 Executing VM operation: HandshakeAllThreads (HandshakeForDeflation)
Event: 5352.546 Executing VM operation: HandshakeAllThreads (HandshakeForDeflation) done
Event: 5352.546 Executing VM operation: RendezvousGCThreads
Event: 5352.546 Executing VM operation: RendezvousGCThreads done
Event: 5369.555 Executing VM operation: Cleanup
Event: 5369.555 Executing VM operation: Cleanup done
Event: 5370.555 Executing VM operation: Cleanup
Event: 5370.555 Executing VM operation: Cleanup done
Event: 5371.555 Executing VM operation: Cleanup
Event: 5371.883 Executing VM operation: Cleanup done
Event: 5373.885 Executing VM operation: Cleanup
Event: 5373.885 Executing VM operation: Cleanup done
Event: 5374.429 Executing VM operation: G1CollectForAllocation (G1 Evacuation Pause)
Event: 5374.466 Executing VM operation: G1CollectForAllocation (G1 Evacuation Pause) done
Event: 5376.466 Executing VM operation: Cleanup
Event: 5376.466 Executing VM operation: Cleanup done

Events (20 events):
Event: 5371.991 Thread 0x000001f39cad50b0 Thread added: 0x000001f39cad50b0
Event: 5371.992 Thread 0x000001f39cad6460 Thread added: 0x000001f39cad6460
Event: 5371.992 Thread 0x000001f39cad7810 Thread added: 0x000001f39cad7810
Event: 5371.992 Thread 0x000001f39cad7180 Thread added: 0x000001f39cad7180
Event: 5371.992 Thread 0x000001f39ca1eef0 Thread added: 0x000001f39ca1eef0
Event: 5371.992 Thread 0x000001f39ca20930 Thread added: 0x000001f39ca20930
Event: 5371.992 Thread 0x000001f39ca202a0 Thread added: 0x000001f39ca202a0
Event: 5372.044 Thread 0x000001f3a6e81ef0 Thread exited: 0x000001f3a6e81ef0
Event: 5372.055 Thread 0x000001f3a9b923c0 Thread added: 0x000001f3a9b923c0
Event: 5372.078 Thread 0x000001f39ca1f580 Thread added: 0x000001f39ca1f580
Event: 5372.261 Thread 0x000001f39ca1e1d0 Thread added: 0x000001f39ca1e1d0
Event: 5372.264 Thread 0x000001f3bf737920 Thread added: 0x000001f3bf737920
Event: 5372.561 Thread 0x000001f3bf0b3dd0 Thread added: 0x000001f3bf0b3dd0
Event: 5374.401 Thread 0x000001f3bf0b3dd0 Thread exited: 0x000001f3bf0b3dd0
Event: 5374.468 Thread 0x000001f3a5422d40 Thread exited: 0x000001f3a5422d40
Event: 5374.468 Thread 0x000001f3a90474b0 Thread exited: 0x000001f3a90474b0
Event: 5374.619 Thread 0x000001f39ede7a50 Thread added: 0x000001f39ede7a50
Event: 5374.619 Thread 0x000001f39ede6cb0 Thread added: 0x000001f39ede6cb0
Event: 5374.619 Thread 0x000001f39ede7380 Thread added: 0x000001f39ede7380
Event: 5374.619 Thread 0x000001f39ede5840 Thread added: 0x000001f39ede5840


Dynamic libraries:
0x00007ff614080000 - 0x00007ff614090000 	C:\Program Files\Java\jdk-21123\bin\java.exe
0x00007ffe35500000 - 0x00007ffe35767000 	C:\WINDOWS\SYSTEM32\ntdll.dll
0x00007ffe34e00000 - 0x00007ffe34ec9000 	C:\WINDOWS\System32\KERNEL32.DLL
0x00007ffe32a60000 - 0x00007ffe32e54000 	C:\WINDOWS\System32\KERNELBASE.dll
0x00007ffe32910000 - 0x00007ffe32a5b000 	C:\WINDOWS\System32\ucrtbase.dll
0x00007ffddd610000 - 0x00007ffddd629000 	C:\Program Files\Java\jdk-21123\bin\jli.dll
0x00007ffddcb70000 - 0x00007ffddcb8b000 	C:\Program Files\Java\jdk-21123\bin\VCRUNTIME140.dll
0x00007ffe352f0000 - 0x00007ffe353a6000 	C:\WINDOWS\System32\ADVAPI32.dll
0x00007ffe33440000 - 0x00007ffe334e9000 	C:\WINDOWS\System32\msvcrt.dll
0x00007ffe353b0000 - 0x00007ffe35457000 	C:\WINDOWS\System32\sechost.dll
0x00007ffe34fd0000 - 0x00007ffe350e8000 	C:\WINDOWS\System32\RPCRT4.dll
0x00007ffe34640000 - 0x00007ffe34805000 	C:\WINDOWS\System32\USER32.dll
0x00007ffe330f0000 - 0x00007ffe33117000 	C:\WINDOWS\System32\win32u.dll
0x00007ffe336d0000 - 0x00007ffe336fb000 	C:\WINDOWS\System32\GDI32.dll
0x00007ffe0c630000 - 0x00007ffe0c8c3000 	C:\WINDOWS\WinSxS\amd64_microsoft.windows.common-controls_6595b64144ccf1df_6.0.26100.8115_none_3e075c82e3354f9c\COMCTL32.dll
0x00007ffe32f10000 - 0x00007ffe3303b000 	C:\WINDOWS\System32\gdi32full.dll
0x00007ffe32e60000 - 0x00007ffe32f03000 	C:\WINDOWS\System32\msvcp_win.dll
0x00007ffe2a9a0000 - 0x00007ffe2a9ab000 	C:\WINDOWS\SYSTEM32\VERSION.dll
0x00007ffe34cb0000 - 0x00007ffe34ce2000 	C:\WINDOWS\System32\IMM32.DLL
0x00007ffdfb790000 - 0x00007ffdfb79c000 	C:\Program Files\Java\jdk-21123\bin\vcruntime140_1.dll
0x00007ffddcae0000 - 0x00007ffddcb6e000 	C:\Program Files\Java\jdk-21123\bin\msvcp140.dll
0x00007ffcb7610000 - 0x00007ffcb8327000 	C:\Program Files\Java\jdk-21123\bin\server\jvm.dll
0x00007ffe34cf0000 - 0x00007ffe34d70000 	C:\WINDOWS\System32\WS2_32.dll
0x00007ffe31c30000 - 0x00007ffe31c8e000 	C:\WINDOWS\SYSTEM32\POWRPROF.dll
0x00007ffe24280000 - 0x00007ffe242b6000 	C:\WINDOWS\SYSTEM32\WINMM.dll
0x00007ffe31c10000 - 0x00007ffe31c24000 	C:\WINDOWS\SYSTEM32\UMPDC.dll
0x00007ffe30b30000 - 0x00007ffe30b4b000 	C:\WINDOWS\SYSTEM32\kernel.appcore.dll
0x00007ffdf7c70000 - 0x00007ffdf7c7a000 	C:\Program Files\Java\jdk-21123\bin\jimage.dll
0x00007ffe2f9a0000 - 0x00007ffe2fbe2000 	C:\WINDOWS\SYSTEM32\DBGHELP.DLL
0x00007ffe34900000 - 0x00007ffe34c82000 	C:\WINDOWS\System32\combase.dll
0x00007ffe33290000 - 0x00007ffe33368000 	C:\WINDOWS\System32\OLEAUT32.dll
0x00007ffe007a0000 - 0x00007ffe007db000 	C:\WINDOWS\SYSTEM32\dbgcore.DLL
0x00007ffe33040000 - 0x00007ffe330e5000 	C:\WINDOWS\System32\bcryptPrimitives.dll
0x00007ffde4bf0000 - 0x00007ffde4bff000 	C:\Program Files\Java\jdk-21123\bin\instrument.dll
0x00007ffdbb870000 - 0x00007ffdbb88f000 	C:\Program Files\Java\jdk-21123\bin\java.dll
0x00007ffe338e0000 - 0x00007ffe34047000 	C:\WINDOWS\System32\SHELL32.dll
0x00007ffe33120000 - 0x00007ffe3328a000 	C:\WINDOWS\System32\wintypes.dll
0x00007ffe31dd0000 - 0x00007ffe32638000 	C:\WINDOWS\System32\windows.storage.dll
0x00007ffe34ed0000 - 0x00007ffe34fc8000 	C:\WINDOWS\System32\SHCORE.dll
0x00007ffe34890000 - 0x00007ffe348f6000 	C:\WINDOWS\System32\shlwapi.dll
0x00007ffe31cf0000 - 0x00007ffe31d19000 	C:\WINDOWS\SYSTEM32\profapi.dll
0x00007ffd80a80000 - 0x00007ffd80b57000 	C:\Program Files\Java\jdk-21123\bin\jsvml.dll
0x00007ffda00f0000 - 0x00007ffda0108000 	C:\Program Files\Java\jdk-21123\bin\zip.dll
0x00007ffdf6af0000 - 0x00007ffdf6b00000 	C:\Program Files\Java\jdk-21123\bin\net.dll
0x00007ffe2b560000 - 0x00007ffe2b68d000 	C:\WINDOWS\SYSTEM32\WINHTTP.dll
0x00007ffe310d0000 - 0x00007ffe3113c000 	C:\WINDOWS\system32\mswsock.dll
0x00007ffda0110000 - 0x00007ffda0126000 	C:\Program Files\Java\jdk-21123\bin\nio.dll
0x00007ffde8910000 - 0x00007ffde8920000 	C:\Program Files\Java\jdk-21123\bin\verify.dll
0x00007ffd9f3e0000 - 0x00007ffd9f407000 	C:\Users\xpfasd\.gradle\native\1def1411415f61bf3af743bc5b6707747c0891f09f0c88961ee8f79bc544acac\windows-amd64\native-platform.dll
0x00007ffd9e900000 - 0x00007ffd9e978000 	C:\Users\xpfasd\.gradle\native\0.2.7\x86_64-windows-gnu\gradle-fileevents.dll
0x00007ffde49e0000 - 0x00007ffde49ea000 	C:\Program Files\Java\jdk-21123\bin\management.dll
0x00007ffddd600000 - 0x00007ffddd60b000 	C:\Program Files\Java\jdk-21123\bin\management_ext.dll
0x00007ffe354b0000 - 0x00007ffe354b8000 	C:\WINDOWS\System32\PSAPI.DLL
0x00007ffe305b0000 - 0x00007ffe305e2000 	C:\WINDOWS\SYSTEM32\IPHLPAPI.DLL
0x00007ffe33370000 - 0x00007ffe3337a000 	C:\WINDOWS\System32\NSI.dll
0x00007ffdeb4d0000 - 0x00007ffdeb4d9000 	C:\Program Files\Java\jdk-21123\bin\extnet.dll
0x00007ffe313c0000 - 0x00007ffe313db000 	C:\WINDOWS\SYSTEM32\CRYPTSP.dll
0x00007ffe30a90000 - 0x00007ffe30ac9000 	C:\WINDOWS\system32\rsaenh.dll
0x00007ffe31180000 - 0x00007ffe311b3000 	C:\WINDOWS\SYSTEM32\USERENV.dll
0x00007ffe31cc0000 - 0x00007ffe31cea000 	C:\WINDOWS\SYSTEM32\bcrypt.dll
0x00007ffe313b0000 - 0x00007ffe313bc000 	C:\WINDOWS\SYSTEM32\CRYPTBASE.dll
0x00007ffddcfc0000 - 0x00007ffddcfce000 	C:\Program Files\Java\jdk-21123\bin\sunmscapi.dll
0x00007ffe32640000 - 0x00007ffe327b7000 	C:\WINDOWS\System32\CRYPT32.dll
0x00007ffe31550000 - 0x00007ffe31580000 	C:\WINDOWS\SYSTEM32\ncrypt.dll
0x00007ffe31500000 - 0x00007ffe3153f000 	C:\WINDOWS\SYSTEM32\NTASN1.dll
0x00007ffe2b2f0000 - 0x00007ffe2b2f8000 	C:\WINDOWS\system32\wshunix.dll
0x00007ffe279d0000 - 0x00007ffe279d7000 	C:\Program Files\Java\jdk-21123\bin\rmi.dll
0x00007ffddd450000 - 0x00007ffddd5df000 	C:\Program Files\Java\jdk-21123\bin\awt.dll
0x00007ffe2e830000 - 0x00007ffe2e8cf000 	C:\WINDOWS\SYSTEM32\apphelp.dll
0x00007ffe2e940000 - 0x00007ffe2e9e9000 	C:\WINDOWS\system32\uxtheme.dll
0x00007ffe34050000 - 0x00007ffe341ac000 	C:\WINDOWS\System32\MSCTF.dll
0x00007ffe334f0000 - 0x00007ffe33687000 	C:\WINDOWS\System32\ole32.dll
0x00007ffdf9100000 - 0x00007ffdf9141000 	C:\Users\xpfasd\AppData\Local\Temp\jna--752899260\jna2277777668178397707.dll
0x00007ffe30c60000 - 0x00007ffe30c96000 	C:\WINDOWS\SYSTEM32\ntmarta.dll
0x00007ffe30690000 - 0x00007ffe307c2000 	C:\WINDOWS\SYSTEM32\DNSAPI.dll
0x00007ffe2a990000 - 0x00007ffe2a99b000 	C:\Windows\System32\rasadhlp.dll
0x00007ffe2bfc0000 - 0x00007ffe2c046000 	C:\WINDOWS\System32\fwpuclnt.dll
0x00007ffdbb890000 - 0x00007ffdbb979000 	C:\Users\xpfasd\AppData\Local\Temp\sqlite-3.41.2.2-fe094c20-5628-4826-a85a-9fe080180f41-sqlitejdbc.dll

dbghelp: loaded successfully - version: 4.0.5 - missing functions: none
symbol engine: initialized successfully - sym options: 0x614 - pdb path: .;C:\Program Files\Java\jdk-21123\bin;C:\WINDOWS\SYSTEM32;C:\WINDOWS\WinSxS\amd64_microsoft.windows.common-controls_6595b64144ccf1df_6.0.26100.8115_none_3e075c82e3354f9c;C:\Program Files\Java\jdk-21123\bin\server;C:\Users\xpfasd\.gradle\native\1def1411415f61bf3af743bc5b6707747c0891f09f0c88961ee8f79bc544acac\windows-amd64;C:\Users\xpfasd\.gradle\native\0.2.7\x86_64-windows-gnu;C:\Users\xpfasd\AppData\Local\Temp;C:\Users\xpfasd\AppData\Local\Temp\jna--752899260

VM Arguments:
jvm_args: --add-opens=java.base/java.lang=ALL-UNNAMED --add-opens=java.base/java.lang.invoke=ALL-UNNAMED --add-opens=java.base/java.util=ALL-UNNAMED --add-opens=java.prefs/java.util.prefs=ALL-UNNAMED --add-exports=jdk.compiler/com.sun.tools.javac.api=ALL-UNNAMED --add-exports=jdk.compiler/com.sun.tools.javac.util=ALL-UNNAMED --add-opens=java.base/java.util=ALL-UNNAMED --add-opens=java.prefs/java.util.prefs=ALL-UNNAMED --add-opens=java.base/java.nio.charset=ALL-UNNAMED --add-opens=java.base/java.net=ALL-UNNAMED --add-opens=java.base/java.util.concurrent.atomic=ALL-UNNAMED --add-opens=java.xml/javax.xml.namespace=ALL-UNNAMED -Xmx4608m -Dfile.encoding=UTF-8 -Duser.country=CN -Duser.language=zh -Duser.variant -javaagent:C:\Users\xpfasd\.gradle\wrapper\dists\gradle-8.14.3-all\10utluxaxniiv4wxiphsi49nj\gradle-8.14.3\lib\agents\gradle-instrumentation-agent-8.14.3.jar 
java_command: org.gradle.launcher.daemon.bootstrap.GradleDaemon 8.14.3
java_class_path (initial): C:\Users\xpfasd\.gradle\wrapper\dists\gradle-8.14.3-all\10utluxaxniiv4wxiphsi49nj\gradle-8.14.3\lib\gradle-daemon-main-8.14.3.jar
Launcher Type: SUN_STANDARD

[Global flags]
     intx CICompilerCount                          = 12                                        {product} {ergonomic}
     uint ConcGCThreads                            = 3                                         {product} {ergonomic}
     uint G1ConcRefinementThreads                  = 13                                        {product} {ergonomic}
   size_t G1HeapRegionSize                         = 4194304                                   {product} {ergonomic}
    uintx GCDrainStackTargetSize                   = 64                                        {product} {ergonomic}
   size_t InitialHeapSize                          = 465567744                                 {product} {ergonomic}
   size_t MarkStackSize                            = 4194304                                   {product} {ergonomic}
   size_t MaxHeapSize                              = 4831838208                                {product} {command line}
   size_t MaxNewSize                               = 2898264064                                {product} {ergonomic}
   size_t MinHeapDeltaBytes                        = 4194304                                   {product} {ergonomic}
   size_t MinHeapSize                              = 8388608                                   {product} {ergonomic}
    uintx NonNMethodCodeHeapSize                   = 7602480                                {pd product} {ergonomic}
    uintx NonProfiledCodeHeapSize                  = 122027880                              {pd product} {ergonomic}
    uintx ProfiledCodeHeapSize                     = 122027880                              {pd product} {ergonomic}
    uintx ReservedCodeCacheSize                    = 251658240                              {pd product} {ergonomic}
     bool SegmentedCodeCache                       = true                                      {product} {ergonomic}
   size_t SoftMaxHeapSize                          = 4831838208                             {manageable} {ergonomic}
     bool UseCompressedOops                        = true                           {product lp64_product} {ergonomic}
     bool UseG1GC                                  = true                                      {product} {ergonomic}
     bool UseLargePagesIndividualAllocation        = false                                  {pd product} {ergonomic}

Logging:
Log output configuration:
 #0: stdout all=warning uptime,level,tags foldmultilines=false
 #1: stderr all=off uptime,level,tags foldmultilines=false

Environment Variables:
JAVA_HOME=C:/Program Files/Java/jdk-21123
CLASSPATH=D:\code\cc_v2\cc_v2\super-video-downloader-master\super-video-downloader-master\\gradle\wrapper\gradle-wrapper.jar
PATH=C:\Users\xpfasd\.codex\tmp\arg0\codex-arg0K9myY4;c:\Users\xpfasd\AppData\Local\Programs\cursor\resources\app\bin;D:\Program Files (x86)\VMware\VMware Workstation\bin\;C:\Program Files\Common Files\Oracle\Java\javapath;C:\Program Files (x86)\Common Files\Oracle\Java\javapath;C:\Aibote;C:\Windows\system32;C:\Windows;C:\Windows\System32\Wbem;C:\Windows\System32\WindowsPowerShell\v1.0\;C:\Windows\System32\OpenSSH\;C:\Program Files (x86)\NVIDIA Corporation\PhysX\Common;C:\Program Files\NVIDIA Corporation\NVIDIA NvDLISR;D:\Program Files\Git\cmd;C:\Program Files\dotnet\;C:\Program Files\Java\jdk1.8.0_40\bin\bin;C:\Program Files\Java\jdk1.8.0_40\bin\jre\bin;D:\Program Files\ffmpeg\bin;D:\Users\xpfasd\anaconda3;D:\Users\xpfasd\anaconda3\condabin;D:\Program Files\PuTTY\;C:\Program Files (x86)\OpenSSL-1.1.1h_win32;D:\android\sdk\platform-tools;C:\chrome-win64;D:\Program Files\VideoLAN\VLC;D:\Program Files (x86;C:\Program Files\Docker\Docker\resources\bin;C:\WINDOWS\system32;C:\WINDOWS;C:\WINDOWS\System32\Wbem;C:\WINDOWS\System32\WindowsPowerShell\v1.0\;C:\WINDOWS\System32\OpenSSH\;D:\Program Files\Huawei\DevEco Studio\tools\ohpm\bin;D:\Program Files\Huawei\DevEco Studio\tools\hvigor\bin;D:\Program Files\Huawei\DevEco Studio\tools\node;C:\Program Files\Huawei\DevEco Studio\bin;C:\Program Files\Huawei\DevEco Studio\sdk\default\hms\toolchains;C:\Program Files\Huawei\DevEco Studio\tools\hvigor\bin;C:\Program Files\Huawei\DevEco Studio\tools\ohpm\bin;C:\Program Files\Huawei\DevEco Studio\tools\node;C:\Program Files\Huawei\DevEco Studio\tools\node\node_modules\npm\bin;D:\Program Files\Huawei\DevEco Studio\sdk;D:\huawei\fluttersdk\flutter_flutter\bin;C:\Program Files\Go\bin;D:\Program Files\cursor\resources\app\bin;D:\Program Files\nodejs\;C:\Users\xpfasd\AppData\Local\Programs\Python\Python310\Scripts\;C:\Users\xpfasd\AppData\Local\Programs\Python\Python310\;C:\Users\xpfasd\AppData\Local\Programs\Python\Python312\Scripts\;C:\Users\xpfasd\AppData\Local\Programs\Python\Python312\;C:\Users\xpfasd\AppData\Local\Microsoft\WindowsApps;D:\Users\xpfasd\AppData\Local\Programs\Microsoft VS Code\bin;D:\Users\xpfasd\AppData\Local\Programs\Fiddler;D:\AI-Vtuber\AI-Vtuber-20240207\ffmpeg-2023-06-11\bin;D:\Program Files\Aibote\Aibote;C:\Users\xpfasd\AppData\Local\Programs\Ollama;C:\Users\xpfasd\AppData\Local\GitHubDesktop\bin;C:\Users\xpfasd\AppData\Local\Microsoft\WindowsApps;%DevEco Studio%;C:\Users\xpfasd\go\bin;D:\Program Files\Huawei\DevEco Studio\sdk\default\openharmony\toolchains;D:\Users\xpfasd\AppData\Local\Programs\Windsurf\bin;D:\Users\xpfasd\AppData\Local\Programs\Antigravity\bin;C:\Users\xpfasd\AppData\Roaming\npm;C:\Users\xpfasd\AppData\Local\Programs\Kiro\bin;C:\Users\xpfasd\AppData\Local\Microsoft\WinGet\Packages\Anthropic.ClaudeCode_Microsoft.Winget.Source_8wekyb3d8bbwe;C:\Users\xpfasd\AppData\Local\OpenAI\Codex\bin;C:\Program Files\WindowsApps\OpenAI.Codex_26.409.1734.0_x64__2p2nqsd0c76g0\app\resources
USERNAME=xpfasd
SHELL=C:\Windows\System32\WindowsPowerShell\v1.0\powershell.exe
OS=Windows_NT
PROCESSOR_IDENTIFIER=AMD64 Family 25 Model 116 Stepping 1, AuthenticAMD
TMP=C:\Users\xpfasd\AppData\Local\Temp
TEMP=C:\Users\xpfasd\AppData\Local\Temp




Periodic native trim disabled

---------------  S Y S T E M  ---------------

OS:
 Windows 11 , 64 bit Build 26100 (10.0.26100.8246)
OS uptime: 3 days 21:46 hours
Hyper-V role detected

CPU: total 16 (initial active 16) (16 cores per cpu, 2 threads per core) family 25 model 116 stepping 1 microcode 0xa704104, cx8, cmov, fxsr, ht, mmx, 3dnowpref, sse, sse2, sse3, ssse3, sse4a, sse4.1, sse4.2, popcnt, lzcnt, tsc, tscinvbit, avx, avx2, aes, erms, clmul, bmi1, bmi2, adx, avx512f, avx512dq, avx512cd, avx512bw, avx512vl, sha, fma, vzeroupper, avx512_vpopcntdq, avx512_vpclmulqdq, avx512_vaes, avx512_vnni, clflush, clflushopt, avx512_vbmi2, avx512_vbmi, hv, rdtscp, rdpid, fsrm, gfni, avx512_bitalg, f16c, cet_ss, avx512_ifma
Processor Information for all 16 processors :
  Max Mhz: 3801, Current Mhz: 3801, Mhz Limit: 3801

Memory: 4k page, system-wide physical 28356M (1408M free)
TotalPageFile size 53956M (AvailPageFile size 0M)
current process WorkingSet (physical memory assigned to process): 2138M, peak: 2351M
current process commit charge ("private bytes"): 2482M, peak: 2561M

vm_info: Java HotSpot(TM) 64-Bit Server VM (21.0.2+13-LTS-58) for windows-amd64 JRE (21.0.2+13-LTS-58), built on 2024-01-05T18:32:24Z by "mach5one" with MS VC++ 17.1 (VS2022)

END.
